{"crs":{"properties":{"name":"urn:ogc:def:crs:OGC:1.3:CRS84"},"type":"name"},"features":[{"geometry":{"coordinates":[[[96.26836,4.768],[96.26028,4.71347],[96.28057,4.69362],[96.36935,4.69165],[96.40874,4.66924],[96.44438,4.62673],[96.48612,4.63049],[96.49329,4.5611],[96.46307,4.54545],[96.4406,4.51124],[96.47902,4.45722],[96.44149,4.42582],[96.37196,4.41735],[96.37165,4.39278],[96.32913,4.36714],[96.29599,4.36831],[96.28608,4.26964],[96.26649,4.22724],[96.27885,4.15512],[96.24657,4.12608],[96.19193,4.10722],[96.14756,4.14099],[96.12651,4.12445],[96.05537,4.20522],[96.02375,4.19479],[95.87688,4.3675],[95.91115,4.40653],[95.96079,4.51229],[96.04703,4.56674],[96.05058,4.59263],[96.02905,4.61428],[96.03344,4.64138],[96.09149,4.69646],[96.11691,4.73967],[96.1171,4.76742],[96.14311,4.75452],[96.17961,4.76755],[96.21915,4.76337],[96.27456,4.79694],[96.28075,4.77897],[96.26836,4.768]]],"type":"Polygon"},"properties":{"ADM1_EN":"Aceh","ADM2_EN":"Aceh Barat","latitude":4.45664293,"longitude":96.18545308},"type":"Feature"},{"geometry":{"coordinates":[[[[96.72543,4.09665],[96.74708,4.09429],[96.7885,4.05511],[96.80471,3.99015],[96.83599,3.95939],[96.98041,3.94237],[97.01732,3.95947],[97.06352,3.9594],[97.11581,3.93106],[97.10559,3.84477],[97.15358,3.74559],[97.13217,3.69043],[97.03259,3.60464],[96.97021,3.62297],[96.94049,3.57474],[96.90194,3.60102],[96.87224,3.68627],[96.80791,3.72514],[96.72444,3.74711],[96.61675,3.73626],[96.60548,3.77693],[96.61685,3.7949],[96.58093,3.84544],[96.59398,3.89057],[96.62917,3.95848],[96.69702,3.98849],[96.7193,4.01248],[96.72998,4.04146],[96.72543,4.09665]]],[[[96.80675,3.72089],[96.80286,3.71896],[96.80359,3.72126],[96.80675,3.72089]]]],"type":"MultiPolygon"},"properties":{"ADM1_EN":"Aceh","ADM2_EN":"Aceh Barat Daya","latitude":3.82489923,"longitude":96.87832041},"type":"Feature"},{"geometry":{"coordinates":[[[[95.4356,5.6565],[95.46215,5.64658],[95.51262,5.595],[95.53034,5.59923],[95.53069,5.61413],[95.6108,5.62766],[95.68796,5.58368],[95.74571,5.56893],[95.72787,5.54808],[95.72454,5.52494],[95.73735,5.51332],[95.72499,5.49718],[95.79133,5.4533],[95.75365,5.41983],[95.76562,5.40212],[95.74832,5.31803],[95.76726,5.31022],[95.76389,5.29047],[95.79121,5.28051],[95.77505,5.25201],[95.84035,5.1424],[95.82111,5.08526],[95.75439,5.07065],[95.73358,5.05351],[95.64683,5.0682],[95.62953,5.09879],[95.64415,5.14096],[95.61643,5.18826],[95.58187,5.20923],[95.49968,5.22025],[95.47528,5.20992],[95.43612,5.22392],[95.4019,5.21035],[95.36524,5.25421],[95.3255,5.23124],[95.33277,5.18106],[95.30727,5.16633],[95.28604,5.19504],[95.24248,5.22165],[95.25264,5.24024],[95.23268,5.25819],[95.24669,5.27244],[95.23133,5.28492],[95.21968,5.27087],[95.21179,5.27568],[95.21848,5.32413],[95.23191,5.3144],[95.23894,5.32459],[95.22149,5.34383],[95.22773,5.35898],[95.24138,5.33905],[95.25161,5.37131],[95.24763,5.41414],[95.22978,5.43279],[95.24376,5.45877],[95.22871,5.49613],[95.19384,5.52732],[95.2251,5.57577],[95.23962,5.57007],[95.24357,5.54592],[95.28414,5.55268],[95.28024,5.53602],[95.30971,5.51585],[95.35406,5.533],[95.35756,5.57113],[95.37726,5.56787],[95.36876,5.58908],[95.35575,5.58499],[95.35748,5.6031],[95.4356,5.6565]]],[[[95.21691,5.57842],[95.22098,5.57836],[95.22085,5.57692],[95.21691,5.57842]]],[[[95.216,5.58038],[95.21578,5.58016],[95.21551,5.58038],[95.216,5.58038]]],[[[95.21567,5.57904],[95.21524,5.57893],[95.215,5.57925],[95.21567,5.57904]]],[[[95.19312,5.58037],[95.21475,5.57956],[95.18295,5.57449],[95.19312,5.58037]]],[[[95.20189,5.27596],[95.20757,5.2783],[95.20592,5.27408],[95.20189,5.27596]]],[[[95.20603,5.30934],[95.20682,5.30767],[95.2055,5.31029],[95.20603,5.30934]]],[[[95.20341,5.31304],[95.20371,5.31277],[95.20338,5.31271],[95.20341,5.31304]]],[[[95.13691,5.65606],[95.16587,5.65166],[95.15849,5.64795],[95.15756,5.64617],[95.15727,5.64425],[95.1583,5.64082],[95.19427,5.60502],[95.16711,5.60646],[95.14895,5.59154],[95.14407,5.60624],[95.12949,5.59391],[95.11882,5.60176],[95.11903,5.61532],[95.145,5.63476],[95.13691,5.65606]]],[[[95.18015,5.57426],[95.18124,5.57369],[95.17898,5.5736],[95.18015,5.57426]]],[[[95.16942,5.64196],[95.16828,5.64254],[95.16942,5.64287],[95.16942,5.64196]]],[[[95.16787,5.56201],[95.1677,5.55035],[95.15302,5.55314],[95.16787,5.56201]]],[[[95.16763,5.56337],[95.16735,5.56307],[95.16704,5.5633],[95.16763,5.56337]]],[[[95.1587,5.65805],[95.15808,5.65788],[95.15852,5.65833],[95.1587,5.65805]]],[[[95.15765,5.64568],[95.15792,5.64562],[95.1578,5.64512],[95.15765,5.64568]]],[[[95.15782,5.6446],[95.1576,5.64419],[95.15767,5.64469],[95.15782,5.6446]]],[[[95.1509,5.55211],[95.14992,5.55198],[95.1509,5.55231],[95.1509,5.55211]]],[[[95.14662,5.59259],[95.14662,5.59247],[95.14652,5.59255],[95.14662,5.59259]]],[[[95.02679,5.74973],[95.07178,5.74444],[95.06346,5.73859],[95.07283,5.72284],[95.09038,5.72453],[95.11165,5.70451],[95.10641,5.69597],[95.13271,5.686],[95.14051,5.66393],[95.07592,5.66929],[95.07777,5.65686],[95.05522,5.64823],[95.07012,5.66639],[95.04382,5.67118],[95.05952,5.68434],[95.04049,5.69338],[95.03875,5.70725],[95.05969,5.72021],[95.04564,5.73725],[95.01115,5.724],[95.02679,5.74973]]],[[[95.127,5.59213],[95.12653,5.59217],[95.12697,5.59232],[95.127,5.59213]]],[[[95.0813,5.66639],[95.081,5.66624],[95.08095,5.66634],[95.0813,5.66639]]],[[[95.07873,5.64436],[95.08052,5.63333],[95.05133,5.6228],[95.05957,5.63921],[95.07873,5.64436]]],[[[95.06294,5.61105],[95.06056,5.61063],[95.06116,5.61213],[95.06294,5.61105]]],[[[95.06229,5.61392],[95.0613,5.61371],[95.06184,5.61473],[95.06229,5.61392]]],[[[95.06081,5.61019],[95.06057,5.61006],[95.06052,5.6104],[95.06081,5.61019]]],[[[95.0601,5.61038],[95.05897,5.60893],[95.05932,5.61104],[95.0601,5.61038]]],[[[95.05861,5.60863],[95.05819,5.60896],[95.05875,5.60898],[95.05861,5.60863]]],[[[95.05847,5.60788],[95.05776,5.60792],[95.05853,5.60828],[95.05847,5.60788]]],[[[95.05148,5.62514],[95.05109,5.6251],[95.05148,5.62524],[95.05148,5.62514]]],[[[95.05111,5.62376],[95.05056,5.62375],[95.05115,5.62391],[95.05111,5.62376]]],[[[95.03888,5.67249],[95.03795,5.66999],[95.03452,5.67108],[95.03888,5.67249]]],[[[95.03632,5.76429],[95.03525,5.76404],[95.03505,5.76452],[95.03632,5.76429]]],[[[95.03364,5.67181],[95.03348,5.67165],[95.03351,5.67179],[95.03364,5.67181]]],[[[95.01784,5.71599],[95.01603,5.71529],[95.01784,5.71733],[95.01784,5.71599]]],[[[95.01516,5.71349],[95.01457,5.71409],[95.01576,5.71518],[95.01516,5.71349]]],[[[95.0139,5.75612],[95.01344,5.75609],[95.01392,5.7562],[95.0139,5.75612]]],[[[95.01377,5.75542],[95.01329,5.7555],[95.01392,5.75566],[95.01377,5.75542]]],[[[95.01161,5.75596],[95.01208,5.75469],[95.0108,5.75481],[95.01161,5.75596]]]],"type":"MultiPolygon"},"properties":{"ADM1_EN":"Aceh","ADM2_EN":"Aceh Besar","latitude":5.37993829,"longitude":95.51560781},"type":"Feature"},{"geometry":{"coordinates":[[[[95.36971,5.25367],[95.4019,5.21035],[95.43523,5.22392],[95.47528,5.20992],[95.49968,5.22025],[95.58187,5.20923],[95.61606,5.18864],[95.64415,5.14096],[95.62968,5.11008],[95.63952,5.07359],[95.70539,5.05259],[95.7624,5.05571],[95.78394,5.00899],[95.87906,4.91494],[95.90182,4.8664],[95.95576,4.83127],[95.99116,4.7866],[96.04283,4.65712],[96.02905,4.61428],[96.05169,4.58341],[96.04654,4.56633],[95.96079,4.51229],[95.91115,4.40653],[95.87684,4.36743],[95.76286,4.49242],[95.67411,4.56892],[95.60333,4.62782],[95.56765,4.63045],[95.58702,4.6504],[95.58293,4.66071],[95.56197,4.66945],[95.53966,4.65605],[95.54207,4.67158],[95.50429,4.71094],[95.51322,4.71902],[95.49771,4.74347],[95.45193,4.78365],[95.4469,4.80676],[95.41316,4.82055],[95.42633,4.83625],[95.39502,4.87476],[95.40239,4.89417],[95.36884,4.94904],[95.38122,4.97069],[95.35565,5.00396],[95.3666,5.03224],[95.30599,5.0812],[95.32065,5.0908],[95.30357,5.11511],[95.28141,5.11475],[95.31074,5.12914],[95.30142,5.13899],[95.30631,5.16725],[95.33277,5.18106],[95.3255,5.23124],[95.36971,5.25367]]],[[[95.58558,4.61547],[95.58182,4.61508],[95.58323,4.61907],[95.58558,4.61547]]],[[[95.5767,4.622],[95.57253,4.61981],[95.57323,4.62329],[95.5767,4.622]]],[[[95.5738,4.65597],[95.56728,4.65566],[95.56963,4.65775],[95.5738,4.65597]]],[[[95.56716,4.64602],[95.56348,4.64452],[95.56433,4.64913],[95.56716,4.64602]]],[[[95.56057,4.64772],[95.55547,4.64908],[95.55891,4.65276],[95.56057,4.64772]]],[[[95.50664,4.6911],[95.51173,4.68665],[95.50524,4.68805],[95.50664,4.6911]]],[[[95.48392,4.72601],[95.4891,4.72245],[95.48106,4.72208],[95.48392,4.72601]]],[[[95.45088,4.77711],[95.4527,4.77016],[95.44146,4.77509],[95.45088,4.77711]]],[[[95.36586,4.8732],[95.39003,4.87539],[95.38321,4.85823],[95.36586,4.8732]]],[[[95.29349,5.12828],[95.28795,5.12665],[95.28796,5.12934],[95.29349,5.12828]]]],"type":"MultiPolygon"},"properties":{"ADM1_EN":"Aceh","ADM2_EN":"Aceh Jaya","latitude":4.83218352,"longitude":95.67870646},"type":"Feature"},{"geometry":{"coordinates":[[[[97.20312,3.69694],[97.27985,3.64826],[97.29533,3.59924],[97.37203,3.64112],[97.40429,3.6188],[97.43165,3.63847],[97.45804,3.62659],[97.48387,3.5517],[97.45209,3.53998],[97.39807,3.45282],[97.4735,3.33159],[97.46701,3.27324],[97.47783,3.21726],[97.51983,3.16756],[97.61541,3.09274],[97.64291,3.02942],[97.63363,3.00774],[97.64054,2.9543],[97.75094,2.92653],[97.77669,2.96553],[97.79926,2.97487],[97.8064,2.96044],[97.815,2.98221],[97.89963,2.96577],[97.9063,2.95515],[97.90487,2.91169],[97.85819,2.88172],[97.85668,2.84209],[97.76642,2.78716],[97.82511,2.6358],[97.79094,2.4998],[97.73498,2.42571],[97.70798,2.40821],[97.66111,2.40193],[97.64791,2.6783],[97.61499,2.82928],[97.59225,2.8789],[97.57584,2.88824],[97.53447,2.88298],[97.48666,2.92024],[97.42513,2.93429],[97.39296,2.96308],[97.31899,3.05481],[97.31782,3.07794],[97.31427,3.08264],[97.3086,3.08241],[97.29927,3.10786],[97.30904,3.09565],[97.32028,3.09899],[97.302,3.11713],[97.29752,3.11434],[97.25757,3.22063],[97.24401,3.23639],[97.22356,3.23216],[97.19122,3.26199],[97.1719,3.2551],[96.99974,3.54527],[96.94027,3.56957],[96.97021,3.62297],[97.03455,3.60593],[97.13217,3.69043],[97.15358,3.74559],[97.20312,3.69694]]],[[[97.59461,2.80896],[97.59269,2.80799],[97.59328,2.80955],[97.59461,2.80896]]],[[[97.51979,2.88393],[97.51722,2.88206],[97.51847,2.8844],[97.51979,2.88393]]],[[[97.51608,2.88925],[97.51359,2.88801],[97.51429,2.88941],[97.51608,2.88925]]],[[[97.31674,3.06085],[97.31394,3.06007],[97.30984,3.07161],[97.31674,3.06085]]],[[[97.31294,3.08179],[97.31057,3.07583],[97.30915,3.08026],[97.31294,3.08179]]],[[[97.30195,3.11149],[97.30183,3.10918],[97.30047,3.11074],[97.30195,3.11149]]],[[[96.9967,3.54113],[96.99389,3.53897],[96.99381,3.54133],[96.9967,3.54113]]]],"type":"MultiPolygon"},"properties":{"ADM1_EN":"Aceh","ADM2_EN":"Aceh Selatan","latitude":3.16286412,"longitude":97.43535111},"type":"Feature"},{"geometry":{"coordinates":[[[[97.98829,2.60975],[98.03328,2.55955],[98.05377,2.56082],[98.05547,2.58552],[98.07923,2.5831],[98.08567,2.50352],[98.1474,2.42365],[98.19707,2.3117],[98.17247,2.25061],[98.1788,2.23991],[98.13084,2.16381],[98.08458,2.20076],[97.94894,2.26989],[97.91357,2.27034],[97.88256,2.24165],[97.86849,2.24821],[97.88842,2.25583],[97.89462,2.27663],[97.86497,2.26746],[97.8637,2.24663],[97.80298,2.26789],[97.7828,2.23071],[97.72037,2.32854],[97.72241,2.33012],[97.71754,2.33946],[97.74075,2.31444],[97.71547,2.35593],[97.70979,2.35157],[97.71964,2.33016],[97.66525,2.3948],[97.73215,2.42265],[97.79174,2.50735],[97.84115,2.50248],[97.85186,2.52964],[97.84288,2.55697],[97.85387,2.5644],[97.88273,2.54813],[97.89839,2.56526],[97.95401,2.57688],[97.98829,2.60975]]],[[[98.14943,2.13568],[98.14763,2.1351],[98.1481,2.13633],[98.14943,2.13568]]],[[[98.14572,2.14573],[98.14391,2.14515],[98.14438,2.14638],[98.14572,2.14573]]],[[[98.13857,2.15266],[98.13676,2.15208],[98.13723,2.15331],[98.13857,2.15266]]],[[[98.13421,2.15644],[98.1324,2.15586],[98.13287,2.15708],[98.13421,2.15644]]],[[[98.04206,2.19171],[98.04538,2.19156],[98.04497,2.19056],[98.04206,2.19171]]],[[[98.01675,2.21456],[98.01494,2.21398],[98.01541,2.21521],[98.01675,2.21456]]],[[[98.00388,2.21977],[98.00297,2.21886],[98.00287,2.21983],[98.00388,2.21977]]],[[[97.71545,2.34257],[97.71575,2.34169],[97.7151,2.34259],[97.71545,2.34257]]],[[[97.71433,2.34412],[97.71487,2.34295],[97.71391,2.34418],[97.71433,2.34412]]],[[[97.56555,2.38009],[97.56403,2.37902],[97.56412,2.3801],[97.56555,2.38009]]],[[[97.53206,2.33423],[97.53115,2.33321],[97.53141,2.33464],[97.53206,2.33423]]],[[[97.46466,2.17689],[97.46096,2.18333],[97.46207,2.18579],[97.46466,2.17689]]],[[[97.42827,2.18022],[97.43818,2.17921],[97.44119,2.15786],[97.42827,2.18022]]],[[[97.43634,2.24402],[97.43564,2.24205],[97.43292,2.24311],[97.43634,2.24402]]],[[[97.42462,2.24869],[97.42876,2.23897],[97.42392,2.23949],[97.42462,2.24869]]],[[[97.426,2.2928],[97.42308,2.28548],[97.42013,2.3021],[97.426,2.2928]]],[[[97.38118,2.36257],[97.40962,2.3423],[97.41998,2.30299],[97.39494,2.34087],[97.38146,2.33699],[97.38118,2.36257]]],[[[97.4184,2.26301],[97.40838,2.2775],[97.4075,2.28619],[97.41208,2.27381],[97.4184,2.26301]]],[[[97.40242,2.3096],[97.41261,2.29918],[97.41065,2.29459],[97.40242,2.3096]]],[[[97.40641,2.29096],[97.40088,2.29187],[97.40103,2.29712],[97.40641,2.29096]]],[[[97.39053,2.04395],[97.38663,2.03769],[97.38442,2.04396],[97.39053,2.04395]]],[[[97.16135,2.2234],[97.18008,2.23274],[97.17868,2.21635],[97.18737,2.22843],[97.19311,2.20658],[97.20834,2.20427],[97.22679,2.20876],[97.23608,2.23487],[97.30024,2.22753],[97.30565,2.20637],[97.2919,2.20078],[97.31557,2.17029],[97.33067,2.17169],[97.32281,2.16267],[97.33324,2.15244],[97.33885,2.16433],[97.33607,2.11601],[97.35877,2.09762],[97.3576,2.08265],[97.34735,2.08821],[97.34355,2.08806],[97.34213,2.0861],[97.34652,2.04421],[97.34015,2.03432],[97.32796,2.03977],[97.34109,2.05584],[97.30659,2.06284],[97.28695,2.09671],[97.26531,2.10702],[97.26144,2.13484],[97.23149,2.14972],[97.23423,2.16753],[97.21876,2.15749],[97.20886,2.18206],[97.17435,2.178],[97.11323,2.21495],[97.1246,2.22708],[97.16135,2.2234]]],[[[97.34881,2.07453],[97.35661,2.06784],[97.35301,2.06491],[97.34881,2.07453]]],[[[97.35175,2.13486],[97.35042,2.12916],[97.34957,2.13487],[97.35175,2.13486]]],[[[97.34172,2.11764],[97.34611,2.11592],[97.34102,2.11611],[97.34172,2.11764]]],[[[97.32787,2.26908],[97.32841,2.26233],[97.32637,2.26988],[97.32787,2.26908]]],[[[97.32336,2.18343],[97.32245,2.18248],[97.32224,2.18308],[97.32336,2.18343]]],[[[97.32126,2.18428],[97.32214,2.18358],[97.32109,2.18393],[97.32126,2.18428]]],[[[97.3186,2.18778],[97.32067,2.18631],[97.31728,2.18542],[97.3186,2.18778]]],[[[97.3125,2.244],[97.31638,2.23907],[97.30991,2.2429],[97.3125,2.244]]],[[[97.31481,2.293],[97.30646,2.30065],[97.31155,2.31167],[97.31588,2.30792],[97.31481,2.293]]],[[[97.30033,2.2574],[97.29824,2.25517],[97.29699,2.25947],[97.30033,2.2574]]],[[[97.29318,2.26424],[97.28991,2.26261],[97.28998,2.26665],[97.29318,2.26424]]],[[[97.28017,2.28042],[97.26459,2.28017],[97.26001,2.28615],[97.28017,2.28042]]],[[[97.27682,2.24562],[97.27514,2.24424],[97.27446,2.24578],[97.27682,2.24562]]],[[[97.25921,2.25255],[97.25731,2.25168],[97.2576,2.25315],[97.25921,2.25255]]],[[[97.25742,2.28767],[97.2514,2.28379],[97.24683,2.29454],[97.25742,2.28767]]],[[[97.24977,2.2595],[97.24413,2.25488],[97.24439,2.26834],[97.24977,2.2595]]],[[[97.24877,2.30663],[97.24282,2.30173],[97.24283,2.3068],[97.24877,2.30663]]],[[[97.24026,2.23737],[97.24636,2.23754],[97.24747,2.2367],[97.24026,2.23737]]],[[[97.2329,2.28083],[97.22992,2.27869],[97.23161,2.28121],[97.2329,2.28083]]],[[[97.22873,2.32009],[97.21867,2.32154],[97.22733,2.32746],[97.22873,2.32009]]],[[[97.21768,2.24362],[97.22359,2.22487],[97.21402,2.24219],[97.21768,2.24362]]],[[[97.21322,2.2122],[97.21218,2.21092],[97.21175,2.21251],[97.21322,2.2122]]],[[[97.20812,2.24322],[97.21161,2.24469],[97.21217,2.24399],[97.20812,2.24322]]],[[[97.20874,2.21475],[97.21133,2.21694],[97.21213,2.2138],[97.20874,2.21475]]],[[[97.21106,2.25063],[97.20343,2.26249],[97.20402,2.26748],[97.21052,2.25905],[97.21106,2.25063]]],[[[97.186,2.2578],[97.18529,2.25705],[97.18505,2.25801],[97.186,2.2578]]],[[[97.11301,2.11369],[97.16271,2.07116],[97.12053,2.04035],[97.12828,2.01038],[97.11451,2.00408],[97.07721,2.07878],[97.09751,2.08915],[97.09791,2.11254],[97.11301,2.11369]]]],"type":"MultiPolygon"},"properties":{"ADM1_EN":"Aceh","ADM2_EN":"Aceh Singkil","latitude":2.34993287,"longitude":97.84708863},"type":"Feature"},{"geometry":{"coordinates":[[[[98.28525,4.40165],[98.28685,4.39292],[98.28659,4.38785],[98.28204,4.39056],[98.28525,4.40165]]],[[[98.0872,4.52254],[98.16449,4.5056],[98.18862,4.47935],[98.23262,4.46349],[98.23778,4.44105],[98.25223,4.44465],[98.28657,4.41979],[98.27314,4.39221],[98.27977,4.32998],[98.23837,4.28335],[98.19132,4.30149],[98.15409,4.28726],[98.14339,4.25977],[98.07986,4.25946],[98.07039,4.25013],[98.0928,4.20707],[98.06053,4.18714],[98.0719,4.14268],[98.04712,4.11985],[98.03381,4.05719],[98.04626,4.02436],[98.02598,4.01617],[98.03013,3.98193],[97.99526,3.94509],[97.95758,3.9289],[97.95198,3.8897],[97.91309,3.88507],[97.89989,3.93582],[97.86111,3.92251],[97.78963,4.02331],[97.79494,4.05621],[97.77848,4.10698],[97.72955,4.14538],[97.72059,4.16921],[97.71876,4.25631],[97.76305,4.32009],[97.76324,4.33887],[97.78336,4.35046],[97.92257,4.35109],[97.94649,4.38752],[98.00038,4.39922],[98.01921,4.41637],[98.02568,4.40826],[98.04857,4.46747],[98.03686,4.47958],[98.06161,4.4784],[98.06217,4.5099],[98.08301,4.50657],[98.08893,4.5103],[98.08965,4.51121],[98.0872,4.52254]]],[[[98.28625,4.33312],[98.28615,4.32565],[98.28447,4.32601],[98.28625,4.33312]]],[[[98.27675,4.32443],[98.27606,4.32446],[98.27675,4.32476],[98.27675,4.32443]]],[[[98.27667,4.39103],[98.27433,4.39166],[98.2762,4.39319],[98.27667,4.39103]]],[[[98.27664,4.32385],[98.2757,4.32367],[98.27653,4.32412],[98.27664,4.32385]]],[[[98.2409,4.45061],[98.24156,4.45023],[98.24089,4.45041],[98.2409,4.45061]]],[[[98.08405,4.50728],[98.0832,4.50709],[98.084,4.50749],[98.08405,4.50728]]]],"type":"MultiPolygon"},"properties":{"ADM1_EN":"Aceh","ADM2_EN":"Aceh Tamiang","latitude":4.22772645,"longitude":97.97688137},"type":"Feature"},{"geometry":{"coordinates":[[[96.64762,4.95548],[96.67579,4.94976],[96.69048,4.83882],[96.70741,4.81996],[96.70134,4.7789],[96.68375,4.75589],[96.70249,4.74492],[96.71089,4.7527],[96.74601,4.71283],[96.79195,4.70989],[96.80547,4.67582],[96.81807,4.68491],[96.84024,4.66598],[96.95446,4.65139],[97.11826,4.58301],[97.19434,4.57533],[97.31318,4.60285],[97.32365,4.54577],[97.27285,4.51117],[97.34235,4.50987],[97.34696,4.4446],[97.36915,4.39667],[97.36785,4.36147],[97.35225,4.34727],[97.35684,4.20914],[97.25163,4.17001],[97.21724,4.2355],[97.16151,4.28084],[97.06708,4.21985],[96.99022,4.19004],[96.95049,4.18657],[96.92217,4.19917],[96.77807,4.32696],[96.64753,4.37737],[96.62858,4.40121],[96.58391,4.41979],[96.60444,4.4773],[96.58155,4.57302],[96.55933,4.59223],[96.48612,4.63049],[96.44438,4.62673],[96.40874,4.66924],[96.36935,4.69165],[96.28242,4.69233],[96.26125,4.71179],[96.27052,4.7746],[96.35049,4.77568],[96.376,4.84222],[96.44959,4.92514],[96.46678,4.89483],[96.49663,4.89007],[96.53613,4.93507],[96.64762,4.95548]]],"type":"Polygon"},"properties":{"ADM1_EN":"Aceh","ADM2_EN":"Aceh Tengah","latitude":4.52998293,"longitude":96.85903313},"type":"Feature"},{"geometry":{"coordinates":[[[97.82461,3.74953],[97.80027,3.72267],[97.87194,3.61207],[97.86826,3.57103],[97.90441,3.55694],[97.92157,3.49812],[97.95908,3.48162],[97.92107,3.42208],[97.89765,3.41589],[97.89588,3.41089],[97.9099,3.38956],[97.94742,3.39347],[98.00195,3.36976],[98.02889,3.33101],[98.02075,3.30264],[97.993,3.28169],[97.96975,3.27766],[97.96535,3.28727],[97.93658,3.26539],[97.87056,3.2511],[97.92511,3.22547],[97.94354,3.20127],[97.9385,3.16351],[97.96931,3.14275],[97.98091,3.11886],[97.97453,3.07281],[97.9313,3.06751],[97.94423,3.04565],[97.94186,2.99706],[97.93271,2.98995],[97.88957,3.00925],[97.83347,3.00186],[97.81363,2.96636],[97.80497,2.96058],[97.79657,2.97525],[97.7775,2.96618],[97.74998,2.92656],[97.64054,2.9543],[97.63363,3.00774],[97.64291,3.02942],[97.61055,3.10087],[97.51983,3.16756],[97.47605,3.22022],[97.4735,3.33159],[97.39807,3.45282],[97.45209,3.53998],[97.48387,3.5517],[97.45804,3.62659],[97.43165,3.63847],[97.40429,3.6188],[97.37203,3.64112],[97.29533,3.59924],[97.27985,3.64826],[97.20607,3.69391],[97.2555,3.69536],[97.31594,3.67692],[97.5115,3.70008],[97.63532,3.73327],[97.82461,3.74953]]],"type":"Polygon"},"properties":{"ADM1_EN":"Aceh","ADM2_EN":"Aceh Tenggara","latitude":3.36958834,"longitude":97.69553622},"type":"Feature"},{"geometry":{"coordinates":[[[[97.49742,5.24976],[97.55372,5.21301],[97.54336,5.20496],[97.59083,5.14424],[97.64301,5.12636],[97.65662,5.08109],[97.64473,5.07564],[97.67307,5.04975],[97.84048,4.90718],[97.90421,4.89017],[97.96002,4.74251],[97.95642,4.7498],[97.95911,4.70348],[97.96491,4.6874],[97.96668,4.68507],[97.96143,4.67659],[97.96367,4.66545],[98.01822,4.60744],[98.00526,4.60061],[97.97253,4.56168],[97.98111,4.54346],[97.96713,4.5295],[97.91666,4.52945],[97.87741,4.45818],[97.88682,4.44834],[97.91743,4.45246],[97.93572,4.43248],[97.94226,4.43797],[97.96169,4.44217],[97.96626,4.44515],[97.96692,4.44513],[97.96832,4.42607],[97.9945,4.40898],[98.01946,4.41756],[98.02416,4.41578],[97.94649,4.38752],[97.92257,4.35109],[97.78336,4.35046],[97.76324,4.33887],[97.76305,4.32009],[97.73185,4.2861],[97.71786,4.24718],[97.66899,4.24223],[97.64425,4.21956],[97.60185,4.25372],[97.57626,4.21082],[97.57667,4.18287],[97.53078,4.19353],[97.5,4.15583],[97.40403,4.18041],[97.35701,4.20872],[97.35225,4.34727],[97.36945,4.36647],[97.36885,4.40167],[97.34696,4.4446],[97.34235,4.50987],[97.27325,4.50807],[97.28065,4.52527],[97.32395,4.54817],[97.3065,4.62052],[97.27484,4.63181],[97.26051,4.6221],[97.25431,4.65696],[97.31127,4.66667],[97.3277,4.7108],[97.31907,4.74098],[97.33931,4.77892],[97.35484,4.771],[97.36327,4.78347],[97.36135,4.76715],[97.42442,4.75494],[97.41711,4.76865],[97.39993,4.76678],[97.40606,4.79464],[97.4188,4.78983],[97.41079,4.78019],[97.43425,4.7863],[97.43537,4.81997],[97.45663,4.82081],[97.4425,4.83178],[97.45908,4.84609],[97.47694,4.83872],[97.48863,4.86681],[97.51166,4.88231],[97.4971,4.87492],[97.50623,4.89093],[97.49325,4.88629],[97.49912,4.89792],[97.48366,4.90228],[97.47839,4.92075],[97.46571,4.91535],[97.47193,4.94751],[97.48745,4.94145],[97.50443,4.9579],[97.48512,4.96107],[97.50045,4.96481],[97.49117,4.97889],[97.50807,4.99647],[97.50415,5.01157],[97.49546,5.01068],[97.49351,5.01236],[97.49353,5.01451],[97.51459,5.03087],[97.49785,5.04975],[97.51383,5.05158],[97.5148,5.0693],[97.49176,5.07148],[97.49537,5.08625],[97.4848,5.07825],[97.45976,5.11192],[97.47833,5.1265],[97.46601,5.15362],[97.49825,5.15881],[97.48587,5.18306],[97.50122,5.18826],[97.4877,5.20018],[97.49998,5.21302],[97.48381,5.24117],[97.49742,5.24976]]],[[[98.01965,4.59379],[98.01855,4.59464],[98.01722,4.6002],[98.01965,4.59379]]],[[[98.0139,4.60512],[98.01448,4.60344],[98.01301,4.60405],[98.0139,4.60512]]],[[[97.96077,4.71301],[97.97487,4.67629],[97.97394,4.67144],[97.96077,4.71301]]],[[[97.96946,4.67997],[97.96874,4.67988],[97.96922,4.68026],[97.96946,4.67997]]],[[[97.96867,4.68282],[97.96668,4.68069],[97.96732,4.68446],[97.96867,4.68282]]],[[[97.96736,4.68647],[97.96693,4.68602],[97.96667,4.6865],[97.96736,4.68647]]],[[[97.96663,4.6818],[97.96603,4.68147],[97.96648,4.68202],[97.96663,4.6818]]],[[[97.96649,4.6892],[97.96501,4.68893],[97.9651,4.69074],[97.96649,4.6892]]],[[[97.96506,4.69129],[97.96351,4.69264],[97.96368,4.6934],[97.96506,4.69129]]],[[[97.963,4.69632],[97.96235,4.69533],[97.96228,4.69723],[97.963,4.69632]]],[[[97.96059,4.70387],[97.95982,4.70336],[97.96023,4.70403],[97.96059,4.70387]]],[[[97.96057,4.70508],[97.95968,4.70538],[97.9597,4.7063],[97.96057,4.70508]]]],"type":"MultiPolygon"},"properties":{"ADM1_EN":"Aceh","ADM2_EN":"Aceh Timur","latitude":4.6287753,"longitude":97.628639},"type":"Feature"},{"geometry":{"coordinates":[[[96.98016,5.26248],[97.04719,5.24191],[97.02861,5.19781],[97.05273,5.19299],[97.06057,5.1649],[97.10791,5.12558],[97.10165,5.10962],[97.16654,5.08279],[97.17938,5.08371],[97.17727,5.14212],[97.20195,5.14116],[97.48381,5.24117],[97.49998,5.21302],[97.48989,5.21392],[97.48793,5.1994],[97.49686,5.20275],[97.50142,5.18897],[97.48586,5.18169],[97.50034,5.16808],[97.48715,5.15056],[97.46601,5.15362],[97.47833,5.1265],[97.45976,5.11192],[97.4848,5.07825],[97.49537,5.08625],[97.49176,5.07148],[97.5148,5.0693],[97.51383,5.05158],[97.49785,5.04975],[97.51459,5.03087],[97.49353,5.01451],[97.50807,4.99647],[97.49117,4.97889],[97.50045,4.96481],[97.48512,4.96107],[97.50443,4.9579],[97.48745,4.94145],[97.47193,4.94751],[97.46571,4.91535],[97.47839,4.92075],[97.48366,4.90228],[97.49912,4.89792],[97.49325,4.88629],[97.50623,4.89093],[97.4971,4.87492],[97.50638,4.88516],[97.51166,4.88231],[97.48863,4.86681],[97.47694,4.83872],[97.45908,4.84609],[97.4425,4.83178],[97.45663,4.82081],[97.43537,4.81997],[97.43425,4.7863],[97.41079,4.78019],[97.4188,4.78983],[97.40606,4.79464],[97.39993,4.76678],[97.41711,4.76865],[97.42442,4.75494],[97.36135,4.76715],[97.36221,4.78349],[97.35484,4.771],[97.33804,4.77814],[97.31455,4.73388],[97.27174,4.73728],[97.27461,4.72861],[97.2577,4.72462],[97.24716,4.76024],[97.28153,4.82418],[97.25782,4.86745],[97.23203,4.88169],[97.14365,4.91279],[97.1019,4.90179],[97.02422,4.91467],[96.99942,4.86658],[96.95769,4.86256],[96.85449,4.88025],[96.78598,4.94206],[96.81659,4.98954],[96.8213,5.07179],[96.85945,5.0951],[96.8906,5.15068],[96.88145,5.19241],[96.89896,5.19342],[96.90325,5.18091],[96.90638,5.20052],[96.92502,5.21043],[96.90805,5.22178],[96.90779,5.25034],[96.98016,5.26248]]],"type":"Polygon"},"properties":{"ADM1_EN":"Aceh","ADM2_EN":"Aceh Utara","latitude":5.01481079,"longitude":97.18200372},"type":"Feature"},{"geometry":{"coordinates":[[[[100.30178,-0.05562],[100.31677,-0.04608],[100.33209,-0.07668],[100.35539,-0.08589],[100.37849,-0.14569],[100.4398,-0.1723],[100.44755,-0.20333],[100.53963,-0.25914],[100.46933,-0.39028],[100.33327,-0.39209],[100.31569,-0.42918],[100.26448,-0.4716],[100.22656,-0.44578],[100.21686,-0.41493],[100.18836,-0.41439],[100.16248,-0.39618],[100.15849,-0.36005],[100.13108,-0.31629],[100.11588,-0.33095],[100.06673,-0.32934],[100.0458,-0.36433],[99.99329,-0.35975],[99.98526,-0.36869],[99.99987,-0.39813],[99.98592,-0.39544],[99.9626,-0.43265],[99.91359,-0.40063],[99.91564,-0.38106],[99.88809,-0.34389],[99.81958,-0.30059],[99.79818,-0.21924],[99.76788,-0.17093],[99.80453,-0.17616],[99.83785,-0.16299],[99.9147,-0.16271],[99.96929,-0.13837],[100.00106,-0.14376],[100.01529,-0.09773],[100.03746,-0.0815],[100.10699,-0.07576],[100.1601,-0.10761],[100.23676,-0.06246],[100.25134,-0.06459],[100.26438,-0.03473],[100.30178,-0.05562]],[[100.33802,-0.27574],[100.34282,-0.29747],[100.37092,-0.32228],[100.40564,-0.31801],[100.38933,-0.28502],[100.33802,-0.27574]]],[[[99.90165,-0.40836],[99.90396,-0.40985],[99.90243,-0.41045],[99.90165,-0.40836]]],[[[99.89924,-0.42124],[99.90175,-0.41931],[99.90111,-0.42161],[99.89924,-0.42124]]]],"type":"MultiPolygon"},"properties":{"ADM1_EN":"Sumatera Barat","ADM2_EN":"Agam","latitude":-0.24942984,"longitude":100.1685135},"type":"Feature"},{"geometry":{"coordinates":[[[[99.75413,3.16951],[99.77157,3.13226],[99.82529,3.0658],[99.8618,3.03523],[99.89038,3.03964],[99.92408,2.98342],[99.97915,2.94831],[99.98959,2.96141],[99.99321,2.94164],[99.98764,2.85545],[99.75071,2.62527],[99.69705,2.58696],[99.63821,2.57558],[99.6088,2.57517],[99.58675,2.59086],[99.5696,2.58505],[99.55959,2.60472],[99.54617,2.60433],[99.53839,2.59217],[99.5,2.58523],[99.46121,2.55082],[99.4429,2.56247],[99.45851,2.6008],[99.43278,2.568],[99.40995,2.56181],[99.42378,2.59734],[99.38633,2.56382],[99.32655,2.56617],[99.30876,2.55411],[99.30389,2.57427],[99.25544,2.54065],[99.23035,2.54478],[99.21361,2.52375],[99.18368,2.53294],[99.18111,2.55259],[99.16137,2.56804],[99.10029,2.572],[99.08339,2.58601],[99.07343,2.63953],[99.08849,2.66749],[99.11933,2.6811],[99.16953,2.74835],[99.24832,2.81252],[99.26562,2.86049],[99.3335,2.89443],[99.37129,2.88331],[99.39827,2.91487],[99.44382,2.9304],[99.45476,2.95648],[99.49664,2.98299],[99.49596,2.99999],[99.54408,3.03759],[99.5612,3.07016],[99.57241,3.06983],[99.57183,3.04911],[99.55718,3.04911],[99.54964,3.0181],[99.56985,3.03817],[99.59126,3.03928],[99.61106,3.10036],[99.58899,3.11069],[99.60756,3.12693],[99.6218,3.13039],[99.64825,3.10553],[99.69356,3.10542],[99.75413,3.16951]],[[99.81987,3.02448],[99.76602,3.00898],[99.78174,2.96995],[99.76255,2.96904],[99.75299,2.94239],[99.77511,2.92068],[99.83745,2.93679],[99.8349,2.95543],[99.80862,2.97043],[99.81987,3.02448]]],[[[99.79234,3.10984],[99.79188,3.10892],[99.79184,3.1097],[99.79234,3.10984]]],[[[99.78782,3.11403],[99.78956,3.11402],[99.78858,3.11334],[99.78782,3.11403]]],[[[99.78729,3.11646],[99.78746,3.11545],[99.78689,3.11604],[99.78729,3.11646]]],[[[99.78537,3.11986],[99.78477,3.12],[99.78502,3.12041],[99.78537,3.11986]]]],"type":"MultiPolygon"},"properties":{"ADM1_EN":"Sumatera Utara","ADM2_EN":"Asahan","latitude":2.80253918,"longitude":99.5628562},"type":"Feature"},{"geometry":{"coordinates":[[[[105.91511,-1.50192],[105.91281,-1.54035],[105.95153,-1.55973],[105.98073,-1.55087],[106.04881,-1.60018],[106.05448,-1.6194],[106.03287,-1.61436],[106.0232,-1.63231],[106.0286,-1.68193],[106.0733,-1.74798],[106.09497,-1.75748],[106.08734,-1.77593],[106.12679,-1.80147],[106.1189,-1.82172],[106.13481,-1.8551],[106.17146,-1.87282],[106.18601,-1.90281],[106.16609,-1.92146],[106.14926,-1.97946],[106.15796,-2.08802],[106.12841,-2.09568],[106.14146,-2.07695],[106.13098,-2.05747],[106.10628,-2.06576],[106.10065,-2.08178],[106.05995,-2.06704],[106.04519,-2.07508],[106.04014,-2.113],[106.08215,-2.12742],[106.0888,-2.14475],[106.02085,-2.21442],[105.9754,-2.23089],[105.97941,-2.24223],[105.95853,-2.24533],[105.92415,-2.20835],[105.91147,-2.24732],[105.9289,-2.27525],[105.90238,-2.34249],[105.86558,-2.33359],[105.80604,-2.37013],[105.82635,-2.31133],[105.78837,-2.25379],[105.79305,-2.18069],[105.75897,-2.15094],[105.76927,-2.11221],[105.74889,-2.08852],[105.76116,-2.07656],[105.75033,-2.0597],[105.77028,-2.00782],[105.78582,-1.99591],[105.75116,-1.97377],[105.74073,-1.93856],[105.71716,-1.94517],[105.69729,-1.90638],[105.7468,-1.86278],[105.75598,-1.84039],[105.74074,-1.82866],[105.76048,-1.81612],[105.74568,-1.77775],[105.77393,-1.76677],[105.78466,-1.80639],[105.81111,-1.81419],[105.82639,-1.80455],[105.79524,-1.78031],[105.77901,-1.74398],[105.75423,-1.72758],[105.74004,-1.68601],[105.75696,-1.67736],[105.75344,-1.65166],[105.76694,-1.65079],[105.73311,-1.63162],[105.74147,-1.61286],[105.71947,-1.58285],[105.72132,-1.54599],[105.70257,-1.53044],[105.81467,-1.53145],[105.87933,-1.51981],[105.88328,-1.50214],[105.91511,-1.50192]]],[[[106.04969,-1.59912],[106.04846,-1.59902],[106.04953,-1.59874],[106.04969,-1.59912]]],[[[105.81694,-1.80492],[105.80584,-1.80539],[105.80835,-1.7949],[105.81317,-1.79582],[105.81694,-1.80492]]],[[[105.76243,-1.73722],[105.7694,-1.73971],[105.76897,-1.7434],[105.76243,-1.73722]]],[[[105.75644,-1.73153],[105.75492,-1.73223],[105.75531,-1.73113],[105.75644,-1.73153]]],[[[105.73779,-1.68239],[105.7349,-1.68372],[105.73471,-1.68219],[105.73779,-1.68239]]]],"type":"MultiPolygon"},"properties":{"ADM1_EN":"Kepulauan Bangka Belitung","ADM2_EN":"Bangka","latitude":-1.90588735,"longitude":105.9212322},"type":"Feature"},{"geometry":{"coordinates":[[[105.56355,-1.52802],[105.60543,-1.53003],[105.5997,-1.54828],[105.63991,-1.64172],[105.67548,-1.65442],[105.7241,-1.64401],[105.66132,-1.71403],[105.6417,-1.71026],[105.65382,-1.71699],[105.65569,-1.747],[105.69437,-1.7814],[105.7359,-1.77977],[105.75658,-1.79324],[105.76034,-1.81674],[105.74062,-1.82672],[105.75603,-1.84011],[105.74781,-1.86149],[105.69729,-1.90638],[105.71716,-1.94517],[105.74073,-1.93856],[105.75116,-1.97377],[105.78582,-1.99591],[105.75033,-2.0597],[105.76129,-2.07497],[105.74948,-2.09664],[105.76927,-2.11221],[105.75918,-2.1438],[105.72457,-2.12583],[105.68401,-2.1313],[105.64889,-2.11666],[105.59029,-2.12366],[105.57202,-2.09398],[105.51277,-2.0834],[105.47002,-2.10362],[105.44656,-2.13458],[105.41887,-2.11823],[105.38814,-2.12999],[105.35129,-2.1205],[105.29718,-2.15384],[105.25761,-2.08584],[105.22869,-2.06619],[105.15559,-2.07094],[105.13097,-2.08541],[105.10839,-2.02427],[105.13202,-1.98086],[105.12502,-1.95917],[105.16373,-1.92908],[105.26549,-1.8958],[105.31828,-1.86439],[105.38846,-1.79676],[105.39812,-1.76295],[105.38942,-1.73555],[105.3222,-1.6983],[105.36775,-1.67995],[105.34205,-1.66914],[105.34384,-1.64852],[105.38269,-1.6421],[105.38878,-1.60144],[105.42464,-1.60473],[105.46044,-1.5642],[105.53656,-1.56474],[105.5608,-1.54912],[105.56355,-1.52802]]],"type":"Polygon"},"properties":{"ADM1_EN":"Kepulauan Bangka Belitung","ADM2_EN":"Bangka Barat","latitude":-1.89086113,"longitude":105.4894531},"type":"Feature"},{"geometry":{"coordinates":[[[[107.09235,-2.85642],[107.09183,-2.85171],[107.09429,-2.85522],[107.09235,-2.85642]]],[[[107.05799,-2.82091],[107.05857,-2.84075],[107.09241,-2.86042],[107.08447,-2.91198],[107.05254,-2.90828],[107.01942,-2.87815],[107.05799,-2.82091]]],[[[107.0123,-2.87205],[107.01815,-2.87278],[107.01609,-2.87665],[107.0123,-2.87205]]],[[[106.8044,-2.88624],[106.84681,-2.91885],[106.91056,-2.94376],[106.88004,-3.0082],[106.89508,-3.03165],[106.85526,-3.04005],[106.84583,-3.02897],[106.82228,-3.03226],[106.70885,-2.96742],[106.73155,-2.92542],[106.78207,-2.91089],[106.8044,-2.88624]]],[[[106.85613,-3.04599],[106.85512,-3.04603],[106.8553,-3.04552],[106.85613,-3.04599]]],[[[106.82907,-2.85106],[106.85378,-2.84421],[106.85432,-2.85803],[106.82907,-2.85106]]],[[[106.8296,-3.03916],[106.82888,-3.03905],[106.82929,-3.03868],[106.8296,-3.03916]]],[[[106.78767,-2.83305],[106.80304,-2.84025],[106.78138,-2.8432],[106.78767,-2.83305]]],[[[106.76025,-2.88623],[106.77721,-2.88815],[106.76259,-2.8973],[106.76025,-2.88623]]],[[[106.77119,-2.90096],[106.76644,-2.90335],[106.76632,-2.90108],[106.77119,-2.90096]]],[[[106.73648,-2.86742],[106.7475,-2.8866],[106.72223,-2.90299],[106.71872,-2.89035],[106.73648,-2.86742]]],[[[106.02823,-2.43687],[106.04602,-2.45444],[106.02565,-2.48285],[106.03069,-2.51252],[106.05054,-2.51692],[106.06109,-2.49227],[106.06858,-2.50082],[106.11188,-2.4886],[106.14206,-2.50206],[106.13963,-2.49035],[106.22478,-2.46465],[106.2351,-2.47138],[106.22244,-2.50496],[106.19919,-2.52693],[106.20243,-2.56965],[106.24753,-2.58472],[106.28913,-2.57062],[106.30568,-2.54734],[106.37231,-2.5489],[106.37837,-2.56537],[106.39729,-2.56854],[106.45552,-2.55466],[106.44371,-2.61437],[106.49546,-2.61056],[106.49709,-2.66204],[106.51532,-2.64647],[106.63337,-2.69523],[106.64383,-2.71868],[106.66253,-2.71599],[106.602,-2.8633],[106.59217,-2.93948],[106.6088,-2.96313],[106.67542,-2.97522],[106.69441,-3.00307],[106.74141,-3.00656],[106.72902,-3.03194],[106.74297,-3.05645],[106.73238,-3.07278],[106.73979,-3.08534],[106.65887,-3.10213],[106.64337,-3.08252],[106.60691,-3.08926],[106.5848,-3.07696],[106.55354,-3.09241],[106.55361,-3.10883],[106.53794,-3.10114],[106.51467,-3.11258],[106.51334,-3.11442],[106.51459,-3.11563],[106.51418,-3.11682],[106.49105,-3.0907],[106.49111,-3.04977],[106.4414,-3.01163],[106.42428,-2.97107],[106.33591,-2.96779],[106.32147,-2.93303],[106.28392,-2.90475],[106.23326,-2.90015],[106.18256,-2.87142],[106.14203,-2.87577],[106.12574,-2.85201],[106.09455,-2.83748],[105.95017,-2.81981],[105.95523,-2.78777],[105.91937,-2.74387],[105.90153,-2.66306],[105.88655,-2.64429],[105.899,-2.60521],[105.8907,-2.5886],[105.93841,-2.53029],[105.93189,-2.47048],[105.98437,-2.46888],[106.02823,-2.43687]]],[[[106.71353,-2.88421],[106.71315,-2.88616],[106.71272,-2.88399],[106.71353,-2.88421]]],[[[106.69894,-2.97835],[106.71335,-2.98201],[106.70953,-2.99287],[106.69698,-2.99332],[106.69894,-2.97835]]],[[[106.70513,-2.9665],[106.70294,-2.96761],[106.70377,-2.96443],[106.70513,-2.9665]]],[[[106.69511,-2.97271],[106.69726,-2.97252],[106.69648,-2.97459],[106.69511,-2.97271]]],[[[106.69172,-2.95961],[106.6967,-2.96353],[106.69107,-2.96645],[106.69172,-2.95961]]],[[[106.666,-2.96069],[106.67899,-2.96233],[106.67732,-2.96882],[106.666,-2.96069]]],[[[106.65591,-3.10048],[106.65566,-3.10078],[106.6557,-3.10038],[106.65591,-3.10048]]],[[[106.62127,-3.08929],[106.62206,-3.08867],[106.62243,-3.08956],[106.62127,-3.08929]]],[[[106.62062,-3.08799],[106.62136,-3.08848],[106.62041,-3.08854],[106.62062,-3.08799]]],[[[106.60827,-3.09054],[106.60903,-3.0914],[106.6077,-3.09153],[106.60827,-3.09054]]],[[[106.51637,-3.13481],[106.51659,-3.13534],[106.51585,-3.13532],[106.51637,-3.13481]]],[[[106.51627,-3.13275],[106.51497,-3.13281],[106.51586,-3.13204],[106.51627,-3.13275]]],[[[106.51533,-3.12989],[106.51431,-3.13047],[106.51483,-3.1297],[106.51533,-3.12989]]],[[[106.51455,-3.11595],[106.51462,-3.11636],[106.51413,-3.11724],[106.51455,-3.11595]]],[[[106.51336,-3.11611],[106.51373,-3.11696],[106.51314,-3.11607],[106.51336,-3.11611]]],[[[106.51138,-3.1156],[106.51229,-3.11511],[106.51249,-3.11583],[106.51138,-3.1156]]],[[[106.35321,-2.97635],[106.35261,-2.97633],[106.35288,-2.97572],[106.35321,-2.97635]]]],"type":"MultiPolygon"},"properties":{"ADM1_EN":"Kepulauan Bangka Belitung","ADM2_EN":"Bangka Selatan","latitude":-2.77093291,"longitude":106.3422716},"type":"Feature"},{"geometry":{"coordinates":[[[[106.07809,-2.15095],[106.13303,-2.14599],[106.15628,-2.16119],[106.17787,-2.14794],[106.19228,-2.16084],[106.2282,-2.26018],[106.23829,-2.32898],[106.29949,-2.42083],[106.34973,-2.46241],[106.39502,-2.4782],[106.44662,-2.47268],[106.49983,-2.50452],[106.8492,-2.57264],[106.83267,-2.58981],[106.82374,-2.58875],[106.80719,-2.59462],[106.80178,-2.5948],[106.82431,-2.58817],[106.80881,-2.57855],[106.77312,-2.60769],[106.76296,-2.59838],[106.74681,-2.60837],[106.70774,-2.64314],[106.65556,-2.72115],[106.63795,-2.71318],[106.63337,-2.69523],[106.60161,-2.69076],[106.55709,-2.66059],[106.51532,-2.64647],[106.49709,-2.66204],[106.49546,-2.61056],[106.44371,-2.61437],[106.45552,-2.55466],[106.39729,-2.56854],[106.37837,-2.56537],[106.37231,-2.5489],[106.30568,-2.54734],[106.28913,-2.57062],[106.24753,-2.58472],[106.20243,-2.56965],[106.19919,-2.52693],[106.22244,-2.50496],[106.2351,-2.47138],[106.22478,-2.46465],[106.13963,-2.49035],[106.14206,-2.50206],[106.11188,-2.4886],[106.06858,-2.50082],[106.06109,-2.49227],[106.04487,-2.51692],[106.03069,-2.51252],[106.02577,-2.49049],[106.04573,-2.45842],[106.03456,-2.43796],[106.00543,-2.44531],[105.98437,-2.46888],[105.93285,-2.46996],[105.87992,-2.4242],[105.83519,-2.41317],[105.80591,-2.37019],[105.86558,-2.33359],[105.90238,-2.34249],[105.9289,-2.27525],[105.91147,-2.24732],[105.92415,-2.20835],[105.95853,-2.24533],[105.97941,-2.24223],[105.9754,-2.23089],[106.02085,-2.21442],[106.07809,-2.15095]]],[[[106.44803,-2.28412],[106.44504,-2.28304],[106.44777,-2.28],[106.44803,-2.28412]]],[[[106.42813,-2.28129],[106.42784,-2.28152],[106.42799,-2.2811],[106.42813,-2.28129]]],[[[106.42233,-2.25252],[106.42191,-2.25304],[106.42224,-2.2523],[106.42233,-2.25252]]],[[[106.39506,-2.25613],[106.39411,-2.2566],[106.39429,-2.25606],[106.39506,-2.25613]]],[[[106.3751,-2.25317],[106.38146,-2.25411],[106.37679,-2.25409],[106.3751,-2.25317]]],[[[106.37321,-2.2531],[106.37426,-2.25267],[106.37472,-2.25357],[106.37321,-2.2531]]],[[[106.36954,-2.25215],[106.37264,-2.25355],[106.36131,-2.25633],[106.36954,-2.25215]]],[[[106.36172,-2.2545],[106.34948,-2.2596],[106.34715,-2.25786],[106.36172,-2.2545]]],[[[106.32969,-2.26668],[106.32478,-2.26644],[106.32709,-2.26221],[106.32969,-2.26668]]],[[[106.29541,-2.15402],[106.29743,-2.15661],[106.29225,-2.15669],[106.29541,-2.15402]]],[[[106.27005,-2.14955],[106.27399,-2.1585],[106.25727,-2.16275],[106.27005,-2.14955]]],[[[105.79085,-2.4229],[105.79568,-2.40133],[105.80312,-2.40784],[105.79085,-2.4229]]],[[[105.78071,-2.39803],[105.7821,-2.39776],[105.78265,-2.39808],[105.78071,-2.39803]]],[[[105.77079,-2.39832],[105.77023,-2.39863],[105.77033,-2.39822],[105.77079,-2.39832]]],[[[105.76016,-2.39166],[105.76613,-2.39299],[105.76335,-2.39648],[105.76016,-2.39166]]],[[[105.76176,-2.38696],[105.76131,-2.38731],[105.76123,-2.3868],[105.76176,-2.38696]]],[[[105.75115,-2.38624],[105.75411,-2.38915],[105.7493,-2.38766],[105.75115,-2.38624]]]],"type":"MultiPolygon"},"properties":{"ADM1_EN":"Kepulauan Bangka Belitung","ADM2_EN":"Bangka Tengah","latitude":-2.43008285,"longitude":106.2433156},"type":"Feature"},{"geometry":{"coordinates":[[[[104.36162,-1.63887],[104.4527,-1.63322],[104.4974,-1.67286],[104.5144,-1.67355],[104.5406,-1.72673],[104.5374,-1.78785],[104.5086,-1.79886],[104.4638,-1.86136],[104.4735,-1.87559],[104.4643,-1.9271],[104.4729,-1.96409],[104.4686,-1.91454],[104.4868,-1.90734],[104.5062,-1.96213],[104.5739,-1.99879],[104.6163,-1.99601],[104.6529,-1.9596],[104.6868,-1.985],[104.6716,-2.01052],[104.682,-2.04979],[104.6518,-2.04549],[104.6304,-2.0551],[104.6245,-2.10871],[104.5955,-2.10539],[104.6273,-2.11264],[104.6417,-2.08676],[104.6375,-2.05679],[104.6874,-2.05499],[104.6915,-2.00552],[104.7172,-1.98829],[104.8444,-2.00502],[104.8924,-2.08503],[104.90497,-2.18933],[104.77658,-2.29216],[104.7473,-2.35522],[104.6974,-2.34198],[104.73,-2.37988],[104.743,-2.45084],[104.72016,-2.53189],[104.72686,-2.59618],[104.7559,-2.47081],[104.75333,-2.39463],[104.82627,-2.35493],[104.84305,-2.32887],[104.8482,-2.28445],[104.9171,-2.28732],[104.9012,-2.36844],[104.9338,-2.43998],[104.9414,-2.43897],[104.9263,-2.34081],[104.9632,-2.3313],[105.0041,-2.33385],[105.05071,-2.37538],[105.081,-2.36169],[105.1209,-2.37384],[105.21088,-2.32614],[105.2972,-2.37182],[105.4307,-2.38882],[105.47131,-2.37966],[105.56794,-2.40278],[105.56369,-2.41696],[105.53273,-2.41778],[105.4717,-2.4626],[105.42849,-2.44738],[105.4002,-2.45644],[105.3737,-2.444],[105.33643,-2.44792],[105.3108,-2.48437],[105.3132,-2.49827],[105.2856,-2.51014],[105.22836,-2.58707],[105.20367,-2.58325],[105.2125,-2.60848],[105.2043,-2.63442],[105.1756,-2.64162],[105.2159,-2.68541],[105.20795,-2.72977],[105.08985,-2.71747],[105.0906,-2.7458],[105.075,-2.77156],[105.0906,-2.84173],[105.0671,-2.90332],[105.09375,-2.91507],[105.09504,-2.93598],[105.00977,-2.97114],[105.03548,-2.98207],[105.01958,-3.00734],[105.04141,-3.01283],[105.03126,-3.10472],[104.99955,-3.13163],[105.00163,-3.14513],[104.97992,-3.1468],[104.96025,-3.16941],[104.89849,-3.15572],[104.9079,-3.13014],[104.8887,-3.12215],[104.8834,-3.10271],[104.8503,-3.09947],[104.8282,-3.06865],[104.78074,-3.05257],[104.83621,-3.01381],[104.82423,-3.01074],[104.83388,-2.98788],[104.86088,-2.97186],[104.86464,-2.95198],[104.84696,-2.95447],[104.85142,-2.92495],[104.81468,-2.94426],[104.79524,-2.92185],[104.81106,-2.90941],[104.75646,-2.91526],[104.74915,-2.89356],[104.70252,-2.86437],[104.67493,-2.86544],[104.66899,-2.87687],[104.67677,-2.93554],[104.6517,-2.92121],[104.63367,-2.93634],[104.623,-2.99134],[104.64494,-3.02545],[104.61213,-3.01426],[104.597,-3.0506],[104.58297,-3.04804],[104.58267,-3.03496],[104.54203,-3.02725],[104.49161,-3.06269],[104.47469,-3.03016],[104.34308,-3.01728],[104.35576,-3.04839],[104.3182,-3.0218],[104.28427,-3.03544],[104.26435,-3.02654],[104.25553,-3.04349],[104.23235,-3.03099],[104.15424,-3.09444],[104.1674,-3.05479],[104.18759,-3.05246],[104.17546,-2.96899],[104.1844,-2.90266],[104.13165,-2.85527],[104.24668,-2.72506],[104.23108,-2.70386],[104.28286,-2.66237],[104.23887,-2.64528],[104.24368,-2.62917],[104.2096,-2.62063],[104.22208,-2.60005],[104.15883,-2.5615],[104.13427,-2.55002],[104.11322,-2.56504],[104.07308,-2.53911],[104.10234,-2.50706],[104.06615,-2.45411],[104.095,-2.42915],[104.1169,-2.42767],[104.2224,-2.51102],[104.2754,-2.5185],[104.35999,-2.4552],[104.45936,-2.43834],[104.5771,-2.38301],[104.6569,-2.32205],[104.6242,-2.25215],[104.54494,-2.26328],[104.42984,-2.18709],[104.36038,-2.07093],[104.2425,-1.93682],[104.16282,-1.79324],[104.15272,-1.72488],[104.34232,-1.67559],[104.36162,-1.63887]]],[[[104.9282,-2.39992],[104.913,-2.36565],[104.9262,-2.35423],[104.9285,-2.36219],[104.9282,-2.39992]]],[[[104.77206,-2.31226],[104.75667,-2.35247],[104.7551,-2.34356],[104.77206,-2.31226]]],[[[104.6456,-1.91806],[104.6097,-1.95343],[104.6186,-1.97884],[104.5966,-1.99261],[104.5179,-1.96766],[104.5024,-1.93972],[104.5235,-1.91587],[104.5465,-1.84875],[104.5938,-1.86765],[104.6456,-1.91806]]],[[[104.60556,-1.80586],[104.5493,-1.80541],[104.57,-1.72829],[104.5917,-1.73184],[104.588,-1.75875],[104.60556,-1.80586]]]],"type":"MultiPolygon"},"properties":{"ADM1_EN":"Sumatera Selatan","ADM2_EN":"Banyu Asin","latitude":-2.48786973,"longitude":104.6680933},"type":"Feature"},{"geometry":{"coordinates":[[[103.30056,-1.35168],[103.33891,-1.37183],[103.35328,-1.44186],[103.38351,-1.48124],[103.43245,-1.46659],[103.4687,-1.47445],[103.45209,-1.48955],[103.46644,-1.52941],[103.44776,-1.56842],[103.45584,-1.58783],[103.41778,-1.60849],[103.42431,-1.62154],[103.41436,-1.63223],[103.3863,-1.64086],[103.41626,-1.64956],[103.41848,-1.68546],[103.39787,-1.71299],[103.39599,-1.75763],[103.42921,-1.81264],[103.39984,-1.8262],[103.39552,-1.86868],[103.31465,-1.86848],[103.31426,-1.9654],[103.33491,-1.96542],[103.33285,-2.00173],[103.36952,-2.00193],[103.37489,-2.05587],[103.44653,-2.06229],[103.44703,-2.17406],[103.45896,-2.18121],[103.45143,-2.20942],[103.46593,-2.25187],[103.44669,-2.31322],[103.44744,-2.35641],[103.43141,-2.33554],[103.40967,-2.3334],[103.39307,-2.29593],[103.35577,-2.27465],[103.32629,-2.22228],[103.29747,-2.20628],[103.29208,-2.17473],[103.26137,-2.15578],[103.25855,-2.13395],[103.22205,-2.14202],[103.21126,-2.08108],[103.1605,-2.01717],[103.16068,-1.98145],[103.19535,-1.93757],[103.12333,-1.95772],[103.08354,-1.9553],[103.05144,-1.93745],[103.00187,-1.94978],[102.97943,-1.94344],[102.9463,-1.98254],[102.91436,-1.98217],[102.90475,-2.00498],[102.85825,-2.00939],[102.8114,-1.99255],[102.81663,-1.94962],[102.73259,-1.94917],[102.71173,-1.95958],[102.65229,-1.92458],[102.59525,-1.91017],[102.51742,-1.91561],[102.50847,-1.9054],[102.50806,-1.87095],[102.52066,-1.85731],[102.58513,-1.88157],[102.65854,-1.82058],[102.68699,-1.77391],[102.69575,-1.72423],[102.71397,-1.71825],[102.70651,-1.70447],[102.74188,-1.69198],[102.78189,-1.6333],[102.82313,-1.49877],[102.8248,-1.45263],[102.81209,-1.42591],[102.82364,-1.39565],[102.89302,-1.36968],[102.96142,-1.42025],[103.0283,-1.43688],[103.03919,-1.45213],[103.05191,-1.41574],[103.071,-1.40403],[103.0598,-1.38849],[103.11782,-1.39962],[103.14624,-1.36841],[103.16745,-1.38647],[103.20537,-1.35547],[103.25837,-1.4087],[103.26683,-1.4017],[103.25034,-1.38558],[103.25822,-1.35585],[103.30056,-1.35168]]],"type":"Polygon"},"properties":{"ADM1_EN":"Jambi","ADM2_EN":"Batang Hari","latitude":-1.74973341,"longitude":103.0960631},"type":"Feature"},{"geometry":{"coordinates":[[[[99.31784,3.43793],[99.36555,3.39877],[99.42001,3.38668],[99.48828,3.34535],[99.4866,3.31815],[99.55837,3.23737],[99.58535,3.22772],[99.59383,3.23763],[99.68874,3.20507],[99.75205,3.17004],[99.74763,3.16009],[99.69356,3.10542],[99.64825,3.10553],[99.6218,3.13039],[99.60756,3.12693],[99.58899,3.11069],[99.61106,3.10036],[99.59564,3.04531],[99.56985,3.03817],[99.55148,3.01668],[99.54939,3.03606],[99.57183,3.04911],[99.57241,3.06983],[99.5612,3.07016],[99.54653,3.09819],[99.51704,3.10946],[99.50825,3.10107],[99.48206,3.11188],[99.49278,3.1214],[99.42187,3.14672],[99.36317,3.15105],[99.40635,3.2524],[99.37254,3.24582],[99.35916,3.21435],[99.3419,3.23877],[99.34417,3.28773],[99.30864,3.29975],[99.29448,3.27285],[99.26925,3.27675],[99.2622,3.25542],[99.23521,3.25238],[99.31784,3.43793]]],[[[99.22898,3.24488],[99.22979,3.21819],[99.23045,3.19974],[99.20797,3.22357],[99.22898,3.24488]]]],"type":"MultiPolygon"},"properties":{"ADM1_EN":"Sumatera Utara","ADM2_EN":"Batu Bara","latitude":3.23423791,"longitude":99.4756244},"type":"Feature"},{"geometry":{"coordinates":[[[[107.79468,-2.54654],[107.83341,-2.53174],[107.82584,-2.54343],[107.83849,-2.55608],[107.90802,-2.57548],[107.92336,-2.56083],[107.938,-2.56612],[107.93841,-2.59024],[107.89911,-2.6082],[107.89646,-2.66322],[107.87635,-2.69041],[107.90654,-2.71074],[107.93569,-2.70926],[107.93303,-2.72066],[107.96288,-2.74253],[107.95828,-2.75705],[107.99075,-2.75176],[107.99629,-2.77413],[107.93684,-2.79943],[107.86781,-2.80061],[107.84901,-2.82156],[107.85207,-2.8697],[107.82481,-2.87894],[107.79037,-2.86539],[107.75365,-2.88476],[107.75064,-2.89363],[107.81991,-2.94299],[107.8577,-2.99419],[107.86301,-3.03636],[107.82264,-3.08166],[107.80383,-3.08591],[107.80269,-3.08194],[107.80177,-3.08145],[107.80032,-3.082],[107.80257,-3.08623],[107.82252,-3.09303],[107.8485,-3.11965],[107.83209,-3.13947],[107.83246,-3.16413],[107.75689,-3.19414],[107.70866,-3.19256],[107.63963,-3.23914],[107.60772,-3.24119],[107.5851,-3.19539],[107.627,-3.15166],[107.62675,-3.12887],[107.6319,-3.13142],[107.63505,-3.12978],[107.63464,-3.13174],[107.63614,-3.13242],[107.6435,-3.12112],[107.63574,-3.13198],[107.63531,-3.12916],[107.62763,-3.12785],[107.6239,-3.13085],[107.6114,-3.10763],[107.59387,-3.10533],[107.58248,-3.08568],[107.58656,-3.0489],[107.56074,-2.99661],[107.58571,-2.97842],[107.60023,-2.93205],[107.61393,-2.93854],[107.62253,-2.90128],[107.56542,-2.93101],[107.53057,-2.93676],[107.5286,-2.921],[107.59767,-2.85828],[107.59883,-2.81467],[107.58106,-2.79659],[107.59662,-2.79267],[107.61873,-2.76698],[107.60446,-2.7641],[107.63042,-2.74853],[107.64145,-2.75205],[107.63724,-2.76193],[107.63999,-2.76892],[107.63623,-2.78213],[107.63683,-2.79643],[107.63722,-2.7979],[107.63794,-2.79835],[107.64333,-2.75098],[107.63105,-2.74254],[107.6225,-2.74751],[107.62838,-2.71453],[107.61136,-2.70507],[107.64586,-2.62571],[107.62839,-2.59472],[107.66858,-2.55406],[107.68497,-2.56401],[107.70455,-2.5589],[107.71838,-2.54668],[107.7639,-2.55718],[107.79468,-2.54654]]],[[[107.9308,-2.55855],[107.92984,-2.55874],[107.92994,-2.55807],[107.9308,-2.55855]]],[[[107.9232,-2.54303],[107.92144,-2.54185],[107.92295,-2.54179],[107.9232,-2.54303]]],[[[107.91927,-2.54059],[107.91663,-2.54199],[107.91645,-2.54008],[107.91927,-2.54059]]],[[[107.90859,-2.56879],[107.90801,-2.57128],[107.90629,-2.57003],[107.90859,-2.56879]]],[[[107.8552,-2.54292],[107.8704,-2.54429],[107.85885,-2.5488],[107.8552,-2.54292]]],[[[107.83972,-3.10988],[107.86275,-3.10716],[107.85617,-3.12705],[107.84358,-3.11031],[107.83972,-3.10988]]],[[[107.85369,-2.53634],[107.85414,-2.53743],[107.85354,-2.53732],[107.85369,-2.53634]]],[[[107.84607,-2.53526],[107.84375,-2.53545],[107.84541,-2.534],[107.84607,-2.53526]]],[[[107.83649,-2.53372],[107.84139,-2.53244],[107.84202,-2.53351],[107.83649,-2.53372]]],[[[107.80989,-2.52452],[107.81032,-2.52585],[107.80968,-2.52563],[107.80989,-2.52452]]],[[[107.79591,-2.54276],[107.79498,-2.54283],[107.79577,-2.54189],[107.79591,-2.54276]]],[[[107.76407,-3.24982],[107.75888,-3.25144],[107.75871,-3.25016],[107.76407,-3.24982]]],[[[107.75438,-3.2477],[107.75531,-3.24906],[107.75293,-3.2477],[107.75438,-3.2477]]],[[[107.73326,-3.27043],[107.73097,-3.27281],[107.73097,-3.27162],[107.73326,-3.27043]]],[[[107.72881,-3.35019],[107.72553,-3.35492],[107.7224,-3.35179],[107.72881,-3.35019]]],[[[107.72444,-2.54365],[107.72304,-2.54434],[107.72328,-2.54301],[107.72444,-2.54365]]],[[[107.72264,-3.22522],[107.7217,-3.22794],[107.72196,-3.22488],[107.72264,-3.22522]]],[[[107.7225,-2.54544],[107.72238,-2.54631],[107.72203,-2.54579],[107.7225,-2.54544]]],[[[107.71895,-2.5448],[107.71843,-2.54544],[107.71837,-2.54486],[107.71895,-2.5448]]],[[[107.71418,-2.54718],[107.71453,-2.54771],[107.71383,-2.5473],[107.71418,-2.54718]]],[[[107.70621,-2.54928],[107.70476,-2.55062],[107.70476,-2.54963],[107.70621,-2.54928]]],[[[107.70557,-2.55405],[107.70528,-2.55469],[107.70522,-2.55387],[107.70557,-2.55405]]],[[[107.70292,-3.33752],[107.70148,-3.34201],[107.70084,-3.33808],[107.70292,-3.33752]]],[[[107.6901,-3.32982],[107.69106,-3.33207],[107.68937,-3.33135],[107.6901,-3.32982]]],[[[107.68813,-2.53821],[107.68899,-2.53905],[107.68814,-2.539],[107.68813,-2.53821]]],[[[107.67428,-3.24052],[107.67377,-3.2423],[107.6736,-3.23754],[107.67428,-3.24052]]],[[[107.67271,-2.54928],[107.67167,-2.55027],[107.67219,-2.54902],[107.67271,-2.54928]]],[[[107.6725,-2.54668],[107.67167,-2.5472],[107.67178,-2.54621],[107.6725,-2.54668]]],[[[107.67105,-2.54944],[107.66917,-2.5498],[107.67058,-2.54897],[107.67105,-2.54944]]],[[[107.66959,-2.55355],[107.66943,-2.55417],[107.66912,-2.5536],[107.66959,-2.55355]]],[[[107.66584,-2.54938],[107.66558,-2.55079],[107.66527,-2.55001],[107.66584,-2.54938]]],[[[107.65752,-3.22924],[107.65691,-3.22983],[107.6568,-3.22873],[107.65752,-3.22924]]],[[[107.65725,-2.55756],[107.65621,-2.55803],[107.6572,-2.55709],[107.65725,-2.55756]]],[[[107.65548,-2.55225],[107.65553,-2.55303],[107.65501,-2.55235],[107.65548,-2.55225]]],[[[107.6511,-2.53142],[107.65194,-2.5323],[107.65121,-2.5322],[107.6511,-2.53142]]],[[[107.65136,-2.54553],[107.64933,-2.55016],[107.64975,-2.54522],[107.65136,-2.54553]]],[[[107.6498,-2.54053],[107.64788,-2.54121],[107.64955,-2.53945],[107.6498,-2.54053]]],[[[107.64918,-2.55188],[107.64866,-2.55287],[107.64824,-2.55246],[107.64918,-2.55188]]],[[[107.64872,-2.53902],[107.64663,-2.54001],[107.64678,-2.53918],[107.64872,-2.53902]]],[[[107.64709,-2.53647],[107.64668,-2.53746],[107.64595,-2.53631],[107.64709,-2.53647]]],[[[107.64704,-2.56183],[107.64428,-2.56266],[107.64637,-2.56027],[107.64704,-2.56183]]],[[[107.6459,-2.55131],[107.64626,-2.55298],[107.64465,-2.55188],[107.6459,-2.55131]]],[[[107.6446,-2.5497],[107.64439,-2.55079],[107.64407,-2.55016],[107.6446,-2.5497]]],[[[107.64105,-2.58115],[107.64064,-2.58172],[107.64043,-2.58115],[107.64105,-2.58115]]],[[[107.62976,-2.5813],[107.62929,-2.58156],[107.62944,-2.58088],[107.62976,-2.5813]]],[[[107.62939,-2.59328],[107.62918,-2.5938],[107.62908,-2.59328],[107.62939,-2.59328]]],[[[107.62481,-2.56912],[107.62746,-2.56537],[107.62851,-2.56979],[107.62481,-2.56912]]],[[[107.62601,-2.57396],[107.62575,-2.57412],[107.6258,-2.57375],[107.62601,-2.57396]]],[[[107.6247,-2.58651],[107.62434,-2.58729],[107.62424,-2.58677],[107.6247,-2.58651]]],[[[107.62377,-2.58807],[107.62465,-2.58922],[107.62351,-2.58854],[107.62377,-2.58807]]],[[[107.62359,-2.53827],[107.6225,-2.53892],[107.62243,-2.53812],[107.62359,-2.53827]]],[[[107.62335,-2.57849],[107.62273,-2.57911],[107.62288,-2.57854],[107.62335,-2.57849]]],[[[107.62325,-2.56792],[107.62221,-2.56839],[107.622,-2.56808],[107.62325,-2.56792]]],[[[107.62258,-2.5334],[107.62243,-2.53485],[107.62156,-2.53398],[107.62258,-2.5334]]],[[[107.6188,-2.53609],[107.62141,-2.5374],[107.61814,-2.53798],[107.6188,-2.53609]]],[[[107.6209,-2.56766],[107.62044,-2.56802],[107.62033,-2.56761],[107.6209,-2.56766]]],[[[107.61981,-2.56875],[107.61919,-2.56933],[107.61903,-2.56865],[107.61981,-2.56875]]],[[[107.61945,-2.55506],[107.61913,-2.55568],[107.61903,-2.55522],[107.61945,-2.55506]]],[[[107.61752,-2.58656],[107.61695,-2.58771],[107.61689,-2.58672],[107.61752,-2.58656]]],[[[107.61012,-2.74636],[107.61105,-2.74566],[107.61141,-2.74629],[107.61012,-2.74636]]],[[[107.60851,-2.70929],[107.6083,-2.70996],[107.60794,-2.7095],[107.60851,-2.70929]]],[[[107.60747,-3.24361],[107.60764,-3.24598],[107.6069,-3.24341],[107.60747,-3.24361]]],[[[107.60492,-2.71043],[107.60461,-2.71158],[107.6045,-2.71064],[107.60492,-2.71043]]],[[[107.59605,-2.76963],[107.60295,-2.76654],[107.60376,-2.77003],[107.59605,-2.76963]]],[[[107.603,-2.77038],[107.60339,-2.77338],[107.59658,-2.77324],[107.60251,-2.77228],[107.603,-2.77038]]],[[[107.59499,-2.77104],[107.59798,-2.7721],[107.59545,-2.77301],[107.59499,-2.77104]]],[[[107.59532,-3.22685],[107.59437,-3.22773],[107.5943,-3.22702],[107.59532,-3.22685]]],[[[107.59529,-2.78222],[107.59445,-2.78165],[107.59522,-2.78128],[107.59529,-2.78222]]],[[[107.59329,-2.83081],[107.59277,-2.83343],[107.59161,-2.83192],[107.59329,-2.83081]]],[[[107.58757,-2.83144],[107.59059,-2.83374],[107.58851,-2.83451],[107.58757,-2.83144]]],[[[107.58627,-2.82661],[107.58947,-2.82877],[107.58679,-2.82903],[107.58627,-2.82661]]],[[[107.58484,-2.78487],[107.58432,-2.78574],[107.58398,-2.78539],[107.58484,-2.78487]]],[[[107.57521,-2.79483],[107.57539,-2.79569],[107.5747,-2.79534],[107.57521,-2.79483]]],[[[107.57384,-3.25399],[107.57289,-3.25487],[107.57282,-3.25416],[107.57384,-3.25399]]],[[[107.56221,-3.24287],[107.5691,-3.24215],[107.56609,-3.2458],[107.56221,-3.24287]]],[[[107.56743,-3.05288],[107.56482,-3.05246],[107.56682,-3.05082],[107.56743,-3.05288]]],[[[107.56646,-2.78005],[107.56546,-2.78118],[107.56569,-2.78024],[107.56646,-2.78005]]],[[[107.56167,-3.04815],[107.55766,-3.05331],[107.55688,-3.03882],[107.56167,-3.04815]]],[[[107.55834,-2.97937],[107.56003,-2.98167],[107.55641,-2.98034],[107.55834,-2.97937]]],[[[107.55846,-2.98348],[107.55459,-2.98469],[107.55882,-2.98191],[107.55846,-2.98348]]],[[[107.51681,-3.19691],[107.55205,-3.20245],[107.52265,-3.25463],[107.51681,-3.19691]]],[[[107.54463,-3.02456],[107.54869,-3.04051],[107.54172,-3.02638],[107.54463,-3.02456]]],[[[107.54706,-2.85209],[107.54611,-2.85235],[107.54723,-2.8514],[107.54706,-2.85209]]],[[[107.54438,-2.85745],[107.54429,-2.8565],[107.5455,-2.85537],[107.54438,-2.85745]]],[[[107.53013,-2.77847],[107.54058,-2.78352],[107.52941,-2.78239],[107.53013,-2.77847]]],[[[107.52859,-2.96107],[107.5378,-2.96243],[107.53811,-2.96394],[107.52859,-2.96107]]],[[[107.53213,-2.96802],[107.53358,-2.98614],[107.52584,-3.00534],[107.5163,-2.97176],[107.53213,-2.96802]]],[[[107.51654,-2.97043],[107.52234,-2.9621],[107.52995,-2.96657],[107.51654,-2.97043]]],[[[107.51657,-2.93415],[107.5265,-2.93795],[107.52935,-2.9509],[107.51484,-2.94417],[107.51657,-2.93415]]],[[[107.52805,-2.84907],[107.52667,-2.84941],[107.5265,-2.84864],[107.52805,-2.84907]]],[[[107.52063,-2.9503],[107.51933,-2.95142],[107.51942,-2.94943],[107.52063,-2.9503]]],[[[107.50909,-3.0353],[107.50642,-3.03578],[107.50679,-3.03342],[107.50909,-3.0353]]],[[[107.50525,-2.97569],[107.50733,-2.99875],[107.50171,-2.9699],[107.50525,-2.97569]]],[[[107.50686,-3.0033],[107.50353,-3.01739],[107.49787,-2.99854],[107.50686,-3.0033]]],[[[107.47811,-2.82489],[107.50643,-2.82731],[107.4867,-2.84426],[107.47811,-2.82489]]],[[[107.5063,-2.84328],[107.49429,-2.87589],[107.49081,-2.87659],[107.48306,-2.86342],[107.5063,-2.84328]]],[[[107.50497,-2.99873],[107.50376,-2.99971],[107.50337,-2.99817],[107.50497,-2.99873]]],[[[107.49945,-3.02572],[107.50351,-3.04118],[107.49248,-3.05252],[107.48732,-3.03117],[107.49945,-3.02572]]],[[[107.49557,-3.06016],[107.49417,-3.06143],[107.49339,-3.0601],[107.49557,-3.06016]]],[[[107.49345,-3.05889],[107.49351,-3.05961],[107.4932,-3.05895],[107.49345,-3.05889]]],[[[107.48932,-3.05185],[107.49011,-3.05106],[107.49011,-3.05149],[107.48932,-3.05185]]],[[[107.48725,-2.91942],[107.48469,-2.94212],[107.48213,-2.94506],[107.48725,-2.91942]]],[[[107.46434,-2.8216],[107.47968,-2.84426],[107.47465,-2.84209],[107.464,-2.85064],[107.4596,-2.85149],[107.45652,-2.85363],[107.45494,-2.85345],[107.45454,-2.85471],[107.45262,-2.85405],[107.45213,-2.85545],[107.45193,-2.85436],[107.45126,-2.8542],[107.45163,-2.85578],[107.48595,-2.84974],[107.4762,-2.89071],[107.46149,-2.8973],[107.47177,-2.90288],[107.43246,-2.92129],[107.4307,-2.92992],[107.41111,-2.9181],[107.42448,-2.93037],[107.41226,-2.94525],[107.3387,-2.88222],[107.37146,-2.88546],[107.37799,-2.876],[107.36656,-2.86489],[107.38069,-2.84761],[107.46434,-2.8216]]],[[[107.47557,-2.83164],[107.47475,-2.83371],[107.47419,-2.83187],[107.47557,-2.83164]]],[[[107.47281,-2.84458],[107.47139,-2.84603],[107.47113,-2.8455],[107.47281,-2.84458]]],[[[107.47183,-3.249],[107.47087,-3.24988],[107.47081,-3.24917],[107.47183,-3.249]]],[[[107.469,-2.92543],[107.47175,-2.94522],[107.45626,-2.96148],[107.46533,-2.9659],[107.43647,-2.98414],[107.42741,-2.96749],[107.43713,-2.95265],[107.42528,-2.95699],[107.43225,-2.93894],[107.469,-2.92543]]],[[[107.46634,-3.19814],[107.46766,-3.19788],[107.46785,-3.19828],[107.46634,-3.19814]]],[[[107.43434,-2.92376],[107.43186,-2.92632],[107.43341,-2.92283],[107.43434,-2.92376]]],[[[107.43264,-2.93608],[107.42977,-2.93724],[107.4321,-2.93577],[107.43264,-2.93608]]],[[[107.41684,-2.79108],[107.43253,-2.81998],[107.40069,-2.83401],[107.37119,-2.82312],[107.40168,-2.81319],[107.40214,-2.8095],[107.3977,-2.80418],[107.38269,-2.80047],[107.41684,-2.79108]]],[[[107.43132,-3.06655],[107.43057,-3.06799],[107.43049,-3.06633],[107.43132,-3.06655]]],[[[107.42809,-2.7883],[107.42791,-2.7891],[107.42755,-2.78812],[107.42809,-2.7883]]],[[[107.42625,-2.95269],[107.42547,-2.95269],[107.42594,-2.95215],[107.42625,-2.95269]]],[[[107.41917,-3.05879],[107.41858,-3.06068],[107.41858,-3.05796],[107.41917,-3.05879]]],[[[107.41899,-3.06474],[107.41899,-3.06519],[107.41861,-3.06504],[107.41899,-3.06474]]],[[[107.41894,-3.06293],[107.41847,-3.06328],[107.41847,-3.06257],[107.41894,-3.06293]]],[[[107.41804,-2.95362],[107.41742,-2.95424],[107.41734,-2.95339],[107.41804,-2.95362]]],[[[107.41502,-2.95424],[107.41432,-2.95432],[107.41649,-2.95277],[107.41502,-2.95424]]],[[[107.40007,-2.80704],[107.40002,-2.80826],[107.39966,-2.80715],[107.40007,-2.80704]]],[[[107.39654,-3.05081],[107.3963,-3.05235],[107.39606,-3.05105],[107.39654,-3.05081]]],[[[107.39646,-2.81284],[107.39578,-2.81309],[107.396,-2.81273],[107.39646,-2.81284]]],[[[107.39512,-3.05297],[107.3911,-3.05581],[107.39193,-3.05108],[107.39512,-3.05297]]],[[[107.38377,-3.0436],[107.38708,-3.04951],[107.38578,-3.05708],[107.38377,-3.0436]]],[[[107.37217,-2.80168],[107.36956,-2.80639],[107.36575,-2.80438],[107.37217,-2.80168]]],[[[107.36852,-3.06015],[107.36627,-3.06145],[107.36769,-3.05802],[107.36852,-3.06015]]],[[[107.36553,-2.80275],[107.36505,-2.80317],[107.36449,-2.80277],[107.36553,-2.80275]]],[[[107.36178,-3.07871],[107.35977,-3.08273],[107.36131,-3.07824],[107.36178,-3.07871]]],[[[107.35998,-2.80541],[107.35991,-2.80589],[107.35971,-2.80547],[107.35998,-2.80541]]],[[[107.35977,-3.05365],[107.35776,-3.05601],[107.35918,-3.05329],[107.35977,-3.05365]]],[[[107.35519,-2.91914],[107.35525,-2.92038],[107.35488,-2.91926],[107.35519,-2.91914]]],[[[107.35457,-2.92193],[107.35333,-2.92186],[107.35426,-2.92124],[107.35457,-2.92193]]],[[[107.34996,-3.04608],[107.34866,-3.0475],[107.34842,-3.04561],[107.34996,-3.04608]]],[[[107.34027,-2.85984],[107.33923,-2.86052],[107.3393,-2.85955],[107.34027,-2.85984]]],[[[107.27176,-2.99524],[107.27461,-3.00141],[107.27185,-3.0013],[107.27176,-2.99524]]],[[[107.22639,-2.99086],[107.24253,-2.98858],[107.22908,-2.99665],[107.22639,-2.99086]]],[[[107.23508,-2.96085],[107.22246,-2.9625],[107.23632,-2.95691],[107.23508,-2.96085]]],[[[107.21967,-3.30551],[107.21972,-3.30687],[107.2187,-3.30579],[107.21967,-3.30551]]],[[[107.21406,-3.31938],[107.20931,-3.31751],[107.21106,-3.31519],[107.21406,-3.31938]]],[[[107.17092,-3.02493],[107.16596,-3.03196],[107.16492,-3.02948],[107.17092,-3.02493]]],[[[107.15352,-3.03325],[107.14772,-3.03863],[107.14772,-3.03345],[107.15352,-3.03325]]],[[[107.13512,-2.98359],[107.12991,-2.98182],[107.13369,-2.97942],[107.13512,-2.98359]]],[[[107.10682,-2.99016],[107.10432,-2.99118],[107.10452,-2.98688],[107.10682,-2.99016]]]],"type":"MultiPolygon"},"properties":{"ADM1_EN":"Kepulauan Bangka Belitung","ADM2_EN":"Belitung","latitude":-2.86994571,"longitude":107.7110316},"type":"Feature"},{"geometry":{"coordinates":[[[[108.84788,-2.49395],[108.84559,-2.49499],[108.84682,-2.49301],[108.84788,-2.49395]]],[[[108.82987,-2.52051],[108.83043,-2.51869],[108.83365,-2.52501],[108.82987,-2.52051]]],[[[108.769,-2.57062],[108.76742,-2.57441],[108.76442,-2.56584],[108.769,-2.57062]]],[[[108.75074,-2.57502],[108.74882,-2.5743],[108.74989,-2.57334],[108.75074,-2.57502]]],[[[108.72971,-2.58188],[108.74135,-2.59136],[108.73978,-2.59838],[108.72753,-2.59309],[108.72971,-2.58188]]],[[[108.7168,-2.58442],[108.71519,-2.58537],[108.71639,-2.58346],[108.7168,-2.58442]]],[[[108.61701,-2.58975],[108.61798,-2.59345],[108.61581,-2.59245],[108.61701,-2.58975]]],[[[108.56127,-2.56729],[108.57126,-2.57149],[108.56939,-2.58094],[108.56127,-2.56729]]],[[[108.56923,-2.54404],[108.56685,-2.54484],[108.56878,-2.54304],[108.56923,-2.54404]]],[[[108.56365,-2.55288],[108.56189,-2.55529],[108.5622,-2.55292],[108.56365,-2.55288]]],[[[108.54586,-2.49355],[108.54859,-2.50816],[108.53689,-2.51331],[108.53572,-2.50181],[108.54586,-2.49355]]],[[[108.52789,-2.51206],[108.52593,-2.51358],[108.52635,-2.51163],[108.52789,-2.51206]]],[[[108.49237,-2.63288],[108.49893,-2.63367],[108.49807,-2.63892],[108.49237,-2.63288]]],[[[108.48875,-2.67868],[108.49198,-2.68027],[108.49195,-2.68054],[108.48875,-2.67868]]],[[[108.46224,-3.30749],[108.46505,-3.30837],[108.46265,-3.31032],[108.46224,-3.30749]]],[[[108.4632,-3.31392],[108.45858,-3.31367],[108.46238,-3.31156],[108.4632,-3.31392]]],[[[108.46296,-3.30081],[108.46198,-3.30079],[108.46255,-3.30046],[108.46296,-3.30081]]],[[[108.46196,-3.32442],[108.4596,-3.3241],[108.46081,-3.32236],[108.46196,-3.32442]]],[[[108.46146,-3.30364],[108.46046,-3.30396],[108.46141,-3.30308],[108.46146,-3.30364]]],[[[108.43799,-3.33008],[108.44697,-3.33222],[108.44453,-3.34098],[108.43799,-3.33008]]],[[[108.42766,-2.70924],[108.43184,-2.70932],[108.43248,-2.71236],[108.42766,-2.70924]]],[[[108.42003,-2.67126],[108.42568,-2.67157],[108.42473,-2.67478],[108.42003,-2.67126]]],[[[108.41213,-2.68664],[108.42134,-2.68688],[108.41961,-2.69294],[108.41213,-2.68664]]],[[[108.4154,-2.79378],[108.41873,-2.78969],[108.41998,-2.79313],[108.4154,-2.79378]]],[[[108.41379,-3.30133],[108.40679,-3.318],[108.40455,-3.31479],[108.41379,-3.30133]]],[[[108.41044,-2.79751],[108.41008,-2.79811],[108.41004,-2.79751],[108.41044,-2.79751]]],[[[108.40492,-3.31943],[108.403,-3.32011],[108.40335,-3.3186],[108.40492,-3.31943]]],[[[108.40155,-2.80935],[108.40241,-2.81062],[108.4042,-2.81438],[108.40146,-2.81196],[108.40155,-2.80935]]],[[[108.39394,-2.83938],[108.39534,-2.83973],[108.39387,-2.84025],[108.39394,-2.83938]]],[[[108.39508,-3.28325],[108.39234,-3.30156],[108.38138,-3.30305],[108.39508,-3.28325]]],[[[108.39089,-3.23787],[108.39333,-3.24723],[108.38977,-3.24714],[108.39089,-3.23787]]],[[[108.37363,-3.24687],[108.38815,-3.24694],[108.39275,-3.2531],[108.38135,-3.26205],[108.37363,-3.24687]]],[[[108.3684,-2.93382],[108.36744,-2.93414],[108.36784,-2.9333],[108.3684,-2.93382]]],[[[108.36779,-3.26705],[108.36433,-3.26841],[108.3661,-3.26477],[108.36779,-3.26705]]],[[[108.36752,-2.76742],[108.36734,-2.76952],[108.36717,-2.76724],[108.36752,-2.76742]]],[[[108.35927,-3.26018],[108.3599,-3.26003],[108.35986,-3.26056],[108.35927,-3.26018]]],[[[108.34928,-2.97029],[108.34821,-2.97062],[108.349,-2.96992],[108.34928,-2.97029]]],[[[108.30958,-3.23757],[108.30813,-3.23701],[108.30919,-3.23622],[108.30958,-3.23757]]],[[[108.30815,-3.19482],[108.30873,-3.19546],[108.30802,-3.19504],[108.30815,-3.19482]]],[[[108.30732,-3.22701],[108.30391,-3.22893],[108.30461,-3.22601],[108.30732,-3.22701]]],[[[108.29785,-3.05878],[108.30127,-3.06645],[108.29705,-3.06835],[108.29785,-3.05878]]],[[[108.30008,-3.23227],[108.29924,-3.23262],[108.29993,-3.23191],[108.30008,-3.23227]]],[[[107.93794,-2.56982],[108.0104,-2.58521],[108.0026,-2.61839],[108.02978,-2.63749],[108.01952,-2.65529],[108.01614,-2.66529],[108.01886,-2.66697],[108.02956,-2.65689],[108.0321,-2.64838],[108.03152,-2.63983],[108.03417,-2.65211],[108.03876,-2.6408],[108.04173,-2.59883],[108.07491,-2.60735],[108.08611,-2.59854],[108.11344,-2.63174],[108.12611,-2.62846],[108.15314,-2.65174],[108.14897,-2.67167],[108.16431,-2.6862],[108.17109,-2.6688],[108.19602,-2.68223],[108.19265,-2.69161],[108.27079,-2.75182],[108.26624,-2.77057],[108.29813,-2.84746],[108.29431,-2.87769],[108.25345,-2.91226],[108.24718,-2.95587],[108.20859,-3.01201],[108.2133,-3.06986],[108.17989,-3.12014],[108.20874,-3.14526],[108.18541,-3.14278],[108.15248,-3.17214],[108.08218,-3.16868],[108.06921,-3.18799],[108.08673,-3.20786],[108.08335,-3.24431],[108.01439,-3.24353],[107.98455,-3.27235],[107.96571,-3.24408],[107.97345,-3.19161],[107.96318,-3.16759],[107.93278,-3.15089],[107.92971,-3.12634],[107.9235,-3.13171],[107.90489,-3.11548],[107.88634,-3.11769],[107.89932,-3.09817],[107.88926,-3.08176],[107.84862,-3.06039],[107.86401,-3.02887],[107.8501,-2.97655],[107.75064,-2.89363],[107.78521,-2.8663],[107.82481,-2.87894],[107.85495,-2.8675],[107.84901,-2.82156],[107.86781,-2.80061],[107.93684,-2.79943],[107.99535,-2.77675],[107.9915,-2.75213],[107.95828,-2.75705],[107.96288,-2.74253],[107.93303,-2.72066],[107.93569,-2.70926],[107.90654,-2.71074],[107.87635,-2.69041],[107.89646,-2.66322],[107.89911,-2.6082],[107.92706,-2.60038],[107.93794,-2.56982]]],[[[108.29098,-3.22427],[108.28948,-3.22474],[108.29036,-3.22309],[108.29098,-3.22427]]],[[[108.29062,-3.22731],[108.29028,-3.22756],[108.29026,-3.22724],[108.29062,-3.22731]]],[[[108.29025,-3.22812],[108.28955,-3.22851],[108.28958,-3.22814],[108.29025,-3.22812]]],[[[108.2885,-3.23211],[108.28803,-3.23065],[108.29015,-3.22909],[108.2885,-3.23211]]],[[[108.28678,-3.20799],[108.28691,-3.2189],[108.27689,-3.22518],[108.27577,-3.21254],[108.28678,-3.20799]]],[[[108.28208,-2.97583],[108.27984,-2.9798],[108.27828,-2.97784],[108.28208,-2.97583]]],[[[108.27878,-3.01463],[108.27604,-3.0155],[108.27676,-3.01347],[108.27878,-3.01463]]],[[[108.27382,-3.22727],[108.27472,-3.22765],[108.27789,-3.22785],[108.27519,-3.22864],[108.27382,-3.22727]]],[[[108.27572,-3.06117],[108.27497,-3.06123],[108.27499,-3.06087],[108.27572,-3.06117]]],[[[108.25454,-3.04531],[108.27282,-3.0556],[108.24147,-3.07646],[108.23482,-3.06442],[108.25454,-3.04531]]],[[[108.26943,-3.07331],[108.26899,-3.07454],[108.26812,-3.07352],[108.26943,-3.07331]]],[[[108.2552,-2.96252],[108.25247,-2.96256],[108.25381,-2.96118],[108.2552,-2.96252]]],[[[108.25446,-2.96617],[108.25245,-2.9662],[108.25343,-2.96518],[108.25446,-2.96617]]],[[[108.25204,-2.96449],[108.25019,-2.96453],[108.2511,-2.96358],[108.25204,-2.96449]]],[[[108.25088,-2.96158],[108.24801,-2.96163],[108.24942,-2.96017],[108.25088,-2.96158]]],[[[108.24578,-3.1479],[108.24383,-3.1512],[108.24246,-3.15046],[108.24578,-3.1479]]],[[[108.22238,-3.23706],[108.22175,-3.23731],[108.22208,-3.237],[108.22238,-3.23706]]],[[[108.22219,-3.22962],[108.22238,-3.2302],[108.22186,-3.23004],[108.22219,-3.22962]]],[[[108.21275,-3.14335],[108.21834,-3.14762],[108.21067,-3.14943],[108.21275,-3.14335]]],[[[108.21728,-3.24075],[108.21695,-3.2413],[108.21692,-3.24061],[108.21728,-3.24075]]],[[[108.19749,-3.17279],[108.20859,-3.17563],[108.19772,-3.17633],[108.19749,-3.17279]]],[[[108.20822,-2.62142],[108.20761,-2.62262],[108.20682,-2.62077],[108.20822,-2.62142]]],[[[108.20618,-3.19888],[108.20021,-3.2079],[108.18641,-3.21258],[108.18911,-3.20747],[108.20618,-3.19888]]],[[[108.19261,-3.22021],[108.19833,-3.2279],[108.18664,-3.22813],[108.19261,-3.22021]]],[[[108.18493,-3.16715],[108.19532,-3.1698],[108.17706,-3.17801],[108.18493,-3.16715]]],[[[108.19507,-3.16212],[108.19284,-3.16397],[108.19206,-3.16289],[108.19507,-3.16212]]],[[[108.18038,-3.18828],[108.1884,-3.19115],[108.17731,-3.18991],[108.18038,-3.18828]]],[[[108.16282,-3.1725],[108.15879,-3.17518],[108.15923,-3.17222],[108.16282,-3.1725]]],[[[108.12542,-3.18364],[108.13193,-3.18169],[108.13388,-3.18607],[108.12542,-3.18364]]],[[[108.09122,-3.21876],[108.09025,-3.21952],[108.09065,-3.2184],[108.09122,-3.21876]]],[[[108.09055,-3.23379],[108.08966,-3.23339],[108.09007,-3.233],[108.09055,-3.23379]]],[[[108.08973,-3.21199],[108.08831,-3.21326],[108.08872,-3.21091],[108.08973,-3.21199]]],[[[108.07494,-3.2504],[108.07373,-3.25057],[108.07422,-3.24995],[108.07494,-3.2504]]],[[[108.03575,-2.57185],[108.03669,-2.57263],[108.03476,-2.57239],[108.03575,-2.57185]]],[[[108.03126,-2.64607],[108.02893,-2.64647],[108.0295,-2.64468],[108.03126,-2.64607]]],[[[108.02995,-2.64855],[108.02744,-2.64986],[108.02788,-2.64742],[108.02995,-2.64855]]],[[[108.0199,-2.65571],[108.02829,-2.65603],[108.01863,-2.66571],[108.0199,-2.65571]]],[[[107.99067,-2.55321],[107.98759,-2.55141],[107.99082,-2.55251],[107.99067,-2.55321]]],[[[107.98949,-3.29997],[107.98819,-3.30256],[107.98625,-3.29911],[107.98949,-3.29997]]],[[[107.95899,-3.41206],[107.96272,-3.4128],[107.96238,-3.4169],[107.95899,-3.41206]]],[[[107.89375,-3.1261],[107.8874,-3.1224],[107.89256,-3.11856],[107.89375,-3.1261]]]],"type":"MultiPolygon"},"properties":{"ADM1_EN":"Kepulauan Bangka Belitung","ADM2_EN":"Belitung Timur","latitude":-2.90711402,"longitude":108.0523757},"type":"Feature"},{"geometry":{"coordinates":[[[96.66721,4.97356],[96.76409,4.95775],[96.8726,4.87518],[96.98813,4.86287],[97.00148,4.86873],[97.02148,4.91429],[97.1019,4.90179],[97.13635,4.91322],[97.25529,4.86997],[97.28185,4.82024],[97.24716,4.76024],[97.25839,4.743],[97.25144,4.73508],[97.25898,4.72462],[97.27461,4.72861],[97.27056,4.73708],[97.31455,4.73388],[97.31757,4.74236],[97.3277,4.7108],[97.30943,4.66448],[97.25497,4.66183],[97.25933,4.62461],[97.29906,4.62943],[97.31332,4.60178],[97.19434,4.57533],[97.11826,4.58301],[96.95446,4.65139],[96.84024,4.66598],[96.81807,4.68491],[96.80547,4.67582],[96.79195,4.70989],[96.74601,4.71283],[96.71089,4.7527],[96.70249,4.74492],[96.68375,4.75589],[96.70134,4.7789],[96.70754,4.81879],[96.69048,4.83882],[96.67579,4.94976],[96.65709,4.95564],[96.66721,4.97356]]],"type":"Polygon"},"properties":{"ADM1_EN":"Aceh","ADM2_EN":"Bener Meriah","latitude":4.7673141,"longitude":97.00711793},"type":"Feature"},{"geometry":{"coordinates":[[[[102.01023,1.60514],[102.46135,1.51815],[102.49672,1.46799],[102.4793,1.44133],[102.49546,1.43184],[102.50815,1.25537],[102.49587,1.25275],[102.3975,1.32362],[102.29307,1.42953],[102.18379,1.43757],[102.08804,1.47975],[102.03144,1.53281],[101.99818,1.58381],[102.01023,1.60514]]],[[[101.72595,1.672],[102.00526,1.45845],[102.08986,1.40168],[102.14866,1.37896],[102.15919,1.36056],[102.14968,1.26847],[102.1641,1.23177],[102.16201,1.19079],[102.13187,1.17693],[101.96899,0.96048],[101.84057,0.94686],[101.87841,1.01428],[101.87389,1.09999],[101.81386,1.16892],[101.74049,1.19277],[101.71185,1.19713],[101.53942,0.9254],[101.51826,0.95142],[101.45595,0.98486],[101.45595,1.00334],[101.43348,1.01609],[101.33981,1.02815],[101.28239,1.0604],[101.23051,1.00687],[100.93259,1.24848],[100.94754,1.35122],[101.0173,1.35272],[101.17887,1.44532],[101.31727,1.47478],[101.42217,1.43106],[101.42221,1.45831],[101.47551,1.45639],[101.48123,1.48208],[101.51488,1.48169],[101.57876,1.54001],[101.62621,1.51735],[101.68998,1.5158],[101.72595,1.672]]],[[[101.65523,2.12488],[101.71084,2.08982],[101.72142,2.04448],[101.73971,2.0402],[101.77953,1.98034],[101.7855,1.93946],[101.76799,1.9315],[101.77779,1.92648],[101.75324,1.88994],[101.73169,1.76255],[101.61565,1.68825],[101.45492,1.7254],[101.38375,1.90633],[101.39782,2.00513],[101.43249,2.04758],[101.47056,2.06452],[101.50812,2.04941],[101.51834,2.02871],[101.55621,2.04699],[101.56688,2.03876],[101.5888,2.08887],[101.60425,2.10002],[101.6116,2.10355],[101.62086,2.10566],[101.63467,2.11153],[101.65523,2.12488]]],[[[101.64179,2.11778],[101.63664,2.12076],[101.64132,2.1223],[101.64179,2.11778]]],[[[101.63596,2.11985],[101.63458,2.11493],[101.62554,2.11514],[101.63967,2.12451],[101.64108,2.12266],[101.63707,2.1214],[101.63596,2.11985]]],[[[101.63021,2.10979],[101.62962,2.11182],[101.63436,2.11162],[101.63021,2.10979]]],[[[101.57989,2.07586],[101.57181,2.06958],[101.57989,2.07747],[101.57989,2.07586]]],[[[101.57723,2.07672],[101.57129,2.07502],[101.57745,2.07843],[101.57723,2.07672]]],[[[101.57537,2.10407],[101.57653,2.10075],[101.57356,2.10204],[101.57537,2.10407]]],[[[101.55307,2.09972],[101.55093,2.08915],[101.5434,2.09365],[101.55307,2.09972]]],[[[101.43225,1.75135],[101.42951,1.74699],[101.43209,1.75442],[101.43225,1.75135]]],[[[101.41988,1.75331],[101.41634,1.7462],[101.4162,1.76657],[101.41988,1.75331]]],[[[101.40704,1.76027],[101.39327,1.79472],[101.40183,1.82817],[101.41207,1.79696],[101.40704,1.76027]]],[[[101.41201,1.75623],[101.4112,1.75105],[101.40912,1.75413],[101.41201,1.75623]]],[[[101.40541,1.84325],[101.40392,1.83973],[101.40339,1.84411],[101.40541,1.84325]]],[[[101.38086,1.76483],[101.37157,1.78602],[101.37706,1.80493],[101.38171,1.80185],[101.38086,1.76483]]],[[[101.35339,1.88417],[101.36719,1.8817],[101.36951,1.87155],[101.35339,1.88417]]]],"type":"MultiPolygon"},"properties":{"ADM1_EN":"Riau","ADM2_EN":"Bengkalis","latitude":1.40609648,"longitude":101.6633452},"type":"Feature"},{"geometry":{"coordinates":[[[103.00037,-4.15906],[103.06136,-4.19604],[103.06422,-4.21171],[103.05154,-4.21924],[103.07579,-4.26249],[103.1809,-4.23603],[103.2008,-4.24758],[103.2506,-4.24496],[103.28833,-4.26305],[103.28014,-4.29075],[103.22894,-4.29303],[103.20069,-4.30788],[103.20119,-4.39169],[103.16797,-4.40026],[103.14944,-4.44488],[103.08511,-4.52821],[103.08023,-4.55971],[103.00987,-4.52224],[102.8999,-4.4893],[102.9,-4.46609],[102.87711,-4.43066],[102.8157,-4.38273],[102.80011,-4.35991],[102.8461,-4.34017],[102.86179,-4.28317],[102.88532,-4.26321],[102.88074,-4.2371],[102.90143,-4.17905],[102.93496,-4.18542],[103.00037,-4.15906]]],"type":"Polygon"},"properties":{"ADM1_EN":"Bengkulu","ADM2_EN":"Bengkulu Selatan","latitude":-4.34866316,"longitude":103.0237296},"type":"Feature"},{"geometry":{"coordinates":[[[102.45443,-3.54733],[102.47864,-3.55267],[102.51183,-3.58642],[102.52834,-3.65694],[102.57724,-3.6835],[102.58266,-3.74016],[102.61428,-3.80046],[102.6068,-3.81017],[102.56348,-3.80678],[102.55219,-3.83549],[102.5329,-3.82956],[102.4077,-3.86155],[102.3595,-3.84156],[102.3317,-3.73186],[102.2896,-3.74168],[102.2754,-3.72721],[102.25008,-3.73843],[102.23301,-3.71545],[102.24362,-3.69629],[102.20547,-3.6537],[102.2243,-3.59771],[102.2675,-3.59179],[102.3394,-3.52847],[102.3833,-3.52003],[102.42167,-3.49405],[102.45443,-3.54733]]],"type":"Polygon"},"properties":{"ADM1_EN":"Bengkulu","ADM2_EN":"Bengkulu Tengah","latitude":-3.68754736,"longitude":102.4116695},"type":"Feature"},{"geometry":{"coordinates":[[[[101.88201,-2.7338],[101.92276,-2.73777],[101.9641,-2.81549],[102.00739,-2.85223],[102.00819,-2.88456],[102.0318,-2.91692],[102.04173,-2.97379],[102.08358,-2.99865],[102.10797,-3.04413],[102.1377,-3.06864],[102.14219,-3.11198],[102.1262,-3.1734],[102.14163,-3.19691],[102.15363,-3.18945],[102.16927,-3.20864],[102.16015,-3.22661],[102.20601,-3.22141],[102.24932,-3.26204],[102.28902,-3.28024],[102.29825,-3.32154],[102.27509,-3.36101],[102.37606,-3.38202],[102.36689,-3.40533],[102.38986,-3.41466],[102.40806,-3.44763],[102.42167,-3.49405],[102.3833,-3.52003],[102.3357,-3.53029],[102.2675,-3.59179],[102.2243,-3.59771],[102.20547,-3.6537],[102.07554,-3.55225],[101.92592,-3.47867],[101.91003,-3.43862],[101.6257,-3.24864],[101.57579,-3.18456],[101.6221,-3.13804],[101.6687,-3.12583],[101.71341,-3.07608],[101.70204,-3.05391],[101.79078,-2.983],[101.78455,-2.93754],[101.80257,-2.92224],[101.80594,-2.87986],[101.84987,-2.82933],[101.86607,-2.78896],[101.85558,-2.71688],[101.88201,-2.7338]]],[[[102.38791,-5.44073],[102.39259,-5.44604],[102.3861,-5.44285],[102.38791,-5.44073]]],[[[102.14635,-5.28299],[102.24836,-5.32436],[102.28495,-5.35668],[102.38116,-5.38597],[102.38878,-5.40696],[102.3732,-5.42849],[102.36767,-5.45667],[102.33901,-5.45698],[102.37488,-5.48455],[102.36019,-5.50524],[102.32273,-5.49464],[102.31195,-5.47549],[102.30283,-5.48769],[102.28043,-5.47673],[102.26992,-5.48904],[102.2753,-5.51423],[102.26587,-5.51158],[102.2028,-5.41683],[102.16827,-5.41029],[102.16132,-5.39443],[102.08796,-5.35753],[102.09527,-5.32329],[102.13555,-5.31289],[102.14635,-5.28299]]],[[[102.38391,-5.47207],[102.38718,-5.47184],[102.3845,-5.47589],[102.38391,-5.47207]]],[[[102.37769,-5.42739],[102.37899,-5.42775],[102.37825,-5.42838],[102.37769,-5.42739]]],[[[102.3759,-5.3697],[102.37588,-5.36973],[102.37587,-5.36969],[102.3759,-5.3697]]],[[[102.37336,-5.46613],[102.37248,-5.46642],[102.37221,-5.46574],[102.37336,-5.46613]]]],"type":"MultiPolygon"},"properties":{"ADM1_EN":"Bengkulu","ADM2_EN":"Bengkulu Utara","latitude":-3.4269209,"longitude":102.0157826},"type":"Feature"},{"geometry":{"coordinates":[[[[107.53794,1.02662],[107.60291,0.99764],[107.55343,0.94758],[107.5537,0.97099],[107.5794,0.99088],[107.5659,0.99608],[107.57402,1.00286],[107.57325,1.00797],[107.54865,0.97521],[107.5415,0.97283],[107.54652,0.9809],[107.52939,0.9944],[107.53794,1.02662]]],[[[107.57198,1.02146],[107.57266,1.02083],[107.57213,1.02062],[107.57198,1.02146]]],[[[107.54189,0.89618],[107.54943,0.88021],[107.54487,0.86696],[107.54189,0.89618]]],[[[107.52156,0.99351],[107.52854,0.99185],[107.52171,0.99067],[107.52156,0.99351]]],[[[107.52252,0.87991],[107.51841,0.87778],[107.52073,0.88483],[107.52252,0.87991]]],[[[107.52197,0.94692],[107.51854,0.94687],[107.5215,0.94805],[107.52197,0.94692]]],[[[107.50184,1.05005],[107.51279,1.04649],[107.51997,1.04714],[107.50414,1.03612],[107.50184,1.05005]]],[[[107.5147,1.02288],[107.51336,1.02202],[107.51452,1.02336],[107.5147,1.02288]]],[[[107.5086,1.02419],[107.51265,1.02375],[107.50967,1.02207],[107.5086,1.02419]]],[[[107.50452,0.95162],[107.50939,0.94103],[107.50244,0.9298],[107.49547,0.94358],[107.50452,0.95162]]],[[[107.50132,0.92619],[107.49845,0.92506],[107.49941,0.92915],[107.50132,0.92619]]],[[[107.48407,1.05278],[107.49439,1.05325],[107.49416,1.04531],[107.48407,1.05278]]],[[[107.48836,0.96919],[107.49407,0.96063],[107.48918,0.95393],[107.48836,0.96919]]],[[[107.48161,0.96629],[107.48687,0.9541],[107.48238,0.94333],[107.47638,0.95163],[107.48161,0.96629]]],[[[107.43204,0.9756],[107.47334,0.9663],[107.46765,0.92319],[107.43983,0.93239],[107.43204,0.9756]]],[[[107.4699,0.90607],[107.46805,0.90539],[107.46946,0.90685],[107.4699,0.90607]]],[[[107.4413,1.0888],[107.44536,1.08733],[107.44109,1.08598],[107.4413,1.0888]]],[[[107.43851,1.09089],[107.43035,1.0873],[107.43424,1.09378],[107.43851,1.09089]]],[[[107.41117,0.95891],[107.42354,0.96339],[107.42071,0.94771],[107.41117,0.95891]]],[[[107.42253,1.00255],[107.42181,1.00135],[107.42182,1.00269],[107.42253,1.00255]]],[[[107.4155,0.99175],[107.41509,0.98064],[107.40423,0.97887],[107.40065,0.98808],[107.4155,0.99175]]],[[[107.39908,0.50676],[107.38885,0.51277],[107.39482,0.52306],[107.41443,0.51962],[107.39908,0.50676]]],[[[107.40358,1.11246],[107.41225,1.09258],[107.38934,1.09094],[107.40358,1.11246]]],[[[107.407,1.00434],[107.40966,0.99982],[107.40503,0.99923],[107.407,1.00434]]],[[[107.39923,0.97444],[107.39482,0.97025],[107.39595,0.97537],[107.39923,0.97444]]],[[[107.39538,0.98213],[107.39822,0.98088],[107.39652,0.98039],[107.39538,0.98213]]],[[[107.39278,1.01146],[107.39524,0.99898],[107.39281,0.98942],[107.38735,0.99492],[107.39278,1.01146]]],[[[107.37997,1.01283],[107.38603,1.00777],[107.37718,1.0054],[107.37997,1.01283]]],[[[107.37607,0.52822],[107.3846,0.52049],[107.37693,0.52393],[107.37607,0.52822]]],[[[107.38285,1.03029],[107.37775,1.03307],[107.37825,1.03605],[107.38285,1.03029]]],[[[107.35671,1.01183],[107.37373,1.01902],[107.36716,1.00611],[107.35671,1.01183]]],[[[107.23465,0.69045],[107.22868,0.68788],[107.23039,0.6956],[107.23465,0.69045]]],[[[107.18828,0.56738],[107.19175,0.56671],[107.18983,0.5653],[107.18828,0.56738]]],[[[107.18095,0.56921],[107.18275,0.56506],[107.17925,0.56563],[107.18095,0.56921]]],[[[107.17069,0.57904],[107.17464,0.57996],[107.17204,0.57529],[107.17069,0.57904]]],[[[107.15132,0.51858],[107.15093,0.51791],[107.15121,0.51885],[107.15132,0.51858]]],[[[107.15073,0.51415],[107.14919,0.51544],[107.15096,0.51499],[107.15073,0.51415]]],[[[107.1279,0.5876],[107.13462,0.57935],[107.12389,0.5803],[107.1279,0.5876]]],[[[107.10581,0.5827],[107.10767,0.58079],[107.10488,0.58032],[107.10581,0.5827]]],[[[107.0936,0.6068],[107.0929,0.59787],[107.07997,0.59923],[107.08797,0.59966],[107.0936,0.6068]]],[[[107.0414,1.31586],[107.0456,1.31474],[107.04288,1.31355],[107.0414,1.31586]]],[[[107.03226,0.61847],[107.03543,0.61935],[107.03183,0.61663],[107.03226,0.61847]]],[[[107.03257,0.57726],[107.02745,0.57554],[107.02916,0.58155],[107.03257,0.57726]]],[[[107.01557,0.64913],[107.02097,0.62265],[107.01503,0.62238],[107.01557,0.64913]]],[[[106.99291,0.60621],[106.9917,0.60544],[106.99213,0.60638],[106.99291,0.60621]]],[[[106.97623,0.60141],[106.98109,0.60914],[106.9881,0.60188],[106.97623,0.60141]]],[[[106.97472,0.55698],[106.97903,0.55626],[106.97879,0.55251],[106.97472,0.55698]]],[[[106.97897,0.61788],[106.97775,0.61787],[106.97839,0.61848],[106.97897,0.61788]]],[[[106.97731,0.5948],[106.97726,0.59377],[106.97697,0.5939],[106.97731,0.5948]]],[[[106.893,1.19289],[106.88665,1.189],[106.88621,1.1939],[106.893,1.19289]]],[[[106.74384,0.92078],[106.73872,0.92189],[106.73485,0.92871],[106.74384,0.92078]]],[[[104.91875,0.9346],[104.92704,0.93642],[104.92794,0.92721],[104.91875,0.9346]]],[[[104.7884,1.02757],[104.84948,1.0133],[104.84359,0.99706],[104.85434,0.98265],[104.84005,0.96188],[104.814,0.96299],[104.8248,0.98027],[104.80491,0.98928],[104.81102,1.00244],[104.79486,1.00106],[104.78744,1.00431],[104.7884,1.02757]]],[[[104.83066,1.04718],[104.8289,1.0472],[104.82985,1.04791],[104.83066,1.04718]]],[[[104.81972,1.02888],[104.81829,1.02794],[104.81829,1.02903],[104.81972,1.02888]]],[[[104.8135,0.97095],[104.81287,0.97284],[104.81888,0.97162],[104.8135,0.97095]]],[[[104.81089,0.79011],[104.81494,0.78707],[104.80977,0.78693],[104.81089,0.79011]]],[[[104.81368,1.02526],[104.81192,1.02584],[104.81357,1.02632],[104.81368,1.02526]]],[[[104.7973,0.75406],[104.79963,0.75384],[104.79749,0.75324],[104.7973,0.75406]]],[[[104.79139,0.92656],[104.79018,0.92655],[104.79124,0.92755],[104.79139,0.92656]]],[[[104.78102,0.71853],[104.78033,0.71844],[104.78094,0.71885],[104.78102,0.71853]]],[[[104.77926,0.72435],[104.78088,0.72286],[104.77797,0.72192],[104.77926,0.72435]]],[[[104.77375,0.71787],[104.77273,0.71791],[104.77341,0.71828],[104.77375,0.71787]]],[[[104.76921,0.81425],[104.76839,0.81282],[104.76838,0.81427],[104.76921,0.81425]]],[[[104.76489,0.813],[104.76737,0.81116],[104.76393,0.8114],[104.76489,0.813]]],[[[104.71386,0.75345],[104.74824,0.74583],[104.75757,0.74812],[104.76122,0.73288],[104.73464,0.71741],[104.71413,0.74135],[104.71638,0.74572],[104.71386,0.75345]]],[[[104.74059,0.94321],[104.75129,0.93398],[104.75561,0.91873],[104.73235,0.93128],[104.74059,0.94321]]],[[[104.69972,0.79254],[104.74656,0.78762],[104.75369,0.75802],[104.74584,0.7513],[104.69192,0.7694],[104.68547,0.78112],[104.69972,0.79254]]],[[[104.7425,0.80187],[104.74863,0.79672],[104.73822,0.79523],[104.7425,0.80187]]],[[[104.74198,0.80662],[104.74052,0.80685],[104.7414,0.80765],[104.74198,0.80662]]],[[[104.71775,0.85958],[104.71894,0.85704],[104.71671,0.85737],[104.71775,0.85958]]],[[[104.71838,0.92221],[104.71682,0.91865],[104.71594,0.92466],[104.71838,0.92221]]],[[[104.69303,0.76273],[104.71498,0.75937],[104.71291,0.75265],[104.71545,0.74455],[104.71274,0.7415],[104.69677,0.73746],[104.69303,0.76273]]],[[[104.71406,1.05307],[104.70662,1.05091],[104.7069,1.05359],[104.71406,1.05307]]],[[[104.70767,0.87609],[104.71021,0.8754],[104.70855,0.87454],[104.70767,0.87609]]],[[[104.70704,0.8716],[104.7059,0.87111],[104.70661,0.87226],[104.70704,0.8716]]],[[[104.70285,0.84674],[104.70692,0.84145],[104.70234,0.84241],[104.70285,0.84674]]],[[[104.70364,0.87224],[104.70332,0.87183],[104.70333,0.8723],[104.70364,0.87224]]],[[[104.7006,0.90716],[104.69991,0.90696],[104.70038,0.9076],[104.7006,0.90716]]],[[[104.70026,0.79984],[104.69787,0.79857],[104.69942,0.80061],[104.70026,0.79984]]],[[[104.67381,0.8924],[104.70005,0.88655],[104.68994,0.85842],[104.69586,0.8485],[104.67683,0.84502],[104.66074,0.86386],[104.67381,0.8924]]],[[[104.69748,0.85417],[104.69621,0.85315],[104.69604,0.85362],[104.69748,0.85417]]],[[[104.68603,0.83853],[104.68549,0.83795],[104.68563,0.8385],[104.68603,0.83853]]],[[[104.67161,0.82491],[104.67689,0.82811],[104.67862,0.82096],[104.67161,0.82491]]],[[[104.67107,1.07211],[104.67792,1.06709],[104.67849,1.05205],[104.67762,1.04682],[104.67107,1.07211]]],[[[104.67848,0.77184],[104.67672,0.77075],[104.67701,0.77255],[104.67848,0.77184]]],[[[104.67195,0.80272],[104.6738,0.79936],[104.67015,0.79939],[104.67195,0.80272]]],[[[104.6726,0.91326],[104.66768,0.90979],[104.67092,0.91698],[104.6726,0.91326]]],[[[104.66807,0.89367],[104.66262,0.89117],[104.66565,0.89561],[104.66807,0.89367]]],[[[104.66486,0.83369],[104.66788,0.82795],[104.66436,0.83046],[104.66486,0.83369]]],[[[104.66708,0.9433],[104.66495,0.94209],[104.66709,0.94398],[104.66708,0.9433]]],[[[104.66391,0.84181],[104.66651,0.83901],[104.66431,0.83708],[104.66391,0.84181]]],[[[104.66467,0.82065],[104.66583,0.81913],[104.66458,0.82001],[104.66467,0.82065]]],[[[104.66445,0.94002],[104.66504,0.93897],[104.66419,0.93936],[104.66445,0.94002]]],[[[104.65048,0.86672],[104.66463,0.85104],[104.66113,0.83975],[104.66491,0.82104],[104.62477,0.80446],[104.6368,0.82893],[104.63267,0.84639],[104.65048,0.86672]]],[[[104.66255,0.91058],[104.65794,0.9127],[104.66307,0.91363],[104.66255,0.91058]]],[[[104.63128,0.89472],[104.656,0.89497],[104.6616,0.88019],[104.6445,0.87306],[104.62786,0.85396],[104.61706,0.87161],[104.63128,0.89472]]],[[[104.65968,1.10862],[104.6609,1.10876],[104.6605,1.10791],[104.65968,1.10862]]],[[[104.54505,1.21699],[104.58394,1.22966],[104.58857,1.20659],[104.57682,1.19277],[104.57773,1.15554],[104.59666,1.12592],[104.63359,1.10793],[104.6575,1.0455],[104.63527,0.98772],[104.63991,0.94633],[104.65891,0.94341],[104.66001,0.91436],[104.61965,0.89894],[104.61219,0.88114],[104.61119,0.83335],[104.59311,0.81028],[104.51888,0.8273],[104.51297,0.84925],[104.5317,0.86188],[104.55304,0.9222],[104.52004,0.95708],[104.52123,0.97735],[104.50428,0.97248],[104.49329,0.99079],[104.47384,0.97867],[104.44066,0.99797],[104.44562,1.01743],[104.44942,1.00806],[104.46481,1.02326],[104.48529,1.0163],[104.48851,1.03504],[104.47627,1.02687],[104.4536,1.05436],[104.42832,1.0529],[104.41735,1.03947],[104.41639,1.05555],[104.40421,1.05414],[104.40556,1.0344],[104.38125,1.02043],[104.38012,1.01146],[104.34055,1.02593],[104.3333,0.99225],[104.3199,0.99134],[104.22972,1.01635],[104.23593,1.03893],[104.21245,1.07424],[104.23914,1.12484],[104.33021,1.13829],[104.32149,1.15857],[104.33064,1.1639],[104.31984,1.16404],[104.31039,1.1772],[104.31213,1.18205],[104.33059,1.17913],[104.3395,1.19168],[104.36507,1.17826],[104.37472,1.17892],[104.38493,1.18739],[104.37403,1.1949],[104.3935,1.20454],[104.50115,1.17032],[104.53242,1.17907],[104.55041,1.1997],[104.54505,1.21699]]],[[[104.65895,0.75311],[104.62592,0.71375],[104.61267,0.72142],[104.62278,0.74232],[104.65895,0.75311]]],[[[104.65835,0.87558],[104.65714,0.87518],[104.65688,0.87605],[104.65835,0.87558]]],[[[104.6583,0.87025],[104.65572,0.86624],[104.65675,0.87189],[104.6583,0.87025]]],[[[104.65478,0.87227],[104.64941,0.87116],[104.65371,0.87504],[104.65478,0.87227]]],[[[104.65059,0.79186],[104.65149,0.79211],[104.6511,0.79135],[104.65059,0.79186]]],[[[104.64786,0.76605],[104.64705,0.76558],[104.64725,0.76659],[104.64786,0.76605]]],[[[104.64145,0.79175],[104.64665,0.79252],[104.64703,0.79104],[104.64145,0.79175]]],[[[104.63843,0.80541],[104.64584,0.80125],[104.63549,0.80078],[104.63843,0.80541]]],[[[104.63939,0.80796],[104.63803,0.80661],[104.6376,0.80775],[104.63939,0.80796]]],[[[104.63548,0.85981],[104.63764,0.85891],[104.63589,0.85824],[104.63548,0.85981]]],[[[104.59404,0.79367],[104.62233,0.78548],[104.63324,0.79192],[104.63671,0.78411],[104.58328,0.75234],[104.57888,0.76897],[104.58991,0.77615],[104.59404,0.79367]]],[[[104.63474,0.89966],[104.62942,0.89713],[104.62898,0.89966],[104.63474,0.89966]]],[[[104.63226,0.83171],[104.62841,0.82398],[104.63122,0.83498],[104.63226,0.83171]]],[[[104.63061,0.84787],[104.62985,0.847],[104.62989,0.84856],[104.63061,0.84787]]],[[[104.62977,0.79664],[104.62693,0.79509],[104.62663,0.79786],[104.62977,0.79664]]],[[[104.62802,0.70376],[104.62743,0.70337],[104.62743,0.7038],[104.62802,0.70376]]],[[[104.62676,0.82567],[104.60932,0.81496],[104.62396,0.83697],[104.62676,0.82567]]],[[[104.5967,0.70559],[104.61901,0.71741],[104.61977,0.71586],[104.62585,0.71064],[104.61962,0.69721],[104.5967,0.70559]]],[[[104.61638,0.79388],[104.62529,0.79152],[104.61703,0.79053],[104.61638,0.79388]]],[[[104.62464,0.85648],[104.61372,0.84568],[104.62166,0.86084],[104.62464,0.85648]]],[[[104.62276,0.84653],[104.62152,0.84828],[104.62307,0.84682],[104.62276,0.84653]]],[[[104.62104,0.84561],[104.61701,0.83795],[104.61249,0.84196],[104.62104,0.84561]]],[[[104.61721,0.85966],[104.61333,0.85777],[104.61553,0.86212],[104.61721,0.85966]]],[[[104.60619,0.79854],[104.61633,0.79908],[104.61108,0.79378],[104.60619,0.79854]]],[[[104.61037,0.80467],[104.60769,0.80344],[104.60792,0.80546],[104.61037,0.80467]]],[[[104.58364,0.7481],[104.58827,0.74695],[104.5875,0.74505],[104.58364,0.7481]]],[[[104.51023,0.77481],[104.55097,0.79031],[104.56924,0.79571],[104.58761,0.77683],[104.54178,0.77184],[104.5095,0.74399],[104.51023,0.77481]]],[[[104.57678,0.79319],[104.58384,0.79547],[104.5832,0.79063],[104.57678,0.79319]]],[[[104.55556,0.79534],[104.56486,0.80166],[104.56641,0.79959],[104.55556,0.79534]]],[[[104.52616,0.80515],[104.52959,0.80574],[104.53055,0.80454],[104.52616,0.80515]]],[[[104.51948,0.78659],[104.51637,0.78596],[104.51772,0.78824],[104.51948,0.78659]]],[[[104.51291,0.78283],[104.51684,0.78115],[104.51257,0.77968],[104.51291,0.78283]]],[[[104.50432,0.79398],[104.50748,0.79576],[104.50803,0.79426],[104.50432,0.79398]]],[[[104.49575,0.78627],[104.49544,0.78568],[104.49436,0.78505],[104.49575,0.78627]]],[[[104.48481,0.80023],[104.48366,0.7997],[104.48447,0.8006],[104.48481,0.80023]]],[[[104.4844,0.75743],[104.48084,0.75195],[104.48449,0.76191],[104.4844,0.75743]]],[[[104.44736,0.77199],[104.44789,0.77068],[104.44575,0.77022],[104.44736,0.77199]]],[[[104.44553,0.76886],[104.44458,0.76886],[104.44533,0.76971],[104.44553,0.76886]]],[[[104.44042,1.01482],[104.43691,1.00933],[104.43816,1.01499],[104.44042,1.01482]]],[[[104.43657,0.77293],[104.43589,0.77258],[104.43594,0.77296],[104.43657,0.77293]]],[[[104.42627,0.99851],[104.43329,0.99748],[104.43448,0.99659],[104.42903,0.99568],[104.42627,0.99851]]],[[[104.43426,0.77543],[104.43278,0.77377],[104.43229,0.77502],[104.43426,0.77543]]],[[[104.38315,1.01535],[104.39916,0.99669],[104.36589,0.99012],[104.37887,1.00364],[104.38315,1.01535]]],[[[104.38556,0.85939],[104.39079,0.85796],[104.38663,0.85613],[104.38556,0.85939]]],[[[104.38186,0.87921],[104.38143,0.87896],[104.3815,0.87926],[104.38186,0.87921]]],[[[104.37816,1.19853],[104.37901,1.19741],[104.37806,1.19803],[104.37816,1.19853]]],[[[104.36209,0.84837],[104.36555,0.81981],[104.35096,0.81452],[104.35352,0.84545],[104.36209,0.84837]]],[[[104.36243,1.18273],[104.36166,1.18231],[104.3618,1.18296],[104.36243,1.18273]]],[[[104.36006,1.19198],[104.35906,1.19094],[104.35976,1.19226],[104.36006,1.19198]]],[[[104.33351,1.18554],[104.33288,1.18415],[104.33258,1.18482],[104.33351,1.18554]]],[[[104.32151,1.18714],[104.32111,1.18716],[104.32146,1.1874],[104.32151,1.18714]]],[[[104.24384,0.99633],[104.26227,0.98693],[104.25823,0.97449],[104.23208,0.97926],[104.24384,0.99633]]],[[[104.22798,0.98216],[104.22483,0.98143],[104.22888,0.9847],[104.22798,0.98216]]],[[[104.22141,1.03795],[104.22278,1.04718],[104.22491,1.03714],[104.22141,1.03795]]],[[[104.22351,1.10266],[104.22168,1.10057],[104.22151,1.10187],[104.22351,1.10266]]]],"type":"MultiPolygon"},"properties":{"ADM1_EN":"Kepulauan Riau","ADM2_EN":"Bintan","latitude":1.01188118,"longitude":104.7032652},"type":"Feature"},{"geometry":{"coordinates":[[[96.85852,5.2752],[96.87679,5.25026],[96.91272,5.24822],[96.90805,5.22178],[96.92525,5.21102],[96.90638,5.20052],[96.90325,5.18091],[96.89896,5.19342],[96.88145,5.19241],[96.8906,5.15068],[96.85945,5.0951],[96.8213,5.07179],[96.81659,4.98954],[96.78598,4.94206],[96.74468,4.96666],[96.66273,4.97426],[96.65747,4.95539],[96.58936,4.95245],[96.53613,4.93507],[96.49663,4.89007],[96.46678,4.89483],[96.43175,4.93835],[96.37233,4.93115],[96.32652,4.95823],[96.36636,5.04559],[96.35013,5.06915],[96.35616,5.09172],[96.33505,5.15087],[96.34201,5.2271],[96.39878,5.2097],[96.46547,5.23699],[96.48536,5.20914],[96.53237,5.19842],[96.64014,5.21399],[96.81324,5.27213],[96.85852,5.2752]]],"type":"Polygon"},"properties":{"ADM1_EN":"Aceh","ADM2_EN":"Bireuen","latitude":5.09366052,"longitude":96.60626641},"type":"Feature"},{"geometry":{"coordinates":[[[101.88843,-1.12288],[101.91456,-1.14023],[101.9451,-1.13038],[101.9447,-1.14636],[101.96711,-1.13875],[101.97137,-1.1603],[101.94534,-1.19697],[101.95257,-1.21453],[101.97189,-1.21455],[101.96074,-1.25349],[101.90533,-1.25902],[101.87235,-1.30543],[101.90067,-1.35313],[102.03891,-1.39537],[102.07714,-1.39493],[102.09808,-1.41843],[102.12408,-1.42217],[102.15286,-1.45981],[102.18723,-1.4503],[102.21194,-1.47461],[102.25532,-1.47838],[102.29622,-1.45765],[102.32317,-1.50264],[102.31361,-1.56859],[102.47678,-1.56846],[102.48903,-1.64605],[102.51997,-1.64578],[102.40739,-1.71494],[102.36256,-1.67674],[102.34519,-1.67872],[102.32436,-1.70416],[102.24314,-1.74636],[102.21612,-1.78359],[102.13515,-1.79159],[102.14307,-1.83474],[102.11405,-1.87759],[102.07111,-1.87214],[102.03375,-1.90687],[102.00688,-1.90064],[101.99498,-1.90991],[101.97843,-1.87475],[101.91896,-1.83624],[101.8852,-1.84835],[101.82716,-1.82148],[101.78121,-1.83571],[101.73109,-1.87646],[101.66075,-1.87455],[101.63129,-1.89146],[101.48042,-1.74993],[101.45077,-1.70938],[101.43889,-1.70116],[101.43639,-1.69483],[101.48074,-1.67351],[101.5016,-1.67918],[101.54906,-1.59626],[101.67096,-1.50804],[101.72361,-1.43866],[101.69676,-1.3941],[101.7246,-1.36174],[101.69525,-1.2913],[101.7217,-1.24107],[101.81378,-1.22099],[101.87411,-1.14218],[101.89194,-1.13719],[101.88843,-1.12288]]],"type":"Polygon"},"properties":{"ADM1_EN":"Jambi","ADM2_EN":"Bungo","latitude":-1.598886,"longitude":101.9310014},"type":"Feature"},{"geometry":{"coordinates":[[[98.02793,3.12092],[98.06709,3.10382],[98.07733,3.07456],[98.10928,3.0554],[98.13905,3.04841],[98.17384,3.07958],[98.19803,3.04555],[98.19205,3.0212],[98.20639,2.97233],[98.24883,2.93122],[98.2955,2.96593],[98.34426,2.96619],[98.3685,2.93245],[98.42936,2.91736],[98.43996,2.89031],[98.48954,2.86907],[98.5249,2.8736],[98.5278,2.79447],[98.5629,2.76998],[98.57887,2.73535],[98.5509,2.58008],[98.49048,2.54688],[98.46685,2.55282],[98.41991,2.63798],[98.3564,2.66088],[98.32863,2.69691],[98.27159,2.72031],[98.2513,2.70834],[98.20017,2.73325],[98.16738,2.76455],[98.10506,2.79033],[98.09904,2.82282],[98.05575,2.81872],[98.00637,2.87231],[97.94869,2.89533],[97.96456,2.97323],[97.93514,2.98952],[97.94694,3.00572],[97.93202,3.06942],[97.94915,3.07527],[97.96054,3.06548],[97.99037,3.09198],[98.03738,3.07799],[98.02793,3.12092]]],"type":"Polygon"},"properties":{"ADM1_EN":"Sumatera Utara","ADM2_EN":"Dairi","latitude":2.84362596,"longitude":98.26728832},"type":"Feature"},{"geometry":{"coordinates":[[[98.69388,3.8857],[98.71008,3.79449],[98.68144,3.7885],[98.68022,3.76739],[98.65373,3.78186],[98.62755,3.76723],[98.63613,3.74323],[98.6534,3.73783],[98.62477,3.69968],[98.65776,3.67497],[98.66654,3.63525],[98.65259,3.61516],[98.59931,3.62033],[98.61205,3.56279],[98.59305,3.5403],[98.60261,3.53424],[98.59721,3.49288],[98.61724,3.49832],[98.62569,3.51884],[98.64457,3.48812],[98.65897,3.50457],[98.65431,3.51732],[98.6567,3.51905],[98.65558,3.51961],[98.65764,3.52249],[98.67706,3.51457],[98.69823,3.5184],[98.69831,3.53149],[98.74483,3.52811],[98.74643,3.53782],[98.72644,3.5383],[98.72013,3.55161],[98.7415,3.599],[98.70664,3.60235],[98.70989,3.6266],[98.69338,3.62676],[98.70297,3.66262],[98.68967,3.65651],[98.69223,3.66454],[98.66849,3.67177],[98.6966,3.67794],[98.70328,3.66703],[98.71285,3.67877],[98.70471,3.71505],[98.7152,3.72545],[98.73099,3.72037],[98.70454,3.74085],[98.70701,3.77204],[98.74787,3.7666],[98.78185,3.72684],[98.87415,3.68744],[98.94437,3.67584],[98.94902,3.66465],[98.9188,3.59995],[98.93683,3.51508],[98.91429,3.44897],[98.91908,3.36702],[98.84477,3.33744],[98.83011,3.31529],[98.79606,3.29835],[98.74807,3.21839],[98.73015,3.22027],[98.70578,3.06375],[98.69071,3.05045],[98.67337,3.07134],[98.6247,3.06355],[98.60529,3.10406],[98.62908,3.11725],[98.60126,3.16254],[98.6222,3.23234],[98.55901,3.19934],[98.53731,3.23824],[98.49981,3.2416],[98.48093,3.22255],[98.46518,3.23089],[98.4707,3.27781],[98.50947,3.30845],[98.49558,3.3908],[98.50995,3.4951],[98.5246,3.52219],[98.51057,3.53118],[98.50057,3.56854],[98.53667,3.57258],[98.53283,3.62081],[98.51066,3.63335],[98.51833,3.66743],[98.50146,3.67251],[98.50672,3.73739],[98.53173,3.78655],[98.57661,3.81573],[98.58309,3.8343],[98.6008,3.83431],[98.60039,3.86735],[98.61897,3.8833],[98.66817,3.90929],[98.69388,3.8857]]],"type":"Polygon"},"properties":{"ADM1_EN":"Sumatera Utara","ADM2_EN":"Deli Serdang","latitude":3.48087318,"longitude":98.694354},"type":"Feature"},{"geometry":{"coordinates":[[[101.49498,-0.80546],[101.56289,-0.83475],[101.65362,-0.82804],[101.68857,-0.87017],[101.71185,-0.86547],[101.71394,-0.90034],[101.69026,-0.94194],[101.75573,-0.97494],[101.79867,-0.9684],[101.83341,-0.98153],[101.82199,-0.99577],[101.83082,-1.10258],[101.84346,-1.11233],[101.85176,-1.09949],[101.86507,-1.11194],[101.87635,-1.09313],[101.89291,-1.10641],[101.88436,-1.13593],[101.81378,-1.22099],[101.7217,-1.24107],[101.69525,-1.2913],[101.7246,-1.36174],[101.69676,-1.3941],[101.72361,-1.43866],[101.67096,-1.50804],[101.54906,-1.59626],[101.5016,-1.67918],[101.48074,-1.67351],[101.43727,-1.69583],[101.42665,-1.67704],[101.43216,-1.63997],[101.47454,-1.59081],[101.50844,-1.57244],[101.53922,-1.51317],[101.5257,-1.48571],[101.55558,-1.46287],[101.55948,-1.44466],[101.60735,-1.43752],[101.62687,-1.41103],[101.67087,-1.3886],[101.58598,-1.32605],[101.51447,-1.33828],[101.52377,-1.30403],[101.46761,-1.28238],[101.46649,-1.25975],[101.44732,-1.24119],[101.44949,-1.21014],[101.41044,-1.18379],[101.40392,-1.14876],[101.44049,-1.08709],[101.44053,-1.05754],[101.45922,-1.03215],[101.45383,-1.01208],[101.42939,-1.00479],[101.40494,-1.03773],[101.34352,-1.04467],[101.34851,-1.13381],[101.2346,-1.15147],[101.19555,-1.10792],[101.16827,-1.10213],[101.16153,-1.05675],[101.14573,-1.03489],[101.17787,-1.03254],[101.18824,-0.9875],[101.20261,-0.97804],[101.18721,-0.95068],[101.19433,-0.90589],[101.27339,-0.94957],[101.33218,-0.94908],[101.33787,-0.95837],[101.35311,-0.94782],[101.35163,-0.92372],[101.37515,-0.93964],[101.42789,-0.93131],[101.41005,-0.92114],[101.40582,-0.88796],[101.44948,-0.83392],[101.464,-0.83973],[101.49498,-0.80546]]],"type":"Polygon"},"properties":{"ADM1_EN":"Sumatera Barat","ADM2_EN":"Dharmasraya","latitude":-1.13098721,"longitude":101.5541935},"type":"Feature"},{"geometry":{"coordinates":[[[102.9916,-3.41209],[103.04758,-3.42651],[103.11183,-3.48759],[103.17604,-3.46388],[103.19468,-3.48978],[103.16919,-3.50616],[103.16367,-3.54908],[103.12577,-3.60307],[103.12796,-3.65238],[103.15762,-3.67411],[103.14574,-3.75021],[103.17164,-3.8004],[103.14212,-3.85305],[103.1159,-3.86003],[103.10753,-3.88186],[103.10818,-3.91995],[103.1229,-3.92324],[103.12445,-3.92519],[103.12821,-3.94658],[103.14323,-3.94411],[103.14201,-3.97869],[103.11412,-4.02204],[103.08654,-4.00762],[103.03206,-4.02148],[102.96278,-4.02066],[102.91127,-3.97098],[102.86003,-3.99266],[102.84503,-3.97694],[102.81642,-3.98155],[102.81679,-3.96679],[102.78297,-3.94487],[102.77569,-3.91578],[102.68996,-3.86163],[102.65912,-3.81701],[102.61851,-3.80123],[102.6418,-3.7933],[102.65593,-3.77182],[102.73879,-3.7476],[102.7522,-3.66675],[102.80852,-3.60948],[102.7945,-3.58573],[102.81026,-3.52999],[102.86009,-3.54811],[102.90278,-3.61626],[102.93545,-3.57826],[102.9466,-3.53576],[102.99079,-3.51666],[102.9916,-3.41209]]],"type":"Polygon"},"properties":{"ADM1_EN":"Sumatera Selatan","ADM2_EN":"Empat Lawang","latitude":-3.75194364,"longitude":102.9535968},"type":"Feature"},{"geometry":{"coordinates":[[[96.82231,4.28501],[96.88704,4.22115],[96.95049,4.18657],[97.06708,4.21985],[97.16151,4.28084],[97.21724,4.2355],[97.25163,4.17001],[97.35646,4.21003],[97.40403,4.18041],[97.5,4.15583],[97.53078,4.19353],[97.57667,4.18287],[97.57626,4.21082],[97.60185,4.25372],[97.64425,4.21956],[97.66899,4.24223],[97.71786,4.24718],[97.72059,4.16921],[97.72955,4.14538],[97.77848,4.10698],[97.79494,4.05621],[97.78963,4.02331],[97.86111,3.92251],[97.89989,3.93582],[97.92223,3.84524],[97.90866,3.81798],[97.82461,3.74953],[97.63532,3.73327],[97.5115,3.70008],[97.31594,3.67692],[97.2555,3.69536],[97.20617,3.69389],[97.15187,3.74809],[97.10669,3.84117],[97.11772,3.9252],[97.10238,3.9465],[97.04283,3.961],[96.98041,3.94237],[96.83599,3.95939],[96.80471,3.99015],[96.7885,4.05511],[96.74708,4.09429],[96.72482,4.09689],[96.75131,4.17062],[96.80214,4.2234],[96.79328,4.2855],[96.82231,4.28501]]],"type":"Polygon"},"properties":{"ADM1_EN":"Aceh","ADM2_EN":"Gayo Lues","latitude":3.98192676,"longitude":97.35753015},"type":"Feature"},{"geometry":{"coordinates":[[[[98.43689,2.48712],[98.47371,2.4646],[98.5106,2.48708],[98.58184,2.48657],[98.61087,2.45336],[98.61461,2.39812],[98.65955,2.42582],[98.74923,2.43935],[98.78895,2.40943],[98.80711,2.37454],[98.83397,2.36061],[98.81631,2.34617],[98.82933,2.32379],[98.85428,2.33808],[98.95225,2.3219],[98.97101,2.29796],[98.97243,2.27253],[98.94068,2.26247],[98.92164,2.22933],[98.81105,2.18813],[98.81652,2.1611],[98.72503,2.12617],[98.67497,1.99056],[98.65537,2.01804],[98.64442,2.00341],[98.60637,2.02258],[98.60653,2.06162],[98.59199,2.08303],[98.55394,2.07404],[98.4497,2.09266],[98.38627,2.11853],[98.33368,2.15991],[98.30382,2.16132],[98.27543,2.188],[98.28214,2.21244],[98.26581,2.22112],[98.2616,2.26051],[98.27006,2.26234],[98.25283,2.27552],[98.24172,2.35928],[98.29326,2.33788],[98.28869,2.42126],[98.33816,2.42515],[98.35566,2.46211],[98.40357,2.46611],[98.43689,2.48712]]],[[[98.83262,2.35278],[98.83182,2.35202],[98.83239,2.35317],[98.83262,2.35278]]],[[[98.8242,2.34434],[98.8226,2.34292],[98.82228,2.34571],[98.8242,2.34434]]]],"type":"MultiPolygon"},"properties":{"ADM1_EN":"Sumatera Utara","ADM2_EN":"Humbang Hasundutan","latitude":2.27072624,"longitude":98.57243146},"type":"Feature"},{"geometry":{"coordinates":[[[[103.35725,0.53735],[103.41513,0.52319],[103.53449,0.43974],[103.58794,0.39199],[103.61393,0.34657],[103.67858,0.32607],[103.71513,0.29671],[103.75696,0.21896],[103.7823,0.07245],[103.81461,-0.00016],[103.80677,-0.01206],[103.69049,-0.02314],[103.61572,-0.00597],[103.57042,-0.03558],[103.59557,-0.03572],[103.58327,-0.061],[103.53594,-0.0802],[103.50417,-0.07845],[103.46874,-0.04099],[103.46171,-0.04572],[103.46374,-0.05803],[103.47794,-0.05573],[103.48889,-0.08669],[103.47208,-0.10378],[103.47106,-0.12],[103.49751,-0.13399],[103.49478,-0.15788],[103.39682,-0.22751],[103.319,-0.24373],[103.27736,-0.23622],[103.22684,-0.27137],[103.24605,-0.30505],[103.32626,-0.35271],[103.3057,-0.38197],[103.33403,-0.40467],[103.32413,-0.43863],[103.37038,-0.43522],[103.39035,-0.51594],[103.4289,-0.53119],[103.43701,-0.55284],[103.41831,-0.60021],[103.37401,-0.60972],[103.34055,-0.62828],[103.31341,-0.66371],[103.22658,-0.6852],[103.2878,-0.70561],[103.37583,-0.69512],[103.4286,-0.70749],[103.43667,-0.71697],[103.4195,-0.73011],[103.44147,-0.73695],[103.44228,-0.76724],[103.3572,-0.80669],[103.34525,-0.7929],[103.13891,-0.74917],[103.01223,-0.75534],[102.92805,-0.86749],[102.78342,-0.99847],[102.77371,-1.01384],[102.78178,-1.03307],[102.75811,-1.02772],[102.7566,-1.0456],[102.7332,-1.05406],[102.73103,-1.0776],[102.68566,-1.08451],[102.67156,-1.11002],[102.6468,-1.12227],[102.61681,-1.09463],[102.55861,-1.09732],[102.57602,-0.88909],[102.63862,-0.80591],[102.63935,-0.71617],[102.64546,-0.68952],[102.66713,-0.67208],[102.66334,-0.60497],[102.68733,-0.53932],[102.69119,-0.46906],[102.70736,-0.47728],[102.72015,-0.46209],[102.71697,0.10536],[102.79499,0.11976],[102.85901,0.15309],[103.00393,0.29086],[103.14502,0.34047],[103.25599,0.4464],[103.33689,0.48534],[103.35725,0.53735]]],[[[103.53626,-0.2196],[103.63703,-0.22656],[103.66522,-0.25374],[103.70986,-0.25667],[103.76755,-0.30932],[103.78566,-0.34351],[103.69397,-0.35466],[103.60541,-0.39571],[103.57938,-0.38386],[103.53792,-0.3877],[103.51245,-0.36021],[103.46116,-0.37151],[103.45108,-0.35864],[103.49193,-0.27427],[103.53626,-0.2196]]],[[[103.66989,-0.04963],[103.64909,-0.04414],[103.64216,-0.02406],[103.63609,-0.01554],[103.68,-0.0362],[103.66989,-0.04963]]],[[[103.61572,-0.00759],[103.64866,-0.04602],[103.63869,-0.0505],[103.60012,-0.01915],[103.61572,-0.00759]]],[[[103.3677,-0.37444],[103.44634,-0.37048],[103.47024,-0.38127],[103.51283,-0.36898],[103.53413,-0.39697],[103.5856,-0.39956],[103.60444,-0.4326],[103.52978,-0.51031],[103.46783,-0.5028],[103.41254,-0.51969],[103.39513,-0.51065],[103.37636,-0.43709],[103.36663,-0.42975],[103.32977,-0.43504],[103.33603,-0.40325],[103.3079,-0.3825],[103.33084,-0.35669],[103.3677,-0.37444]]],[[[103.59854,-0.11887],[103.58976,-0.11982],[103.60003,-0.11522],[103.59854,-0.11887]]],[[[103.58178,-0.07736],[103.59368,-0.09034],[103.58538,-0.10199],[103.54784,-0.11955],[103.5066,-0.11901],[103.50674,-0.10576],[103.52039,-0.10414],[103.52729,-0.08791],[103.58178,-0.07736]]],[[[103.58794,0.40805],[103.559,0.42516],[103.53914,0.44755],[103.58034,0.43234],[103.58794,0.40805]]],[[[103.55594,-0.17485],[103.5674,-0.19396],[103.47915,-0.20106],[103.51105,-0.18162],[103.55594,-0.17485]]],[[[103.47699,-0.04978],[103.50282,-0.08088],[103.52864,-0.08156],[103.49146,-0.0848],[103.48051,-0.05505],[103.4751,-0.05316],[103.46523,-0.05627],[103.46753,-0.05235],[103.46631,-0.04343],[103.47699,-0.04978]]],[[[103.52,-0.21253],[103.45884,-0.31017],[103.44464,-0.301],[103.40532,-0.29172],[103.37921,-0.29456],[103.34557,-0.28473],[103.353,-0.26649],[103.35289,-0.26354],[103.34453,-0.2508],[103.51498,-0.20106],[103.52,-0.21253]]],[[[103.51701,-0.10414],[103.5043,-0.10549],[103.5039,-0.11901],[103.47483,-0.10725],[103.49916,-0.08602],[103.51701,-0.10414]]],[[[103.27302,-0.24448],[103.34317,-0.25097],[103.35238,-0.26513],[103.34436,-0.27964],[103.34453,-0.28476],[103.34709,-0.28663],[103.38088,-0.2967],[103.40379,-0.29325],[103.42137,-0.30308],[103.43798,-0.30187],[103.45927,-0.31323],[103.45217,-0.34054],[103.4264,-0.35823],[103.36436,-0.35747],[103.23309,-0.27759],[103.27302,-0.24448]]],[[[103.42932,-0.60631],[103.41341,-0.63646],[103.37243,-0.64659],[103.33556,-0.63803],[103.3436,-0.62746],[103.3547,-0.62816],[103.3761,-0.61086],[103.42932,-0.60631]]],[[[103.34186,-0.64204],[103.3719,-0.65165],[103.40062,-0.64739],[103.41985,-0.66989],[103.39713,-0.69294],[103.32373,-0.69217],[103.29162,-0.70178],[103.23548,-0.68496],[103.31619,-0.6664],[103.34186,-0.64204]]]],"type":"MultiPolygon"},"properties":{"ADM1_EN":"Riau","ADM2_EN":"Indragiri Hilir","latitude":-0.23330753,"longitude":103.1573145},"type":"Feature"},{"geometry":{"coordinates":[[[102.71697,0.1053],[102.72015,-0.46209],[102.70736,-0.47728],[102.69119,-0.46906],[102.68733,-0.53932],[102.66334,-0.60497],[102.66713,-0.67208],[102.64546,-0.68952],[102.63935,-0.71617],[102.63862,-0.80591],[102.57602,-0.88909],[102.55503,-1.09003],[102.47649,-1.07688],[102.44252,-1.02545],[102.38245,-1.02669],[102.37538,-1.00577],[102.38623,-0.99338],[102.32633,-0.96334],[102.30682,-0.91736],[102.25433,-0.92154],[102.20359,-0.94853],[102.18789,-0.94247],[102.18767,-0.91804],[102.165,-0.89873],[102.13931,-0.89941],[102.11708,-0.92097],[102.06237,-0.88952],[102.04794,-0.8971],[102.00777,-0.8786],[101.97772,-0.88284],[101.95906,-0.9097],[101.94697,-0.90035],[101.92918,-0.90651],[101.91469,-0.88305],[101.85034,-0.92185],[101.83971,-0.88017],[101.78272,-0.84251],[101.77679,-0.7959],[101.80571,-0.66015],[101.90632,-0.53808],[101.91135,-0.48702],[101.88979,-0.42493],[101.89257,-0.39572],[101.96081,-0.40646],[102.04743,-0.31203],[102.09717,-0.27556],[102.16525,-0.26356],[102.19058,-0.18627],[102.20734,-0.17198],[102.25264,-0.16584],[102.36808,-0.17883],[102.40716,-0.16644],[102.47546,-0.0978],[102.50008,0.02333],[102.53814,0.07494],[102.59339,0.10128],[102.71697,0.1053]]],"type":"Polygon"},"properties":{"ADM1_EN":"Riau","ADM2_EN":"Indragiri Hulu","latitude":-0.5331908,"longitude":102.3275738},"type":"Feature"},{"geometry":{"coordinates":[[[[100.74499,0.86979],[100.75928,0.8558],[100.7715,0.86533],[100.90687,1.02991],[101.30566,0.80076],[101.33483,0.79744],[101.31433,0.69724],[101.38153,0.65816],[101.32606,0.59858],[101.37479,0.55419],[101.36299,0.49894],[101.34969,0.49055],[101.36287,0.43195],[101.39173,0.43645],[101.44744,0.41697],[101.45362,0.44266],[101.47697,0.45595],[101.56713,0.42523],[101.57386,0.45468],[101.61419,0.39463],[101.6874,0.38308],[101.65875,0.32184],[101.68168,0.27083],[101.58052,0.26797],[101.57433,0.25395],[101.56518,0.21841],[101.5921,0.19379],[101.5686,0.05191],[101.53401,0.0296],[101.51474,-0.03761],[101.52479,-0.11763],[101.48308,-0.10071],[101.47008,-0.12886],[101.45117,-0.12732],[101.4099,-0.07386],[101.39075,-0.1279],[101.37686,-0.12906],[101.36817,-0.1488],[101.34856,-0.10942],[101.3204,-0.09209],[101.30776,-0.04273],[101.27224,-0.00454],[101.19377,-0.11842],[101.20189,-0.18317],[101.17515,-0.21873],[101.17691,-0.23412],[101.158,-0.23622],[101.16647,-0.26057],[101.1418,-0.28949],[101.14297,-0.33362],[101.11601,-0.38911],[101.04743,-0.37698],[101.02474,-0.33953],[100.979,-0.31289],[100.94766,-0.31083],[100.9032,-0.33488],[100.84456,-0.33945],[100.83747,-0.28928],[100.80601,-0.2715],[100.80152,-0.24315],[100.76315,-0.21232],[100.76822,-0.16154],[100.75417,-0.13245],[100.76142,-0.11971],[100.74527,-0.0464],[100.78228,-0.01132],[100.81454,-0.04025],[100.84767,0.0],[100.85017,0.05326],[100.83248,0.0669],[100.80106,0.0495],[100.77444,0.10207],[100.78668,0.10699],[100.78784,0.12798],[100.84125,0.14682],[100.84893,0.17544],[100.83439,0.23508],[100.80036,0.25791],[100.77269,0.25125],[100.76477,0.23688],[100.70146,0.24599],[100.6762,0.18624],[100.53592,0.31181],[100.53405,0.34056],[100.49895,0.36449],[100.48236,0.40111],[100.47075,0.4071],[100.46509,0.39792],[100.43533,0.41753],[100.47725,0.45114],[100.5121,0.45776],[100.57174,0.53216],[100.73506,0.38081],[100.77271,0.38984],[100.77512,0.37602],[100.8105,0.35316],[100.83893,0.37539],[100.8408,0.46661],[100.80857,0.52944],[100.79317,0.54491],[100.77159,0.5282],[100.67679,0.58949],[100.59397,0.70013],[100.65659,0.74589],[100.67807,0.77863],[100.61255,0.80744],[100.61752,0.82323],[100.63524,0.83341],[100.6917,0.80392],[100.70331,0.83211],[100.75043,0.8491],[100.74499,0.86979]]],[[[100.77643,0.8796],[100.73406,0.87604],[100.74001,0.88737],[100.77643,0.8796]]]],"type":"MultiPolygon"},"properties":{"ADM1_EN":"Riau","ADM2_EN":"Kampar","latitude":0.32717516,"longitude":101.0708797},"type":"Feature"},{"geometry":{"coordinates":[[[[103.98017,0.76635],[103.97685,0.7674],[103.97754,0.77047],[103.98017,0.76635]]],[[[103.9644,0.75298],[103.97745,0.74974],[103.96314,0.74759],[103.9644,0.75298]]],[[[103.96245,0.78713],[103.96614,0.78453],[103.96706,0.78283],[103.96338,0.78508],[103.96245,0.78713]]],[[[103.96276,0.77786],[103.95547,0.76142],[103.95093,0.76376],[103.96276,0.77786]]],[[[103.95211,0.7491],[103.95314,0.74788],[103.95197,0.74845],[103.95211,0.7491]]],[[[103.94237,0.7539],[103.93891,0.7515],[103.942,0.75487],[103.94237,0.7539]]],[[[103.90663,0.83259],[103.94131,0.78199],[103.91971,0.75458],[103.9138,0.78127],[103.8876,0.79624],[103.89598,0.80233],[103.90545,0.81694],[103.90663,0.83259]]],[[[103.90149,0.86848],[103.90569,0.86727],[103.90514,0.86556],[103.90149,0.86848]]],[[[103.81053,0.89954],[103.86286,0.8811],[103.90237,0.84956],[103.89415,0.80176],[103.88373,0.79704],[103.83238,0.84315],[103.81053,0.89954]]],[[[103.86108,0.79074],[103.87067,0.77408],[103.85958,0.79164],[103.86108,0.79074]]],[[[103.86137,0.75938],[103.86029,0.75851],[103.8598,0.76104],[103.86137,0.75938]]],[[[103.85748,0.76456],[103.85668,0.7615],[103.8569,0.76492],[103.85748,0.76456]]],[[[103.8487,0.76597],[103.85432,0.76922],[103.85264,0.76296],[103.8487,0.76597]]],[[[103.85403,0.7507],[103.85371,0.74923],[103.85379,0.75066],[103.85403,0.7507]]],[[[103.84861,0.77152],[103.84765,0.77056],[103.84742,0.77141],[103.84861,0.77152]]],[[[103.84401,0.78418],[103.8338,0.78399],[103.83602,0.80216],[103.83842,0.79126],[103.84401,0.78418]]],[[[103.83514,0.90568],[103.83826,0.90296],[103.83177,0.90146],[103.83514,0.90568]]],[[[103.83538,0.81832],[103.83517,0.81698],[103.83313,0.81961],[103.83538,0.81832]]],[[[103.72508,0.88181],[103.76554,0.88047],[103.77224,0.8727],[103.78372,0.87098],[103.83486,0.81197],[103.8305,0.75219],[103.81876,0.75287],[103.82024,0.77239],[103.75978,0.80429],[103.72055,0.85142],[103.72508,0.88181]]],[[[103.81781,0.92383],[103.8169,0.92254],[103.8171,0.92398],[103.81781,0.92383]]],[[[103.81281,0.928],[103.81235,0.92758],[103.8123,0.92815],[103.81281,0.928]]],[[[103.80789,0.90791],[103.80906,0.91168],[103.80938,0.90778],[103.80789,0.90791]]],[[[103.80932,0.87363],[103.80906,0.87333],[103.80874,0.87391],[103.80932,0.87363]]],[[[103.80801,0.88075],[103.80914,0.88043],[103.80843,0.87991],[103.80801,0.88075]]],[[[103.80848,0.87783],[103.80804,0.87856],[103.80843,0.87914],[103.80848,0.87783]]],[[[103.80786,0.8818],[103.80705,0.88173],[103.80741,0.88231],[103.80786,0.8818]]],[[[103.80274,0.87815],[103.80601,0.87824],[103.80606,0.87658],[103.80274,0.87815]]],[[[103.80584,0.88535],[103.80219,0.88224],[103.8048,0.88699],[103.80584,0.88535]]],[[[103.7948,0.86985],[103.79597,0.8726],[103.80355,0.86697],[103.7948,0.86985]]],[[[103.80276,0.90665],[103.80144,0.90498],[103.80174,0.9074],[103.80276,0.90665]]],[[[103.79535,0.89141],[103.8002,0.89336],[103.79921,0.8903],[103.79535,0.89141]]],[[[103.79829,0.88548],[103.8,0.88562],[103.79909,0.88422],[103.79829,0.88548]]],[[[103.79589,0.87548],[103.79915,0.87581],[103.79829,0.87249],[103.79589,0.87548]]],[[[103.79823,0.85984],[103.79596,0.85827],[103.79489,0.86178],[103.79823,0.85984]]],[[[103.79413,0.88806],[103.7974,0.88603],[103.79755,0.88151],[103.79413,0.88806]]],[[[103.79485,0.90873],[103.79716,0.89688],[103.79061,0.90224],[103.79485,0.90873]]],[[[103.77963,0.88056],[103.78048,0.87914],[103.77907,0.88029],[103.77963,0.88056]]],[[[103.77605,0.57888],[103.7749,0.57478],[103.7709,0.57926],[103.77605,0.57888]]],[[[103.76724,0.88113],[103.77595,0.87912],[103.77508,0.87377],[103.76724,0.88113]]],[[[103.77467,0.55335],[103.77399,0.54275],[103.77329,0.55381],[103.77467,0.55335]]],[[[103.7731,0.78177],[103.76843,0.784],[103.76819,0.7856],[103.7731,0.78177]]],[[[103.74438,0.89667],[103.76762,0.8881],[103.76788,0.88403],[103.75177,0.88602],[103.74438,0.89667]]],[[[103.76099,0.6258],[103.75825,0.62311],[103.75766,0.62496],[103.76099,0.6258]]],[[[103.75532,0.78347],[103.75407,0.78339],[103.7552,0.78389],[103.75532,0.78347]]],[[[103.75097,0.78341],[103.75012,0.78345],[103.75081,0.78423],[103.75097,0.78341]]],[[[103.74498,0.73624],[103.73196,0.71185],[103.74199,0.68526],[103.69387,0.71022],[103.69279,0.72855],[103.74498,0.73624]]],[[[103.73641,0.67973],[103.73579,0.67915],[103.73626,0.67987],[103.73641,0.67973]]],[[[103.73635,0.68141],[103.73614,0.68111],[103.73603,0.68153],[103.73635,0.68141]]],[[[103.73058,0.75782],[103.73308,0.74937],[103.71948,0.75418],[103.73058,0.75782]]],[[[103.72351,0.74006],[103.72686,0.74122],[103.7293,0.73853],[103.72351,0.74006]]],[[[103.66755,0.83001],[103.67996,0.81161],[103.70435,0.80334],[103.72736,0.75864],[103.70314,0.75564],[103.66755,0.83001]]],[[[103.7258,0.80164],[103.7231,0.80023],[103.72325,0.80216],[103.7258,0.80164]]],[[[103.72421,0.78874],[103.72578,0.78638],[103.7248,0.78616],[103.72421,0.78874]]],[[[103.72146,0.7896],[103.72054,0.78938],[103.72064,0.78978],[103.72146,0.7896]]],[[[103.72046,0.73995],[103.7195,0.74015],[103.72068,0.74095],[103.72046,0.73995]]],[[[103.71074,0.79115],[103.71827,0.7928],[103.71717,0.78839],[103.71074,0.79115]]],[[[103.70518,0.60652],[103.7142,0.60939],[103.71775,0.60562],[103.70518,0.60652]]],[[[103.71724,0.87607],[103.71633,0.87625],[103.71722,0.87635],[103.71724,0.87607]]],[[[103.71695,0.88137],[103.71631,0.87917],[103.71653,0.88148],[103.71695,0.88137]]],[[[103.70998,0.82192],[103.70992,0.82122],[103.70932,0.82192],[103.70998,0.82192]]],[[[103.67739,0.63485],[103.69424,0.62749],[103.70698,0.61471],[103.68652,0.60438],[103.67107,0.61757],[103.67739,0.63485]]],[[[103.69189,0.85687],[103.70573,0.83918],[103.69741,0.83666],[103.69189,0.85687]]],[[[103.70322,0.61077],[103.70252,0.61011],[103.70271,0.61094],[103.70322,0.61077]]],[[[103.70246,0.87458],[103.69831,0.88226],[103.70015,0.88565],[103.70219,0.88422],[103.70246,0.87458]]],[[[103.69737,0.60607],[103.70158,0.60626],[103.70133,0.60455],[103.69737,0.60607]]],[[[103.6995,0.82445],[103.69913,0.82512],[103.6997,0.82514],[103.6995,0.82445]]],[[[103.65525,0.87335],[103.69408,0.82561],[103.69221,0.82331],[103.65525,0.87335]]],[[[103.69125,0.7296],[103.69031,0.72875],[103.68959,0.73012],[103.69125,0.7296]]],[[[103.6838,0.76135],[103.68962,0.76035],[103.68643,0.75661],[103.6838,0.76135]]],[[[103.68955,0.72723],[103.6893,0.72656],[103.68904,0.72722],[103.68955,0.72723]]],[[[103.65671,0.74031],[103.68036,0.73363],[103.68842,0.7236],[103.6743,0.71244],[103.65671,0.74031]]],[[[103.68311,0.81843],[103.68262,0.81808],[103.68267,0.81846],[103.68311,0.81843]]],[[[103.67852,0.76837],[103.67844,0.75781],[103.66891,0.76177],[103.67852,0.76837]]],[[[103.67799,0.61048],[103.67016,0.61039],[103.66857,0.61263],[103.67799,0.61048]]],[[[103.67179,0.63677],[103.66949,0.63588],[103.67013,0.63732],[103.67179,0.63677]]],[[[103.66981,0.61394],[103.66867,0.61383],[103.66954,0.61459],[103.66981,0.61394]]],[[[103.65283,0.5682],[103.66738,0.5621],[103.66273,0.55253],[103.65283,0.5682]]],[[[103.64069,0.62461],[103.66363,0.61644],[103.66392,0.61381],[103.63822,0.61585],[103.64069,0.62461]]],[[[103.66358,0.76726],[103.66372,0.76552],[103.66059,0.76849],[103.66358,0.76726]]],[[[103.6578,0.59917],[103.6621,0.59638],[103.65908,0.59529],[103.6578,0.59917]]],[[[103.66004,0.63656],[103.65609,0.63304],[103.65806,0.63766],[103.66004,0.63656]]],[[[103.65991,0.83674],[103.65152,0.84089],[103.65286,0.84634],[103.65991,0.83674]]],[[[103.65819,0.55723],[103.65742,0.55612],[103.65762,0.55739],[103.65819,0.55723]]],[[[103.6571,0.55962],[103.65554,0.5588],[103.65566,0.56019],[103.6571,0.55962]]],[[[103.65667,0.8653],[103.65453,0.86594],[103.65644,0.86692],[103.65667,0.8653]]],[[[103.65341,0.72024],[103.65129,0.71964],[103.65281,0.7221],[103.65341,0.72024]]],[[[103.65098,0.57433],[103.64506,0.57358],[103.64624,0.5777],[103.65098,0.57433]]],[[[103.64376,0.59179],[103.63986,0.58628],[103.63826,0.58854],[103.64376,0.59179]]],[[[103.62978,0.63535],[103.64198,0.62863],[103.6292,0.63374],[103.62978,0.63535]]],[[[103.64155,0.88425],[103.6411,0.88237],[103.64077,0.88459],[103.64155,0.88425]]],[[[103.62988,0.50631],[103.63972,0.50295],[103.6355,0.49796],[103.62988,0.50631]]],[[[103.63887,0.59468],[103.63515,0.59205],[103.63452,0.5953],[103.63887,0.59468]]],[[[103.63623,0.53201],[103.6351,0.51532],[103.62017,0.52582],[103.62191,0.53142],[103.63623,0.53201]]],[[[103.62412,0.48832],[103.63517,0.49053],[103.62555,0.48419],[103.62412,0.48832]]],[[[103.63325,0.51246],[103.62386,0.51435],[103.62135,0.52209],[103.63325,0.51246]]],[[[103.63235,0.56638],[103.62918,0.56413],[103.63177,0.56812],[103.63235,0.56638]]],[[[103.62937,0.76028],[103.62677,0.75901],[103.62654,0.75994],[103.62937,0.76028]]],[[[103.62916,0.54222],[103.62296,0.53938],[103.62541,0.54861],[103.62916,0.54222]]],[[[103.62843,0.64271],[103.62521,0.63984],[103.62521,0.64296],[103.62843,0.64271]]],[[[103.62653,0.48033],[103.62758,0.48031],[103.62718,0.47982],[103.62653,0.48033]]],[[[103.57828,0.55788],[103.624,0.50615],[103.61926,0.495],[103.59853,0.49041],[103.59419,0.5194],[103.56961,0.55111],[103.57828,0.55788]]],[[[103.62376,0.87097],[103.6227,0.86654],[103.62129,0.86888],[103.62376,0.87097]]],[[[103.62274,0.49122],[103.62014,0.49243],[103.62332,0.49369],[103.62274,0.49122]]],[[[103.62229,0.53402],[103.61945,0.53326],[103.61962,0.53454],[103.62229,0.53402]]],[[[103.58646,0.67766],[103.57788,0.68693],[103.58533,0.69739],[103.59222,0.69098],[103.58646,0.67766]]],[[[103.58476,0.66508],[103.58533,0.66223],[103.58348,0.66479],[103.58476,0.66508]]],[[[103.57205,0.66952],[103.58031,0.677],[103.5853,0.67104],[103.57205,0.66952]]],[[[103.58512,0.74807],[103.582,0.74559],[103.58122,0.74964],[103.58512,0.74807]]],[[[103.58419,0.651],[103.58066,0.64915],[103.58183,0.65258],[103.58419,0.651]]],[[[103.57778,0.66232],[103.57385,0.65574],[103.57176,0.66205],[103.57778,0.66232]]],[[[103.57535,0.56129],[103.57192,0.56023],[103.57348,0.56347],[103.57535,0.56129]]],[[[103.57137,0.62528],[103.574,0.62447],[103.57282,0.62365],[103.57137,0.62528]]],[[[103.56799,0.72597],[103.55712,0.74582],[103.55845,0.74852],[103.57202,0.73664],[103.56799,0.72597]]],[[[103.57156,0.5894],[103.569,0.58903],[103.57037,0.5902],[103.57156,0.5894]]],[[[103.57148,0.53705],[103.57049,0.53645],[103.57068,0.53721],[103.57148,0.53705]]],[[[103.57043,0.5397],[103.56879,0.53941],[103.56985,0.54047],[103.57043,0.5397]]],[[[103.56999,0.53694],[103.56855,0.53467],[103.56793,0.53673],[103.56999,0.53694]]],[[[103.56894,0.66939],[103.56786,0.66885],[103.56803,0.67004],[103.56894,0.66939]]],[[[103.56721,0.58555],[103.56566,0.58482],[103.5658,0.58541],[103.56721,0.58555]]],[[[103.55772,0.54318],[103.56708,0.53787],[103.5601,0.53807],[103.55772,0.54318]]],[[[103.56643,0.68586],[103.56599,0.68578],[103.56624,0.68635],[103.56643,0.68586]]],[[[103.56587,0.60499],[103.56504,0.60444],[103.56554,0.60515],[103.56587,0.60499]]],[[[103.56528,0.71151],[103.56339,0.71014],[103.56374,0.71116],[103.56528,0.71151]]],[[[103.56527,0.62275],[103.56314,0.6204],[103.5629,0.6222],[103.56527,0.62275]]],[[[103.56523,0.69714],[103.56478,0.6959],[103.56452,0.69668],[103.56523,0.69714]]],[[[103.56432,0.59113],[103.56296,0.58977],[103.56308,0.59057],[103.56432,0.59113]]],[[[103.55906,0.67569],[103.5558,0.672],[103.55631,0.67621],[103.55906,0.67569]]],[[[103.55745,0.63417],[103.55828,0.63153],[103.55566,0.63205],[103.55745,0.63417]]],[[[103.5581,0.68807],[103.55551,0.68156],[103.55421,0.68255],[103.5581,0.68807]]],[[[103.55285,0.70033],[103.55726,0.6972],[103.55557,0.69652],[103.55285,0.70033]]],[[[103.55661,0.54844],[103.55277,0.5496],[103.55506,0.55071],[103.55661,0.54844]]],[[[103.5531,0.63996],[103.55607,0.63857],[103.55269,0.6377],[103.5531,0.63996]]],[[[103.5401,0.79371],[103.55431,0.7846],[103.54285,0.75516],[103.53056,0.77614],[103.5401,0.79371]]],[[[103.55423,0.55304],[103.55311,0.55257],[103.55336,0.55359],[103.55423,0.55304]]],[[[103.54741,0.7527],[103.5533,0.75165],[103.55064,0.7495],[103.54741,0.7527]]],[[[103.55326,0.76717],[103.5514,0.76618],[103.55192,0.76763],[103.55326,0.76717]]],[[[103.54505,0.68885],[103.54296,0.68661],[103.54231,0.68977],[103.54505,0.68885]]],[[[103.52425,0.59258],[103.53526,0.58743],[103.53128,0.58249],[103.52425,0.59258]]],[[[103.53497,0.69079],[103.53305,0.69092],[103.53443,0.69204],[103.53497,0.69079]]],[[[103.53431,0.80556],[103.53359,0.80249],[103.53193,0.80561],[103.53431,0.80556]]],[[[103.41015,0.88537],[103.45307,0.85628],[103.49401,0.84497],[103.53151,0.80082],[103.53317,0.78742],[103.5274,0.78013],[103.52792,0.76658],[103.47612,0.82055],[103.41443,0.84733],[103.41015,0.88537]]],[[[103.53042,0.77954],[103.52842,0.77899],[103.53024,0.7811],[103.53042,0.77954]]],[[[103.52943,0.81453],[103.52544,0.81053],[103.5253,0.81345],[103.52943,0.81453]]],[[[103.52929,0.68831],[103.52696,0.68626],[103.52711,0.68977],[103.52929,0.68831]]],[[[103.52733,0.86774],[103.50102,0.86454],[103.48629,0.89895],[103.48973,0.92614],[103.50933,0.91239],[103.52733,0.86774]]],[[[103.52425,0.81387],[103.52175,0.81296],[103.52295,0.81458],[103.52425,0.81387]]],[[[103.52382,0.81766],[103.5212,0.81606],[103.52198,0.81818],[103.52382,0.81766]]],[[[103.52103,0.69092],[103.49003,0.62404],[103.46245,0.62192],[103.49227,0.68539],[103.52103,0.69092]]],[[[103.50263,0.70616],[103.51733,0.69423],[103.49637,0.69188],[103.50263,0.70616]]],[[[103.51639,0.60759],[103.51031,0.60827],[103.5147,0.6093],[103.51639,0.60759]]],[[[103.51618,0.83184],[103.51548,0.82624],[103.51434,0.83023],[103.51618,0.83184]]],[[[103.37826,0.89488],[103.40554,0.88235],[103.4113,0.84493],[103.4412,0.8229],[103.47248,0.80923],[103.51288,0.75513],[103.45733,0.63756],[103.40049,0.64902],[103.40133,0.67066],[103.35153,0.74077],[103.3424,0.80094],[103.37826,0.89488]]],[[[103.50317,0.84792],[103.49673,0.84719],[103.49798,0.85218],[103.50317,0.84792]]],[[[103.49398,0.95379],[103.49645,0.94965],[103.49274,0.95248],[103.49398,0.95379]]],[[[103.49051,0.61199],[103.4951,0.60912],[103.49191,0.60745],[103.49051,0.61199]]],[[[103.49428,0.94988],[103.48965,0.94275],[103.49013,0.9503],[103.49428,0.94988]]],[[[103.43759,0.92538],[103.47545,0.91391],[103.48683,0.85482],[103.45312,0.85951],[103.41018,0.89248],[103.40634,0.90884],[103.4228,0.91161],[103.43759,0.92538]]],[[[103.4769,0.91254],[103.47834,0.91341],[103.47866,0.91151],[103.4769,0.91254]]],[[[103.44505,0.96174],[103.47361,0.94974],[103.47594,0.92015],[103.45647,0.93567],[103.43874,0.94079],[103.42654,0.95606],[103.44505,0.96174]]],[[[103.4734,0.81344],[103.46765,0.81294],[103.4639,0.81587],[103.45002,0.82076],[103.4734,0.81344]]],[[[103.47154,0.91766],[103.4702,0.91689],[103.46984,0.91796],[103.47154,0.91766]]],[[[103.46301,0.923],[103.46434,0.92107],[103.46219,0.92234],[103.46301,0.923]]],[[[103.44029,0.93826],[103.44816,0.93532],[103.4571,0.93414],[103.46115,0.92512],[103.44409,0.92481],[103.44029,0.93826]]],[[[103.45011,0.82779],[103.44296,0.82421],[103.44077,0.82638],[103.45011,0.82779]]],[[[103.37499,1.13668],[103.39025,1.11952],[103.3798,1.10514],[103.39,1.06493],[103.4245,1.04528],[103.44642,0.99528],[103.43749,0.9876],[103.41798,0.99797],[103.39485,0.9923],[103.37507,1.01023],[103.35073,1.00484],[103.3272,1.01906],[103.3278,1.03572],[103.31636,1.03488],[103.31169,1.05577],[103.32313,1.0668],[103.31153,1.08711],[103.3511,1.13473],[103.36977,1.12264],[103.37499,1.13668]]],[[[103.41738,0.94988],[103.43936,0.93172],[103.41966,0.91329],[103.4089,0.94072],[103.41738,0.94988]]],[[[103.42471,0.87988],[103.42223,0.87805],[103.42175,0.88091],[103.42471,0.87988]]],[[[103.41256,0.85564],[103.40998,0.85744],[103.41148,0.8583],[103.41256,0.85564]]],[[[103.39011,1.16514],[103.40943,1.1436],[103.40939,1.12936],[103.39469,1.12939],[103.37925,1.15124],[103.39011,1.16514]]],[[[103.40499,0.91096],[103.39919,0.9077],[103.39877,0.91078],[103.40499,0.91096]]],[[[103.39775,0.89324],[103.39655,0.89196],[103.39561,0.89473],[103.39775,0.89324]]],[[[103.39268,1.12522],[103.39219,1.1248],[103.3922,1.12524],[103.39268,1.12522]]],[[[103.38877,0.92469],[103.3871,0.92479],[103.38768,0.92582],[103.38877,0.92469]]],[[[103.37914,0.99507],[103.38738,0.98311],[103.37149,0.99169],[103.37914,0.99507]]],[[[103.38197,0.92658],[103.38642,0.92357],[103.38052,0.92472],[103.38197,0.92658]]],[[[103.37529,0.93319],[103.3724,0.93225],[103.37514,0.93501],[103.37529,0.93319]]],[[[103.36821,0.90543],[103.36547,0.89712],[103.36576,0.90629],[103.36821,0.90543]]],[[[103.35728,0.95654],[103.36511,0.95694],[103.3641,0.951],[103.35728,0.95654]]],[[[103.35752,0.9057],[103.36281,0.90929],[103.35928,0.90439],[103.35752,0.9057]]],[[[103.36185,1.16143],[103.36106,1.16171],[103.36184,1.16226],[103.36185,1.16143]]],[[[103.35494,0.91578],[103.35385,0.91446],[103.35399,0.9161],[103.35494,0.91578]]],[[[103.35304,1.19048],[103.35203,1.19088],[103.35248,1.19157],[103.35304,1.19048]]],[[[103.35141,1.1498],[103.35096,1.15038],[103.35146,1.15039],[103.35141,1.1498]]],[[[103.35113,0.92322],[103.34862,0.92242],[103.3499,0.92418],[103.35113,0.92322]]],[[[103.34897,0.90335],[103.34843,0.90353],[103.34902,0.90476],[103.34897,0.90335]]],[[[103.34884,0.84839],[103.34698,0.84946],[103.34845,0.85033],[103.34884,0.84839]]],[[[103.34749,0.92829],[103.34643,0.9265],[103.34621,0.9276],[103.34749,0.92829]]],[[[103.3454,1.18838],[103.34627,1.18613],[103.34469,1.18652],[103.3454,1.18838]]],[[[103.34484,0.93927],[103.3438,0.93831],[103.34348,0.93922],[103.34484,0.93927]]],[[[103.34435,0.91978],[103.34372,0.91928],[103.34385,0.91973],[103.34435,0.91978]]],[[[103.34419,0.92922],[103.33877,0.92894],[103.34322,0.93089],[103.34419,0.92922]]],[[[103.33265,0.90472],[103.34399,0.91177],[103.34018,0.89399],[103.33265,0.90472]]],[[[103.34295,0.84882],[103.34371,0.84753],[103.34281,0.84741],[103.34295,0.84882]]],[[[103.34188,0.91706],[103.3418,0.91501],[103.34045,0.91603],[103.34188,0.91706]]],[[[103.3397,1.12708],[103.33851,1.12683],[103.33923,1.12741],[103.3397,1.12708]]],[[[103.3377,0.93626],[103.33711,0.9358],[103.33666,0.93635],[103.3377,0.93626]]],[[[103.3323,1.12538],[103.334,1.1225],[103.33358,1.1199],[103.33115,1.12409],[103.3323,1.12538]]],[[[103.33336,1.12839],[103.33261,1.12803],[103.33268,1.12843],[103.33336,1.12839]]],[[[103.33047,1.12574],[103.33001,1.12551],[103.33006,1.12573],[103.33047,1.12574]]],[[[103.3239,1.11675],[103.32705,1.11487],[103.32468,1.11302],[103.3239,1.11675]]],[[[103.32138,1.11692],[103.32113,1.11629],[103.32132,1.11779],[103.32138,1.11692]]],[[[103.30098,1.14179],[103.31018,1.13124],[103.30365,1.11365],[103.29391,1.11836],[103.30098,1.14179]]],[[[103.30501,1.11005],[103.30479,1.10961],[103.30462,1.11002],[103.30501,1.11005]]],[[[103.30438,1.1111],[103.30321,1.11188],[103.30425,1.11193],[103.30438,1.1111]]],[[[103.29093,0.98962],[103.29734,0.98664],[103.30304,0.97877],[103.29093,0.98962]]],[[[103.29693,1.14357],[103.29542,1.14416],[103.2963,1.14501],[103.29693,1.14357]]],[[[103.29614,1.11117],[103.2958,1.11044],[103.29572,1.11103],[103.29614,1.11117]]],[[[103.2943,1.14176],[103.29491,1.14103],[103.29377,1.14117],[103.2943,1.14176]]],[[[103.29193,1.12915],[103.29372,1.12957],[103.29282,1.12773],[103.29193,1.12915]]],[[[103.29259,1.09579],[103.28524,1.08941],[103.2894,1.10122],[103.29259,1.09579]]],[[[103.291,1.12026],[103.29168,1.11764],[103.28838,1.1189],[103.291,1.12026]]]],"type":"MultiPolygon"},"properties":{"ADM1_EN":"Kepulauan Riau","ADM2_EN":"Karimun","latitude":0.82480699,"longitude":103.5309183},"type":"Feature"},{"geometry":{"coordinates":[[[98.05564,3.31552],[98.09907,3.31401],[98.12079,3.26632],[98.21789,3.28386],[98.23266,3.26369],[98.26117,3.24935],[98.28752,3.25484],[98.29795,3.22887],[98.3374,3.21906],[98.36626,3.24534],[98.35117,3.28765],[98.39844,3.26289],[98.39931,3.24955],[98.43191,3.23596],[98.44968,3.24764],[98.47558,3.22254],[98.49981,3.2416],[98.53731,3.23824],[98.55793,3.19941],[98.6222,3.23234],[98.60126,3.16254],[98.62879,3.11582],[98.62201,3.10484],[98.60636,3.10957],[98.5565,3.02722],[98.55361,2.9689],[98.5341,2.92568],[98.5327,2.90433],[98.55432,2.87514],[98.54117,2.87431],[98.52841,2.89773],[98.51431,2.87021],[98.47277,2.87416],[98.43556,2.89355],[98.42936,2.91736],[98.3685,2.93245],[98.34426,2.96619],[98.2955,2.96593],[98.24883,2.93122],[98.20639,2.97233],[98.19205,3.0212],[98.19803,3.04555],[98.17384,3.07958],[98.13905,3.04841],[98.10928,3.0554],[98.07733,3.07456],[98.0534,3.11906],[98.03585,3.12389],[98.028,3.10551],[98.03839,3.07857],[97.98314,3.08645],[97.96931,3.14275],[97.9385,3.16351],[97.94127,3.20547],[97.92243,3.22847],[97.87056,3.2511],[97.93658,3.26539],[97.96535,3.28727],[97.96975,3.27766],[97.993,3.28169],[98.02075,3.30264],[98.02881,3.33109],[98.05564,3.31552]]],"type":"Polygon"},"properties":{"ADM1_EN":"Sumatera Utara","ADM2_EN":"Karo","latitude":3.12067996,"longitude":98.29603228},"type":"Feature"},{"geometry":{"coordinates":[[[103.30511,-4.25454],[103.32845,-4.29216],[103.46736,-4.34366],[103.42859,-4.40525],[103.42354,-4.45796],[103.39824,-4.51753],[103.43699,-4.53129],[103.48478,-4.57907],[103.53019,-4.56879],[103.57059,-4.5248],[103.61492,-4.53053],[103.63014,-4.55625],[103.5966,-4.59504],[103.64073,-4.59485],[103.69475,-4.65387],[103.70455,-4.69841],[103.67289,-4.73194],[103.70285,-4.72507],[103.76191,-4.75447],[103.76138,-4.77512],[103.71796,-4.79359],[103.703,-4.81907],[103.61584,-4.87001],[103.60196,-4.86776],[103.57125,-4.92614],[103.53266,-4.91612],[103.52738,-4.89241],[103.4974,-4.87381],[103.41823,-4.86748],[103.40591,-4.8559],[103.41485,-4.8405],[103.40487,-4.82015],[103.37962,-4.80045],[103.3276,-4.8077],[103.31009,-4.78236],[103.3179,-4.75852],[103.295,-4.74035],[103.28372,-4.70918],[103.15392,-4.60141],[103.0702,-4.55913],[103.08513,-4.55637],[103.08511,-4.52821],[103.14944,-4.44488],[103.16797,-4.40026],[103.20119,-4.39169],[103.20069,-4.30788],[103.22894,-4.29303],[103.28014,-4.29075],[103.28501,-4.25718],[103.30511,-4.25454]]],"type":"Polygon"},"properties":{"ADM1_EN":"Bengkulu","ADM2_EN":"Kaur","latitude":-4.60719705,"longitude":103.4075045},"type":"Feature"},{"geometry":{"coordinates":[[[102.65504,-3.54066],[102.77492,-3.54691],[102.81019,-3.53007],[102.7945,-3.58573],[102.80852,-3.60948],[102.7522,-3.66675],[102.73879,-3.7476],[102.65593,-3.77182],[102.6418,-3.7933],[102.61428,-3.80046],[102.58266,-3.74016],[102.57724,-3.6835],[102.52834,-3.65694],[102.51183,-3.58642],[102.44295,-3.52753],[102.47204,-3.53093],[102.51175,-3.49397],[102.59438,-3.52564],[102.6282,-3.51644],[102.65504,-3.54066]]],"type":"Polygon"},"properties":{"ADM1_EN":"Bengkulu","ADM2_EN":"Kepahiang","latitude":-3.6282319,"longitude":102.6416888},"type":"Feature"},{"geometry":{"coordinates":[[[[106.48673,3.21131],[106.48802,3.19935],[106.50119,3.20268],[106.49782,3.18369],[106.4921,3.1988],[106.47719,3.19007],[106.48673,3.21131]]],[[[106.47769,3.21581],[106.48718,3.22059],[106.47707,3.20743],[106.47769,3.21581]]],[[[106.47668,3.22565],[106.4753,3.22478],[106.47615,3.22608],[106.47668,3.22565]]],[[[106.46929,3.2298],[106.47501,3.22904],[106.47186,3.22522],[106.46929,3.2298]]],[[[106.46508,3.38421],[106.46264,3.38176],[106.4633,3.38446],[106.46508,3.38421]]],[[[106.46247,3.38075],[106.46159,3.38089],[106.46244,3.38133],[106.46247,3.38075]]],[[[106.46188,3.38514],[106.46087,3.38538],[106.46178,3.38584],[106.46188,3.38514]]],[[[106.44595,3.37858],[106.46005,3.38047],[106.45082,3.37043],[106.44595,3.37858]]],[[[106.44501,3.12534],[106.45685,3.12351],[106.45483,3.12049],[106.44501,3.12534]]],[[[106.45277,3.2513],[106.45214,3.23387],[106.4563,3.22584],[106.43769,3.2401],[106.45277,3.2513]]],[[[106.456,3.21151],[106.45429,3.21126],[106.45563,3.21271],[106.456,3.21151]]],[[[106.44934,3.40188],[106.45192,3.39967],[106.44543,3.39449],[106.44934,3.40188]]],[[[106.44823,3.25082],[106.44977,3.25066],[106.44904,3.24924],[106.44823,3.25082]]],[[[106.44975,3.17588],[106.44888,3.17525],[106.44903,3.17591],[106.44975,3.17588]]],[[[106.44704,3.25812],[106.44969,3.25378],[106.44447,3.2518],[106.44704,3.25812]]],[[[106.44413,3.19314],[106.44768,3.17429],[106.43532,3.16766],[106.43268,3.1886],[106.44413,3.19314]]],[[[106.44636,3.39022],[106.4473,3.38882],[106.44646,3.38915],[106.44636,3.39022]]],[[[106.44558,3.19466],[106.44662,3.1941],[106.44566,3.19374],[106.44558,3.19466]]],[[[106.43348,3.39476],[106.44366,3.37976],[106.42756,3.37329],[106.43348,3.39476]]],[[[106.43766,3.15874],[106.44018,3.15811],[106.43933,3.15659],[106.43766,3.15874]]],[[[106.43808,3.24334],[106.43717,3.24396],[106.43811,3.24426],[106.43808,3.24334]]],[[[106.41754,3.15473],[106.43277,3.14718],[106.43665,3.12906],[106.4032,3.13529],[106.41754,3.15473]]],[[[106.43224,3.1638],[106.43633,3.1606],[106.4281,3.15737],[106.43224,3.1638]]],[[[106.42882,3.12333],[106.43276,3.12281],[106.4314,3.12122],[106.42882,3.12333]]],[[[106.41718,3.301],[106.42127,3.2919],[106.4132,3.26939],[106.40629,3.2783],[106.41718,3.301]]],[[[106.41659,2.98867],[106.41325,2.98441],[106.41546,2.99412],[106.41659,2.98867]]],[[[106.40439,3.02512],[106.41602,3.03648],[106.40877,3.0134],[106.39334,3.02932],[106.40074,3.038],[106.40439,3.02512]]],[[[106.39371,3.3074],[106.41139,3.29951],[106.39458,3.29021],[106.39371,3.3074]]],[[[106.4078,3.15992],[106.40747,3.14958],[106.39959,3.14714],[106.39767,3.15281],[106.4078,3.15992]]],[[[106.40746,3.12996],[106.40603,3.1297],[106.40677,3.1313],[106.40746,3.12996]]],[[[106.40505,3.1626],[106.40473,3.16032],[106.40334,3.16156],[106.40505,3.1626]]],[[[106.40448,3.12131],[106.40213,3.10928],[106.39912,3.10659],[106.39664,3.11318],[106.40448,3.12131]]],[[[106.40177,3.14578],[106.4012,3.1454],[106.40123,3.14575],[106.40177,3.14578]]],[[[106.39553,3.15483],[106.39817,3.13774],[106.3801,3.13901],[106.38729,3.15117],[106.39553,3.15483]]],[[[106.39677,3.16804],[106.39644,3.16575],[106.39558,3.16595],[106.39677,3.16804]]],[[[106.39516,3.0174],[106.39633,3.01534],[106.39523,3.01419],[106.39516,3.0174]]],[[[106.38993,3.03982],[106.39539,3.04306],[106.39454,3.03679],[106.38993,3.03982]]],[[[106.39119,3.26235],[106.38621,3.25585],[106.39063,3.26369],[106.39119,3.26235]]],[[[106.39021,3.31666],[106.38917,3.31013],[106.38583,3.30551],[106.39021,3.31666]]],[[[106.38991,3.34249],[106.38744,3.34015],[106.38854,3.34344],[106.38991,3.34249]]],[[[106.38574,3.1539],[106.38983,3.15657],[106.3869,3.15156],[106.38574,3.1539]]],[[[106.3802,3.03252],[106.38815,3.03157],[106.38526,3.02427],[106.3802,3.03252]]],[[[106.38254,3.15364],[106.38529,3.15234],[106.38179,3.15041],[106.38254,3.15364]]],[[[106.3821,3.04424],[106.37896,3.04289],[106.38131,3.04784],[106.3821,3.04424]]],[[[106.37115,3.0375],[106.37721,3.03882],[106.37346,3.03464],[106.37115,3.0375]]],[[[106.37197,3.16475],[106.36913,3.15588],[106.36268,3.15388],[106.37197,3.16475]]],[[[106.36829,3.19047],[106.36983,3.17709],[106.36429,3.16168],[106.36269,3.184],[106.36829,3.19047]]],[[[106.3677,3.16154],[106.36692,3.16105],[106.36695,3.16194],[106.3677,3.16154]]],[[[106.3567,3.09161],[106.35329,3.07803],[106.35444,3.04839],[106.34175,3.06494],[106.3567,3.09161]]],[[[106.35537,3.10878],[106.35093,3.09999],[106.35304,3.10976],[106.35537,3.10878]]],[[[106.35518,3.19104],[106.35318,3.18949],[106.35365,3.1916],[106.35518,3.19104]]],[[[106.35375,3.19871],[106.35248,3.19845],[106.35373,3.19908],[106.35375,3.19871]]],[[[106.34824,3.20103],[106.35167,3.20207],[106.34774,3.1982],[106.34824,3.20103]]],[[[106.34617,3.38026],[106.35024,3.37351],[106.34868,3.37204],[106.34617,3.38026]]],[[[106.34411,3.11113],[106.34832,3.09702],[106.34599,3.09429],[106.34084,3.10496],[106.34411,3.11113]]],[[[106.3419,3.09181],[106.34474,3.08726],[106.34278,3.08457],[106.3419,3.09181]]],[[[106.3447,3.41728],[106.33839,3.35168],[106.31899,3.32314],[106.31647,3.34381],[106.33174,3.36859],[106.32974,3.40519],[106.3447,3.41728]]],[[[106.31698,3.16963],[106.3116,3.13523],[106.33427,3.15881],[106.3271,3.13989],[106.34064,3.15142],[106.3436,3.12408],[106.33054,3.12485],[106.3279,3.11257],[106.32402,3.12351],[106.30882,3.08641],[106.31163,3.11487],[106.30017,3.12736],[106.29626,3.1045],[106.28533,3.12521],[106.31698,3.16963]]],[[[106.33371,3.05701],[106.33948,3.05776],[106.33588,3.05142],[106.33371,3.05701]]],[[[106.33284,3.09459],[106.33744,3.07928],[106.3284,3.07299],[106.33284,3.09459]]],[[[106.33229,3.29548],[106.33112,3.29047],[106.32893,3.29255],[106.33229,3.29548]]],[[[106.32687,3.30285],[106.32822,3.2927],[106.32602,3.29276],[106.32687,3.30285]]],[[[106.32233,3.3128],[106.32716,3.31399],[106.32525,3.3051],[106.32233,3.3128]]],[[[106.3231,3.37235],[106.32528,3.36558],[106.32205,3.36578],[106.3231,3.37235]]],[[[106.32318,3.07161],[106.32184,3.07156],[106.3232,3.07326],[106.32318,3.07161]]],[[[106.32174,3.3165],[106.32029,3.3171],[106.32208,3.31743],[106.32174,3.3165]]],[[[106.32088,3.06535],[106.31857,3.0648],[106.31984,3.067],[106.32088,3.06535]]],[[[106.31884,3.22748],[106.32026,3.22697],[106.31931,3.22643],[106.31884,3.22748]]],[[[106.31383,3.36217],[106.31984,3.35734],[106.31512,3.35575],[106.31383,3.36217]]],[[[106.31857,3.2103],[106.31758,3.20939],[106.31784,3.21159],[106.31857,3.2103]]],[[[106.3153,3.38011],[106.31833,3.37168],[106.31638,3.36852],[106.3153,3.38011]]],[[[106.31767,3.20605],[106.31655,3.20611],[106.31678,3.20723],[106.31767,3.20605]]],[[[106.31487,3.2411],[106.3174,3.23843],[106.31604,3.23586],[106.31487,3.2411]]],[[[106.31458,3.26519],[106.31409,3.26408],[106.31364,3.26473],[106.31458,3.26519]]],[[[106.31201,3.2527],[106.31317,3.25184],[106.31275,3.25159],[106.31201,3.2527]]],[[[106.31283,3.26319],[106.31184,3.26325],[106.31231,3.26372],[106.31283,3.26319]]],[[[106.31252,3.25444],[106.31116,3.25419],[106.31165,3.25493],[106.31252,3.25444]]],[[[106.31099,3.25976],[106.30897,3.2599],[106.30994,3.26168],[106.31099,3.25976]]],[[[106.31053,3.19586],[106.30774,3.19529],[106.30892,3.20134],[106.31053,3.19586]]],[[[106.2971,3.17674],[106.31045,3.173],[106.30151,3.16558],[106.2971,3.17674]]],[[[106.30955,3.36428],[106.30846,3.36364],[106.309,3.36478],[106.30955,3.36428]]],[[[106.3095,3.08517],[106.30858,3.08502],[106.309,3.08563],[106.3095,3.08517]]],[[[106.30397,3.31898],[106.30879,3.30943],[106.30216,3.30292],[106.30397,3.31898]]],[[[106.28632,3.3848],[106.30848,3.36637],[106.29262,3.34929],[106.28869,3.25114],[106.27522,3.26535],[106.27358,3.29899],[106.25913,3.28706],[106.28407,3.22549],[106.22733,3.26009],[106.24741,3.29049],[106.23486,3.30316],[106.24397,3.34314],[106.26067,3.35953],[106.26477,3.3361],[106.269,3.38095],[106.28632,3.3848]]],[[[106.30847,3.24667],[106.30323,3.2426],[106.30605,3.25272],[106.30847,3.24667]]],[[[106.29225,3.23032],[106.30841,3.22471],[106.29775,3.21626],[106.29225,3.23032]]],[[[106.30139,3.27981],[106.30751,3.27161],[106.30623,3.26841],[106.30139,3.27981]]],[[[106.30373,3.33778],[106.30074,3.3479],[106.30563,3.35813],[106.30668,3.34734],[106.30373,3.33778]]],[[[106.30609,3.18568],[106.30407,3.18455],[106.30462,3.18726],[106.30609,3.18568]]],[[[106.29915,3.27864],[106.30555,3.26022],[106.29634,3.23556],[106.29915,3.27864]]],[[[106.30549,3.19978],[106.29627,3.1843],[106.29391,3.18541],[106.29317,3.19768],[106.30549,3.19978]]],[[[106.30002,2.63271],[106.30541,2.633],[106.30157,2.62865],[106.30002,2.63271]]],[[[106.30386,3.35955],[106.30443,3.35965],[106.30425,3.35919],[106.30386,3.35955]]],[[[106.30394,3.20669],[106.30151,3.20514],[106.30133,3.20893],[106.30394,3.20669]]],[[[106.29864,3.35193],[106.30098,3.35192],[106.29924,3.35069],[106.29864,3.35193]]],[[[106.29967,3.35004],[106.2987,3.34872],[106.29849,3.35017],[106.29967,3.35004]]],[[[106.29237,3.16237],[106.29585,3.16228],[106.29492,3.15846],[106.29237,3.16237]]],[[[106.27818,3.4025],[106.28904,3.39409],[106.29142,3.38819],[106.27246,3.39044],[106.27818,3.4025]]],[[[106.28694,3.07337],[106.28953,3.0737],[106.28962,3.07342],[106.28694,3.07337]]],[[[106.22663,3.23626],[106.27792,3.19542],[106.27433,3.17011],[106.28919,3.17657],[106.26839,3.11795],[106.27591,3.10624],[106.28321,3.12029],[106.28914,3.10411],[106.27901,3.07681],[106.2743,3.10075],[106.25974,3.09467],[106.26242,3.11243],[106.24853,3.12245],[106.23725,3.09592],[106.22286,3.10867],[106.22355,3.13124],[106.21368,3.11894],[106.20377,3.13806],[106.20819,3.18928],[106.19486,3.23075],[106.21703,3.21794],[106.22663,3.23626]]],[[[106.285,2.72866],[106.28751,2.72741],[106.2833,2.72754],[106.285,2.72866]]],[[[106.28702,2.6185],[106.28443,2.61727],[106.28616,2.62053],[106.28702,2.6185]]],[[[106.28534,2.7394],[106.28346,2.73895],[106.28463,2.74021],[106.28534,2.7394]]],[[[106.28471,3.2359],[106.28337,3.23538],[106.28393,3.23658],[106.28471,3.2359]]],[[[106.27926,2.72097],[106.28322,2.72017],[106.27675,2.71932],[106.27926,2.72097]]],[[[106.28167,2.62013],[106.27967,2.61138],[106.27442,2.60677],[106.27322,2.61361],[106.28167,2.62013]]],[[[106.27319,2.73361],[106.27807,2.73186],[106.26827,2.73208],[106.27319,2.73361]]],[[[106.26946,2.71981],[106.27153,2.71858],[106.2697,2.71801],[106.26946,2.71981]]],[[[106.27007,3.4507],[106.26906,3.45052],[106.26961,3.45149],[106.27007,3.4507]]],[[[106.26667,2.72581],[106.26572,2.71478],[106.25148,2.71244],[106.25278,2.72136],[106.26667,2.72581]]],[[[106.26367,3.37587],[106.26151,3.37471],[106.26235,3.37654],[106.26367,3.37587]]],[[[106.25729,3.09508],[106.25362,3.09038],[106.25548,3.0971],[106.25729,3.09508]]],[[[106.19358,2.80152],[106.22597,2.80726],[106.22694,2.7897],[106.24618,2.77644],[106.23909,2.76118],[106.25488,2.76147],[106.24155,2.73868],[106.25436,2.72395],[106.20102,2.75946],[106.2233,2.76664],[106.19358,2.80152]]],[[[106.24104,3.0028],[106.24935,2.99828],[106.24031,2.99237],[106.24104,3.0028]]],[[[106.24928,2.71921],[106.24702,2.71788],[106.24916,2.71982],[106.24928,2.71921]]],[[[106.248,3.38831],[106.24561,3.38576],[106.24585,3.38799],[106.248,3.38831]]],[[[106.24641,2.73999],[106.24569,2.7398],[106.24588,2.74029],[106.24641,2.73999]]],[[[106.24123,2.98908],[106.24064,2.98877],[106.24094,2.98934],[106.24123,2.98908]]],[[[106.23583,3.38171],[106.23606,3.38052],[106.23525,3.38071],[106.23583,3.38171]]],[[[106.22789,3.39435],[106.21528,3.35991],[106.22465,3.34488],[106.23531,3.35063],[106.23555,3.3322],[106.21859,3.29743],[106.2018,3.32604],[106.18822,3.30002],[106.17206,3.33302],[106.20168,3.34628],[106.2001,3.37625],[106.22789,3.39435]]],[[[106.22794,3.38457],[106.23375,3.38071],[106.22721,3.37911],[106.22794,3.38457]]],[[[106.23372,3.37282],[106.23247,3.37273],[106.2332,3.37337],[106.23372,3.37282]]],[[[106.22922,3.39968],[106.22709,3.39796],[106.22777,3.39939],[106.22922,3.39968]]],[[[106.22385,3.04806],[106.21831,3.04607],[106.21958,3.04951],[106.22385,3.04806]]],[[[106.2227,2.73943],[106.22151,2.73707],[106.22048,2.73851],[106.2227,2.73943]]],[[[106.20179,3.30611],[106.20169,3.29177],[106.19903,3.28866],[106.19247,3.29629],[106.20179,3.30611]]],[[[106.19938,2.76371],[106.19828,2.76391],[106.19878,2.76436],[106.19938,2.76371]]],[[[106.17031,2.76103],[106.18803,2.75684],[106.19317,2.74619],[106.17632,2.74539],[106.17031,2.76103]]],[[[106.17547,2.94891],[106.19284,2.95213],[106.18829,2.9423],[106.17547,2.94891]]],[[[106.18238,2.84373],[106.18171,2.84269],[106.18182,2.84383],[106.18238,2.84373]]],[[[106.17725,3.30687],[106.17573,3.30602],[106.17613,3.30867],[106.17725,3.30687]]],[[[106.17685,3.35466],[106.17404,3.35215],[106.1751,3.35632],[106.17685,3.35466]]],[[[106.15502,2.96023],[106.17019,2.96945],[106.16469,2.95397],[106.15502,2.96023]]],[[[106.16501,2.90089],[106.16425,2.90065],[106.16444,2.90117],[106.16501,2.90089]]],[[[106.16291,2.90397],[106.16207,2.90424],[106.16277,2.90455],[106.16291,2.90397]]],[[[106.16186,2.90747],[106.15809,2.90734],[106.16024,2.91047],[106.16186,2.90747]]],[[[106.15113,2.9005],[106.15404,2.9009],[106.15304,2.89912],[106.15113,2.9005]]],[[[106.153,2.91317],[106.15276,2.91287],[106.15278,2.91327],[106.153,2.91317]]],[[[106.1527,3.40295],[106.14564,3.38978],[106.14654,3.40375],[106.1527,3.40295]]],[[[106.15205,2.91831],[106.15157,2.91786],[106.15143,2.91818],[106.15205,2.91831]]],[[[106.14644,3.00601],[106.14969,2.99543],[106.13901,2.97668],[106.13667,2.99659],[106.14644,3.00601]]],[[[106.12939,2.93804],[106.14552,2.93051],[106.14959,2.91925],[106.11263,2.92744],[106.12939,2.93804]]],[[[106.14304,3.12695],[106.14805,3.12347],[106.14389,3.12246],[106.14304,3.12695]]],[[[106.13305,2.90617],[106.13546,2.90424],[106.1321,2.90432],[106.13305,2.90617]]],[[[106.12433,2.99368],[106.13086,2.9925],[106.12649,2.98827],[106.12433,2.99368]]],[[[106.11415,3.14123],[106.12639,3.11945],[106.11371,3.11816],[106.11415,3.14123]]],[[[106.11738,2.85023],[106.12216,2.8477],[106.12409,2.84255],[106.11648,2.84667],[106.11616,2.84885],[106.11738,2.85023]]],[[[106.11061,3.11444],[106.11732,3.11146],[106.10957,3.10897],[106.11061,3.11444]]],[[[106.11033,3.14419],[106.10519,3.13435],[106.10258,3.13851],[106.11033,3.14419]]],[[[106.09897,2.87543],[106.104,2.87021],[106.09703,2.8708],[106.09897,2.87543]]],[[[106.08769,3.15842],[106.0995,3.13892],[106.08914,3.12348],[106.08508,3.14765],[106.07469,3.14745],[106.08769,3.15842]]],[[[106.04891,2.50372],[106.05347,2.50289],[106.0491,2.49845],[106.04891,2.50372]]],[[[106.05228,2.51091],[106.05315,2.50987],[106.05283,2.50986],[106.05228,2.51091]]],[[[106.0429,3.3339],[106.05288,3.33551],[106.05229,3.32853],[106.0429,3.3339]]],[[[106.0482,2.52571],[106.05066,2.51265],[106.03981,2.51442],[106.0482,2.52571]]],[[[106.04463,2.50972],[106.04276,2.50948],[106.04408,2.51145],[106.04463,2.50972]]],[[[106.04079,2.51154],[106.04022,2.5085],[106.04103,2.50681],[106.03967,2.5089],[106.04079,2.51154]]],[[[106.01369,2.78801],[106.02151,2.78517],[106.01871,2.78211],[106.01369,2.78801]]],[[[105.98305,3.08742],[105.99187,3.07263],[105.97835,3.01774],[105.96384,3.04004],[105.96699,3.07079],[105.98305,3.08742]]],[[[105.96969,3.09698],[105.97398,3.09679],[105.97477,3.09628],[105.96969,3.09698]]],[[[105.96775,3.09211],[105.97395,3.08732],[105.96276,3.0818],[105.96775,3.09211]]],[[[105.96832,3.02274],[105.96749,3.02235],[105.96767,3.02302],[105.96832,3.02274]]],[[[105.94788,3.09729],[105.96243,3.10114],[105.96213,3.09214],[105.94788,3.09729]]],[[[105.945,3.09035],[105.95817,3.07723],[105.95443,3.07069],[105.945,3.09035]]],[[[105.95765,3.04631],[105.95252,3.02621],[105.94548,3.02328],[105.95112,3.04195],[105.95765,3.04631]]],[[[105.94564,3.02263],[105.94463,3.02213],[105.9452,3.02307],[105.94564,3.02263]]],[[[105.87806,2.36196],[105.88634,2.35961],[105.88035,2.35573],[105.87806,2.36196]]],[[[105.85218,2.97582],[105.85122,2.97439],[105.85093,2.97486],[105.85218,2.97582]]],[[[105.85047,2.95569],[105.85206,2.95524],[105.85063,2.95492],[105.85047,2.95569]]],[[[105.69851,3.06337],[105.71563,3.03087],[105.73921,3.05037],[105.73696,3.00947],[105.7247,2.99457],[105.74921,2.96953],[105.75715,2.96979],[105.76262,2.9815],[105.78551,2.97235],[105.801,3.00032],[105.80898,2.99023],[105.85095,2.98744],[105.84081,2.97968],[105.85203,2.95744],[105.82051,2.97062],[105.82143,2.94889],[105.811,2.94417],[105.82836,2.91079],[105.79568,2.90903],[105.82196,2.88671],[105.80039,2.88822],[105.78555,2.90676],[105.76614,2.89467],[105.76757,2.87219],[105.72232,2.87402],[105.73908,2.8515],[105.75517,2.85692],[105.77005,2.84366],[105.74889,2.8196],[105.74012,2.83274],[105.73294,2.81537],[105.69348,2.85137],[105.70744,2.92611],[105.69444,2.93352],[105.7071,2.93568],[105.71502,2.98459],[105.67567,3.00921],[105.69239,3.00601],[105.7056,3.03208],[105.69385,3.04431],[105.69851,3.06337]]],[[[105.84942,2.95567],[105.84878,2.95491],[105.84871,2.95555],[105.84942,2.95567]]],[[[105.84025,3.01269],[105.8381,3.00778],[105.83407,3.00976],[105.84025,3.01269]]],[[[105.80219,3.0059],[105.81469,3.00243],[105.80676,2.99694],[105.80219,3.0059]]],[[[105.78524,2.88016],[105.79277,2.87625],[105.79162,2.87483],[105.78524,2.88016]]],[[[105.77801,2.97926],[105.77737,2.97911],[105.7775,2.97965],[105.77801,2.97926]]],[[[105.77476,2.84536],[105.77223,2.84209],[105.77345,2.84569],[105.77476,2.84536]]],[[[105.7698,2.98343],[105.77138,2.98284],[105.77019,2.98228],[105.7698,2.98343]]],[[[105.75927,2.97576],[105.75867,2.97559],[105.75872,2.97617],[105.75927,2.97576]]],[[[105.75353,3.03387],[105.75075,3.0331],[105.75185,3.03495],[105.75353,3.03387]]],[[[105.74658,3.0341],[105.7482,3.02899],[105.7464,3.02896],[105.74658,3.0341]]],[[[105.74013,3.05026],[105.73973,3.04982],[105.7398,3.05053],[105.74013,3.05026]]],[[[105.70146,3.09975],[105.7287,3.09481],[105.73549,3.08435],[105.7239,3.08679],[105.71193,3.07471],[105.70146,3.09975]]],[[[105.72772,3.08132],[105.72603,3.08107],[105.7266,3.08251],[105.72772,3.08132]]],[[[105.69163,2.96976],[105.70264,2.97451],[105.70711,2.9602],[105.69163,2.96976]]],[[[105.70088,2.97842],[105.69827,2.97775],[105.70039,2.97932],[105.70088,2.97842]]],[[[105.69611,2.99208],[105.69826,2.98837],[105.69448,2.99065],[105.69611,2.99208]]],[[[105.67379,3.11801],[105.69753,3.10585],[105.69576,3.10324],[105.67603,3.10715],[105.67379,3.11801]]],[[[105.69476,3.02125],[105.69564,3.02181],[105.69561,3.02122],[105.69476,3.02125]]],[[[105.67861,2.91919],[105.69564,2.91893],[105.68823,2.90989],[105.67861,2.91919]]],[[[105.69344,2.89362],[105.69248,2.8929],[105.69273,2.89394],[105.69344,2.89362]]],[[[105.69128,3.06179],[105.6897,3.0616],[105.68943,3.06327],[105.69128,3.06179]]],[[[105.68961,3.06439],[105.68907,3.06407],[105.68916,3.06461],[105.68961,3.06439]]],[[[105.68844,2.98834],[105.68491,2.98573],[105.68565,2.99014],[105.68844,2.98834]]],[[[105.64172,3.11513],[105.66617,3.10977],[105.67539,3.09153],[105.64385,3.09369],[105.64172,3.11513]]],[[[105.67272,2.91927],[105.6753,2.91782],[105.67156,2.91848],[105.67272,2.91927]]],[[[105.67519,3.12672],[105.67368,3.12436],[105.67489,3.12699],[105.67519,3.12672]]],[[[105.67251,3.08871],[105.67428,3.08279],[105.67006,3.08393],[105.67251,3.08871]]],[[[105.67198,3.01157],[105.67082,3.00969],[105.6705,3.01225],[105.67198,3.01157]]],[[[105.66998,3.11805],[105.66941,3.11686],[105.6689,3.11787],[105.66998,3.11805]]],[[[105.6646,3.12709],[105.66683,3.1232],[105.66645,3.12285],[105.6646,3.12709]]],[[[105.64705,3.09148],[105.64648,3.09113],[105.64647,3.09169],[105.64705,3.09148]]],[[[105.64217,3.09302],[105.63991,3.09121],[105.64134,3.09491],[105.64217,3.09302]]],[[[105.60866,3.07625],[105.6146,3.07652],[105.61456,3.07491],[105.60866,3.07625]]],[[[105.58932,3.08367],[105.59837,3.09182],[105.60961,3.08162],[105.58932,3.08367]]],[[[105.58248,3.09734],[105.58095,3.09756],[105.5826,3.09796],[105.58248,3.09734]]]],"type":"MultiPolygon"},"properties":{"ADM1_EN":"Kepulauan Riau","ADM2_EN":"Kepulauan Anambas","latitude":3.08776562,"longitude":106.0652299},"type":"Feature"},{"geometry":{"coordinates":[[[[101.03528,-4.01625],[101.03957,-4.00093],[101.05218,-3.99305],[101.0516,-4.00451],[101.03528,-4.01625]]],[[[100.68106,-3.45313],[100.67915,-3.45497],[100.67918,-3.45279],[100.68106,-3.45313]]],[[[100.63758,-3.46706],[100.67589,-3.48883],[100.64534,-3.48791],[100.63758,-3.46706]]],[[[100.57221,-3.26185],[100.56542,-3.27117],[100.5687,-3.25656],[100.57221,-3.26185]]],[[[100.53374,-3.24476],[100.5269,-3.24337],[100.53099,-3.23706],[100.53374,-3.24476]]],[[[100.53266,-3.19604],[100.53363,-3.19778],[100.53162,-3.19654],[100.53266,-3.19604]]],[[[100.49166,-3.1412],[100.50782,-3.17937],[100.53118,-3.1997],[100.50922,-3.20216],[100.49157,-3.18468],[100.49166,-3.1412]]],[[[100.53055,-3.19326],[100.53024,-3.19413],[100.52974,-3.19317],[100.53055,-3.19326]]],[[[100.52436,-3.2017],[100.52904,-3.20113],[100.52975,-3.20219],[100.52436,-3.2017]]],[[[100.5113,-3.20657],[100.51047,-3.20658],[100.51092,-3.20618],[100.5113,-3.20657]]],[[[100.49972,-3.20247],[100.49876,-3.20217],[100.50097,-3.19874],[100.49972,-3.20247]]],[[[100.49806,-3.1956],[100.49765,-3.19598],[100.49777,-3.19549],[100.49806,-3.1956]]],[[[100.49677,-3.19557],[100.4975,-3.19515],[100.49757,-3.19543],[100.49677,-3.19557]]],[[[100.49357,-3.19694],[100.49505,-3.19758],[100.49393,-3.19821],[100.49357,-3.19694]]],[[[100.49288,-3.23028],[100.48149,-3.21581],[100.48263,-3.21126],[100.49215,-3.21805],[100.49288,-3.23028]]],[[[100.49283,-3.23158],[100.49154,-3.23185],[100.49273,-3.23125],[100.49283,-3.23158]]],[[[100.49021,-3.22948],[100.49084,-3.22904],[100.49086,-3.22941],[100.49021,-3.22948]]],[[[100.48606,-3.18217],[100.48935,-3.183],[100.48941,-3.18338],[100.48606,-3.18217]]],[[[100.48237,-3.19148],[100.48533,-3.19207],[100.48399,-3.19399],[100.48237,-3.19148]]],[[[100.47013,-3.0884],[100.47665,-3.08817],[100.47626,-3.09139],[100.47013,-3.0884]]],[[[100.22684,-2.78496],[100.2497,-2.80681],[100.25696,-2.80144],[100.25065,-2.81356],[100.26466,-2.81467],[100.26021,-2.8189],[100.26711,-2.84292],[100.284,-2.84434],[100.3549,-2.90164],[100.39454,-2.95711],[100.42158,-2.97422],[100.42903,-3.00328],[100.46862,-3.01964],[100.46179,-3.03464],[100.45309,-3.01585],[100.45776,-3.02777],[100.44609,-3.0225],[100.45087,-3.0447],[100.46037,-3.05192],[100.46839,-3.04368],[100.45595,-3.10124],[100.47024,-3.14392],[100.427,-3.14323],[100.42328,-3.1561],[100.39176,-3.1505],[100.38753,-3.15545],[100.39081,-3.16081],[100.35913,-3.16345],[100.39563,-3.17426],[100.4097,-3.19349],[100.39224,-3.19732],[100.38941,-3.19047],[100.37358,-3.1796],[100.39577,-3.22672],[100.42918,-3.25773],[100.43272,-3.27999],[100.47052,-3.31482],[100.47217,-3.34833],[100.43993,-3.34436],[100.41703,-3.30802],[100.38023,-3.28755],[100.37676,-3.25337],[100.33651,-3.24659],[100.32438,-3.20738],[100.34388,-3.22921],[100.36859,-3.2267],[100.32673,-3.17823],[100.33936,-3.14081],[100.30755,-3.11408],[100.31162,-3.10274],[100.29372,-3.08179],[100.27112,-3.07721],[100.26335,-3.09087],[100.24694,-3.08069],[100.26211,-3.06768],[100.24811,-3.06231],[100.2545,-3.04933],[100.23144,-3.05712],[100.223,-3.02297],[100.18653,-2.98904],[100.19075,-2.97208],[100.17971,-2.962],[100.20137,-2.93204],[100.1758,-2.80081],[100.22684,-2.78496]]],[[[100.46028,-3.21634],[100.46718,-3.21576],[100.46867,-3.22285],[100.46028,-3.21634]]],[[[100.46314,-3.28724],[100.45951,-3.28911],[100.45808,-3.28664],[100.46314,-3.28724]]],[[[100.45738,-3.03838],[100.46192,-3.04689],[100.45852,-3.04937],[100.45738,-3.03838]]],[[[100.4578,-3.21826],[100.45734,-3.21845],[100.45713,-3.218],[100.4578,-3.21826]]],[[[100.45573,-3.18753],[100.45712,-3.18774],[100.45534,-3.18869],[100.45573,-3.18753]]],[[[100.45695,-3.04689],[100.45634,-3.04738],[100.45675,-3.04671],[100.45695,-3.04689]]],[[[100.45153,-3.20918],[100.45665,-3.20783],[100.45589,-3.212],[100.45153,-3.20918]]],[[[100.45556,-3.0354],[100.4564,-3.03717],[100.45556,-3.03733],[100.45556,-3.0354]]],[[[100.45579,-3.04319],[100.45509,-3.04255],[100.45587,-3.04223],[100.45579,-3.04319]]],[[[100.45548,-3.18903],[100.45541,-3.1899],[100.45516,-3.18986],[100.45548,-3.18903]]],[[[100.45324,-3.03081],[100.4517,-3.03284],[100.45239,-3.03087],[100.45324,-3.03081]]],[[[100.44413,-3.26203],[100.44106,-3.27037],[100.43821,-3.25735],[100.44413,-3.26203]]],[[[100.44116,-3.15658],[100.44016,-3.15647],[100.44031,-3.15591],[100.44116,-3.15658]]],[[[100.43885,-3.15612],[100.43788,-3.15675],[100.43837,-3.15572],[100.43885,-3.15612]]],[[[100.43054,-3.24437],[100.42953,-3.24479],[100.42962,-3.24446],[100.43054,-3.24437]]],[[[100.41563,-3.23245],[100.42157,-3.22476],[100.42693,-3.2361],[100.41563,-3.23245]]],[[[100.42542,-3.16423],[100.42618,-3.16405],[100.42542,-3.16431],[100.42542,-3.16423]]],[[[100.41844,-3.23495],[100.41807,-3.23509],[100.41828,-3.23483],[100.41844,-3.23495]]],[[[100.40909,-3.17522],[100.41141,-3.17462],[100.41154,-3.17759],[100.40909,-3.17522]]],[[[100.39897,-3.21619],[100.40981,-3.2047],[100.40813,-3.21981],[100.39897,-3.21619]]],[[[100.40367,-3.17691],[100.40471,-3.1782],[100.40345,-3.17728],[100.40367,-3.17691]]],[[[100.40045,-3.16406],[100.40259,-3.16953],[100.3989,-3.16452],[100.40045,-3.16406]]],[[[100.39906,-3.2206],[100.39862,-3.22142],[100.3986,-3.22067],[100.39906,-3.2206]]],[[[100.39754,-3.16435],[100.39548,-3.16385],[100.39612,-3.16198],[100.39754,-3.16435]]],[[[100.39141,-3.15654],[100.39119,-3.15693],[100.39107,-3.15652],[100.39141,-3.15654]]],[[[100.38676,-3.16219],[100.38625,-3.16253],[100.3863,-3.16196],[100.38676,-3.16219]]],[[[100.37401,-3.16721],[100.37299,-3.16744],[100.37317,-3.16674],[100.37401,-3.16721]]],[[[100.34763,-3.22426],[100.35101,-3.21875],[100.35264,-3.22359],[100.34763,-3.22426]]],[[[100.33683,-3.28361],[100.34872,-3.29013],[100.34942,-3.29138],[100.34904,-3.29335],[100.34731,-3.2964],[100.33347,-3.29309],[100.33683,-3.28361]]],[[[100.29444,-3.12228],[100.31111,-3.12861],[100.30754,-3.13976],[100.29444,-3.12228]]],[[[100.29351,-3.21103],[100.30163,-3.21431],[100.2993,-3.21604],[100.29351,-3.21103]]],[[[100.28079,-2.82557],[100.28079,-2.83365],[100.28016,-2.82529],[100.28079,-2.82557]]],[[[100.27636,-2.8267],[100.27544,-2.82721],[100.27568,-2.8264],[100.27636,-2.8267]]],[[[100.2723,-2.83073],[100.27481,-2.83198],[100.27251,-2.83219],[100.2723,-2.83073]]],[[[100.26429,-2.82329],[100.27349,-2.8233],[100.2704,-2.83115],[100.26429,-2.82329]]],[[[100.26509,-2.82704],[100.26425,-2.82723],[100.26425,-2.82674],[100.26509,-2.82704]]],[[[100.25833,-2.80087],[100.25777,-2.8011],[100.25769,-2.80018],[100.25833,-2.80087]]],[[[100.25718,-2.80684],[100.25587,-2.80776],[100.25552,-2.80722],[100.25718,-2.80684]]],[[[100.25648,-2.79978],[100.25576,-2.80022],[100.25544,-2.79941],[100.25648,-2.79978]]],[[[100.2561,-2.80967],[100.25541,-2.81004],[100.25533,-2.80944],[100.2561,-2.80967]]],[[[100.25303,-2.80094],[100.25468,-2.80203],[100.25303,-2.80334],[100.25303,-2.80094]]],[[[100.25215,-2.8037],[100.25154,-2.80345],[100.25229,-2.80331],[100.25215,-2.8037]]],[[[100.242,-3.1264],[100.24054,-3.12138],[100.24636,-3.12712],[100.242,-3.1264]]],[[[100.24229,-3.06616],[100.24415,-3.0691],[100.24261,-3.06963],[100.24229,-3.06616]]],[[[100.22727,-3.11871],[100.23396,-3.11738],[100.2369,-3.12067],[100.22727,-3.11871]]],[[[100.22632,-3.11682],[100.22772,-3.11622],[100.22782,-3.11644],[100.22632,-3.11682]]],[[[100.22587,-2.77603],[100.22248,-2.77799],[100.22229,-2.77467],[100.22587,-2.77603]]],[[[99.99391,-2.50249],[100.07087,-2.57993],[100.09831,-2.58857],[100.1284,-2.62414],[100.17207,-2.64766],[100.21831,-2.73698],[100.21629,-2.77592],[100.19648,-2.77504],[100.1413,-2.80813],[100.14333,-2.84064],[100.0914,-2.8297],[100.07378,-2.8418],[100.0482,-2.81542],[100.04085,-2.85134],[100.01929,-2.85086],[99.99606,-2.83221],[100.01696,-2.81954],[99.99075,-2.79069],[99.99396,-2.7766],[99.97366,-2.78686],[99.98662,-2.77018],[99.97838,-2.76631],[99.9949,-2.77129],[99.99496,-2.75105],[100.01198,-2.74071],[99.99889,-2.69693],[100.0105,-2.69128],[100.00951,-2.67396],[99.97504,-2.62993],[99.9881,-2.60777],[99.9586,-2.56962],[99.97381,-2.56698],[99.97299,-2.51136],[99.99391,-2.50249]]],[[[100.21076,-3.04743],[100.20973,-3.04784],[100.21012,-3.04734],[100.21076,-3.04743]]],[[[100.17028,-3.06205],[100.1938,-3.05923],[100.19083,-3.07656],[100.17028,-3.06205]]],[[[100.17259,-2.88962],[100.18174,-2.89101],[100.17631,-2.89451],[100.17259,-2.88962]]],[[[100.17599,-2.82652],[100.1674,-2.8246],[100.17268,-2.82052],[100.17599,-2.82652]]],[[[100.17582,-2.83217],[100.17401,-2.83382],[100.17566,-2.83192],[100.17582,-2.83217]]],[[[100.15946,-2.87737],[100.17005,-2.88175],[100.1675,-2.88461],[100.15946,-2.87737]]],[[[100.1691,-2.81702],[100.16266,-2.814],[100.16986,-2.81026],[100.1691,-2.81702]]],[[[100.16083,-3.01063],[100.16707,-3.00765],[100.16863,-3.01104],[100.16083,-3.01063]]],[[[100.16506,-2.79833],[100.16849,-2.80021],[100.16539,-2.80039],[100.16506,-2.79833]]],[[[100.14452,-3.00832],[100.15684,-3.01936],[100.15294,-3.02748],[100.14452,-3.00832]]],[[[100.14448,-2.84682],[100.14969,-2.86159],[100.13136,-2.85736],[100.13102,-2.85209],[100.14448,-2.84682]]],[[[100.04316,-2.52398],[100.04296,-2.52426],[100.04297,-2.52396],[100.04316,-2.52398]]],[[[99.98992,-2.75661],[99.98704,-2.75667],[99.98757,-2.75573],[99.98992,-2.75661]]],[[[99.97966,-2.74649],[99.98711,-2.75329],[99.98098,-2.7569],[99.97966,-2.74649]]],[[[99.97971,-2.75657],[99.97837,-2.75775],[99.97859,-2.75606],[99.97971,-2.75657]]],[[[99.59265,-2.03099],[99.58393,-2.04033],[99.59846,-2.02803],[99.60306,-2.03321],[99.61564,-2.03201],[99.62115,-2.02743],[99.6261,-2.02878],[99.61586,-2.03413],[99.61633,-2.03994],[99.62764,-2.04106],[99.63706,-2.0352],[99.63743,-2.05071],[99.65222,-2.04753],[99.70178,-2.08493],[99.72044,-2.18227],[99.73601,-2.18702],[99.75388,-2.23579],[99.78073,-2.25507],[99.78176,-2.29128],[99.81435,-2.29731],[99.84665,-2.33561],[99.86108,-2.40223],[99.84263,-2.3952],[99.83806,-2.36395],[99.79862,-2.3709],[99.78412,-2.34411],[99.73818,-2.34521],[99.674,-2.28899],[99.64446,-2.28111],[99.6322,-2.29027],[99.62623,-2.27273],[99.61475,-2.29307],[99.60073,-2.28362],[99.59798,-2.26029],[99.61015,-2.24655],[99.59246,-2.25246],[99.58923,-2.22213],[99.57486,-2.24558],[99.57468,-2.22723],[99.55097,-2.20869],[99.52837,-2.15383],[99.53842,-2.14383],[99.57286,-2.14869],[99.54708,-2.07086],[99.56653,-2.06296],[99.55918,-2.04505],[99.59265,-2.03099]]],[[[99.71746,-2.35668],[99.73833,-2.36825],[99.73465,-2.38712],[99.74414,-2.37611],[99.74886,-2.38588],[99.73632,-2.39425],[99.73253,-2.38058],[99.71223,-2.37714],[99.71746,-2.35668]]],[[[99.74691,-2.36783],[99.74592,-2.37383],[99.74131,-2.37319],[99.74691,-2.36783]]],[[[99.74172,-2.3757],[99.74125,-2.37609],[99.7411,-2.37559],[99.74172,-2.3757]]],[[[99.73924,-2.37124],[99.73815,-2.37157],[99.73915,-2.37096],[99.73924,-2.37124]]],[[[99.72308,-2.33767],[99.72138,-2.33791],[99.7227,-2.33703],[99.72308,-2.33767]]],[[[99.64078,-2.04537],[99.63997,-2.04806],[99.63976,-2.0456],[99.64078,-2.04537]]],[[[99.63612,-2.03551],[99.63526,-2.03558],[99.63574,-2.0349],[99.63612,-2.03551]]],[[[99.61861,-2.03416],[99.61984,-2.03493],[99.61844,-2.03445],[99.61861,-2.03416]]],[[[99.61662,-2.03005],[99.61613,-2.03096],[99.61597,-2.02975],[99.61662,-2.03005]]],[[[99.61561,-2.03108],[99.61502,-2.03133],[99.61543,-2.03075],[99.61561,-2.03108]]],[[[99.60902,-2.02074],[99.61427,-2.02104],[99.6116,-2.02414],[99.60902,-2.02074]]],[[[99.60879,-2.03061],[99.60822,-2.03054],[99.60836,-2.03023],[99.60879,-2.03061]]],[[[99.60785,-2.02819],[99.60738,-2.0284],[99.60739,-2.0282],[99.60785,-2.02819]]],[[[99.5819,-1.96853],[99.59374,-1.97463],[99.60623,-1.99638],[99.58694,-1.99236],[99.5819,-1.96853]]],[[[99.56954,-1.98899],[99.57793,-2.0036],[99.56364,-1.99947],[99.56954,-1.98899]]],[[[99.5472,-2.00841],[99.57094,-2.00675],[99.57558,-2.02462],[99.5472,-2.00841]]],[[[99.57129,-1.96455],[99.57062,-1.96507],[99.57052,-1.96442],[99.57129,-1.96455]]],[[[99.56843,-1.96591],[99.57003,-1.96537],[99.56979,-1.96673],[99.56843,-1.96591]]],[[[99.56751,-1.9641],[99.56725,-1.96448],[99.56706,-1.96414],[99.56751,-1.9641]]],[[[99.54424,-2.21267],[99.53653,-2.21949],[99.54052,-2.21097],[99.54424,-2.21267]]],[[[99.52834,-2.13411],[99.53589,-2.12828],[99.53974,-2.13123],[99.52834,-2.13411]]],[[[99.52462,-2.12273],[99.52248,-2.12502],[99.52144,-2.12315],[99.52462,-2.12273]]],[[[99.30407,-1.85055],[99.31911,-1.85476],[99.30293,-1.85477],[99.30407,-1.85055]]],[[[99.31593,-1.90193],[99.3149,-1.90345],[99.31367,-1.90139],[99.31593,-1.90193]]],[[[99.3043,-1.89975],[99.31592,-1.92428],[99.31007,-1.93083],[99.29337,-1.91978],[99.3043,-1.89975]]],[[[99.31493,-1.89692],[99.31394,-1.89724],[99.31392,-1.89565],[99.31493,-1.89692]]],[[[99.31007,-1.72694],[99.30834,-1.72718],[99.30902,-1.72638],[99.31007,-1.72694]]],[[[98.89931,-0.90588],[98.91259,-0.91459],[98.91103,-0.94068],[98.90241,-0.92656],[98.89868,-0.94171],[98.9073,-0.94574],[98.92782,-0.93113],[98.9453,-0.9813],[98.94401,-1.00551],[98.95165,-1.01388],[98.92682,-0.98811],[98.91659,-0.99938],[98.93615,-1.02812],[98.94883,-1.08906],[98.95861,-1.09043],[98.95798,-1.07587],[99.00229,-1.11488],[99.00823,-1.1634],[99.04146,-1.20565],[99.0241,-1.22066],[99.0509,-1.22644],[99.06854,-1.25294],[99.06916,-1.27272],[99.05237,-1.27441],[99.06485,-1.28893],[99.05296,-1.29009],[99.05058,-1.2947],[99.06913,-1.30362],[99.08115,-1.29435],[99.09911,-1.36535],[99.11713,-1.37817],[99.10166,-1.38827],[99.10316,-1.39178],[99.12985,-1.38662],[99.12808,-1.40831],[99.147,-1.39919],[99.16705,-1.4314],[99.15991,-1.44978],[99.16991,-1.47086],[99.11506,-1.44154],[99.18532,-1.52106],[99.19522,-1.50934],[99.20136,-1.51637],[99.20544,-1.53366],[99.19345,-1.5437],[99.20898,-1.55231],[99.194,-1.56761],[99.22036,-1.60468],[99.25994,-1.59474],[99.25423,-1.60358],[99.26679,-1.6031],[99.26584,-1.61735],[99.28777,-1.6324],[99.27013,-1.64489],[99.29243,-1.65295],[99.27501,-1.66171],[99.27492,-1.6702],[99.28695,-1.68217],[99.28699,-1.66327],[99.30452,-1.68576],[99.29163,-1.68729],[99.3024,-1.72055],[99.28607,-1.72722],[99.29212,-1.75052],[99.28207,-1.75223],[99.26241,-1.73667],[99.26375,-1.7124],[99.25387,-1.7119],[99.25192,-1.69288],[99.22349,-1.62958],[99.20596,-1.62436],[99.1995,-1.63757],[99.21665,-1.64017],[99.24068,-1.67637],[99.2348,-1.68458],[99.22085,-1.66339],[99.23997,-1.69862],[99.24046,-1.74049],[99.26331,-1.77317],[99.24742,-1.77801],[99.2411,-1.79684],[99.22609,-1.78501],[99.16732,-1.77949],[99.14605,-1.78802],[99.14214,-1.80483],[99.10837,-1.81238],[98.8773,-1.67856],[98.86157,-1.6451],[98.82546,-1.6161],[98.83697,-1.58575],[98.804,-1.51845],[98.60427,-1.22715],[98.59668,-1.19887],[98.61574,-1.18306],[98.65682,-1.08836],[98.66362,-0.97975],[98.71164,-0.94499],[98.7418,-0.95906],[98.79763,-0.95651],[98.86703,-0.93223],[98.89931,-0.90588]]],[[[99.29704,-1.77956],[99.29457,-1.7807],[99.29447,-1.77901],[99.29704,-1.77956]]],[[[99.29479,-1.73419],[99.29341,-1.73716],[99.29194,-1.73384],[99.29479,-1.73419]]],[[[99.26007,-1.79167],[99.28947,-1.80588],[99.29471,-1.83321],[99.24194,-1.85096],[99.26946,-1.81249],[99.26007,-1.79167]]],[[[99.27953,-1.87911],[99.28825,-1.87297],[99.29,-1.8794],[99.27953,-1.87911]]],[[[99.26945,-1.74465],[99.2692,-1.74914],[99.26589,-1.74688],[99.26945,-1.74465]]],[[[99.26627,-1.76832],[99.26667,-1.77464],[99.26394,-1.76857],[99.26627,-1.76832]]],[[[99.25131,-1.71541],[99.25859,-1.71599],[99.25864,-1.72485],[99.25131,-1.71541]]],[[[99.24917,-1.69875],[99.24778,-1.69839],[99.24917,-1.69737],[99.24917,-1.69875]]],[[[99.24775,-1.70387],[99.24614,-1.70442],[99.24681,-1.70332],[99.24775,-1.70387]]],[[[99.2459,-1.69214],[99.24494,-1.69527],[99.24389,-1.69195],[99.2459,-1.69214]]],[[[99.24557,-1.70258],[99.24395,-1.70204],[99.24408,-1.70152],[99.24557,-1.70258]]],[[[99.24107,-1.68821],[99.23998,-1.68902],[99.23958,-1.68672],[99.24107,-1.68821]]],[[[99.21483,-1.63505],[99.21732,-1.63446],[99.21809,-1.63697],[99.21483,-1.63505]]],[[[99.17841,-1.49162],[99.18862,-1.49454],[99.1868,-1.49795],[99.17841,-1.49162]]],[[[99.17513,-1.47971],[99.17533,-1.48925],[99.17321,-1.47292],[99.17513,-1.47971]]],[[[99.14635,-1.83299],[99.15054,-1.84098],[99.14154,-1.83582],[99.14635,-1.83299]]],[[[99.11273,-1.35407],[99.12241,-1.36104],[99.12125,-1.36636],[99.11058,-1.36424],[99.11273,-1.35407]]],[[[99.08015,-1.86126],[99.09143,-1.86617],[99.07697,-1.86607],[99.08015,-1.86126]]],[[[99.04899,-1.80901],[99.04249,-1.81024],[99.04634,-1.80524],[99.04899,-1.80901]]],[[[98.95505,-1.06597],[98.95946,-1.06547],[98.9584,-1.07051],[98.95505,-1.06597]]],[[[98.95621,-0.95285],[98.95476,-0.95362],[98.95448,-0.95341],[98.95621,-0.95285]]],[[[98.94795,-1.04121],[98.94984,-1.03881],[98.95216,-1.04364],[98.94795,-1.04121]]],[[[98.94764,-0.98896],[98.94631,-0.99258],[98.94663,-0.98909],[98.94764,-0.98896]]],[[[98.92873,-0.92641],[98.92819,-0.92792],[98.92757,-0.92707],[98.92873,-0.92641]]]],"type":"MultiPolygon"},"properties":{"ADM1_EN":"Sumatera Barat","ADM2_EN":"Kepulauan Mentawai","latitude":-1.85142691,"longitude":99.33852343},"type":"Feature"},{"geometry":{"coordinates":[[[[103.23427,0.87625],[103.2319,0.87168],[103.2313,0.87677],[103.23427,0.87625]]],[[[103.2149,0.86791],[103.20886,0.86423],[103.20812,0.86773],[103.2149,0.86791]]],[[[102.77093,1.15845],[102.87393,1.13258],[102.98917,1.08408],[103.15491,0.8954],[103.15391,0.84798],[103.12354,0.83093],[103.0725,0.83193],[102.95542,0.90545],[102.88494,0.96661],[102.80584,0.99182],[102.79064,1.02519],[102.81654,1.03301],[102.82012,1.04951],[102.77805,1.01938],[102.73179,1.03955],[102.62659,1.00895],[102.62405,1.02003],[102.65642,1.03455],[102.68768,1.11792],[102.72975,1.15121],[102.77093,1.15845]]],[[[103.09079,0.71723],[103.07561,0.73811],[103.08087,0.77836],[103.1055,0.79859],[103.11557,0.73855],[103.09079,0.71723]]],[[[103.08436,0.79677],[103.07386,0.82376],[103.10738,0.81767],[103.10949,0.80622],[103.08436,0.79677]]],[[[102.74913,0.99812],[102.75835,1.00953],[102.7744,1.00546],[102.79703,0.98031],[102.88135,0.95076],[102.94195,0.8896],[103.0471,0.82433],[103.05649,0.78117],[103.04941,0.72034],[103.02501,0.68744],[102.99452,0.68908],[102.92747,0.76931],[102.8662,0.79137],[102.68462,0.7913],[102.56105,0.76859],[102.44467,0.81986],[102.41113,0.85758],[102.40891,0.88785],[102.44053,0.93552],[102.48781,0.93087],[102.56157,0.97261],[102.58872,1.00114],[102.63543,0.9886],[102.73552,1.02217],[102.74913,0.99812]]],[[[102.89577,0.77199],[102.89787,0.76664],[102.88588,0.77371],[102.89577,0.77199]]],[[[102.84637,0.77253],[102.82301,0.77417],[102.84658,0.77407],[102.84637,0.77253]]],[[[102.53335,1.12858],[102.61424,1.04766],[102.60245,1.02633],[102.60817,1.00527],[102.58741,1.00141],[102.56007,0.97266],[102.50001,0.94497],[102.45956,1.07576],[102.4813,1.12621],[102.53335,1.12858]]],[[[102.29201,1.41197],[102.37429,1.32576],[102.48596,1.2339],[102.48546,1.19875],[102.43861,1.07062],[102.4829,0.9451],[102.43933,0.94917],[102.41856,0.92114],[102.39081,0.91272],[102.27806,1.0023],[102.2365,1.1012],[102.24943,1.17612],[102.20582,1.27695],[102.22899,1.34723],[102.2099,1.40667],[102.29201,1.41197]]],[[[102.37525,1.32986],[102.37343,1.32759],[102.37175,1.33236],[102.37525,1.32986]]]],"type":"MultiPolygon"},"properties":{"ADM1_EN":"Riau","ADM2_EN":"Kepulauan Meranti","latitude":1.00280485,"longitude":102.6503462},"type":"Feature"},{"geometry":{"coordinates":[[[101.4112,-1.6721],[101.48042,-1.74993],[101.63797,-1.89656],[101.65566,-1.95491],[101.71854,-1.99757],[101.72112,-2.02529],[101.75829,-2.05722],[101.75833,-2.07869],[101.7871,-2.10916],[101.78875,-2.13947],[101.8373,-2.18181],[101.82943,-2.1897],[101.81208,-2.17771],[101.77534,-2.20498],[101.76635,-2.23773],[101.74812,-2.24989],[101.74277,-2.29027],[101.69617,-2.34567],[101.6395,-2.35094],[101.61707,-2.33208],[101.59838,-2.33679],[101.59496,-2.36139],[101.54987,-2.3518],[101.5575,-2.45037],[101.28539,-2.27671],[101.28211,-2.25026],[101.37002,-2.19137],[101.36814,-2.17505],[101.40812,-2.17138],[101.40904,-2.11832],[101.45694,-2.08908],[101.42694,-2.02636],[101.28978,-2.0273],[101.24083,-2.06495],[101.20678,-2.0093],[101.2061,-1.98113],[101.14232,-1.92414],[101.14183,-1.90242],[101.16361,-1.89437],[101.17864,-1.86108],[101.12863,-1.76394],[101.13163,-1.68521],[101.16885,-1.71066],[101.19038,-1.67765],[101.19715,-1.71059],[101.21514,-1.7241],[101.23258,-1.7241],[101.26727,-1.69607],[101.39718,-1.68966],[101.4112,-1.6721]]],"type":"Polygon"},"properties":{"ADM1_EN":"Jambi","ADM2_EN":"Kerinci","latitude":-2.03690692,"longitude":101.4694242},"type":"Feature"},{"geometry":{"coordinates":[[[[95.36535,5.60657],[95.35544,5.5857],[95.36876,5.58908],[95.37726,5.56787],[95.35756,5.57113],[95.35406,5.533],[95.31457,5.51541],[95.28496,5.53066],[95.28261,5.55916],[95.29712,5.57047],[95.28471,5.55647],[95.30991,5.56195],[95.31368,5.5835],[95.36535,5.60657]]],[[[95.3032,5.56889],[95.30337,5.56752],[95.30233,5.56788],[95.30186,5.56732],[95.29864,5.56738],[95.3032,5.56889]]],[[[95.29838,5.56858],[95.29783,5.56899],[95.29788,5.56948],[95.29838,5.56858]]]],"type":"MultiPolygon"},"properties":{"ADM1_EN":"Aceh","ADM2_EN":"Kota Banda Aceh","latitude":5.55825848,"longitude":95.32792891},"type":"Feature"},{"geometry":{"coordinates":[[[[105.26072,-5.33737],[105.26703,-5.35541],[105.29442,-5.3484],[105.29189,-5.36784],[105.30569,-5.35845],[105.32476,-5.40689],[105.33897,-5.41209],[105.3273,-5.45163],[105.33149,-5.4797],[105.35942,-5.5145],[105.34697,-5.522],[105.32522,-5.50223],[105.32026,-5.46935],[105.29079,-5.4452],[105.25475,-5.46121],[105.25211,-5.49162],[105.22852,-5.49486],[105.23243,-5.47678],[105.2059,-5.44191],[105.20459,-5.42126],[105.1757,-5.40812],[105.26072,-5.33737]]],[[[105.26329,-5.46278],[105.26664,-5.46463],[105.26465,-5.46627],[105.26329,-5.46278]]],[[[105.25768,-5.48452],[105.25747,-5.48697],[105.25704,-5.4858],[105.25768,-5.48452]]]],"type":"MultiPolygon"},"properties":{"ADM1_EN":"Lampung","ADM2_EN":"Kota Bandar Lampung","latitude":-5.41538161,"longitude":105.2669384},"type":"Feature"},{"geometry":{"coordinates":[[[[104.36508,0.73914],[104.37059,0.73742],[104.36488,0.73867],[104.36508,0.73914]]],[[[104.30898,0.76308],[104.35555,0.74938],[104.35656,0.74028],[104.29878,0.75597],[104.30898,0.76308]]],[[[104.33862,0.67741],[104.34479,0.67746],[104.34827,0.67682],[104.33862,0.67741]]],[[[104.33044,0.67292],[104.34117,0.67494],[104.34234,0.67064],[104.33044,0.67292]]],[[[104.3133,0.7002],[104.32144,0.69859],[104.33625,0.68231],[104.32094,0.68492],[104.3133,0.7002]]],[[[104.3187,0.68487],[104.32679,0.67867],[104.32913,0.65951],[104.30852,0.66871],[104.3187,0.68487]]],[[[104.26172,0.80091],[104.27811,0.79563],[104.25792,0.76948],[104.26323,0.74504],[104.30953,0.70743],[104.27829,0.70947],[104.25886,0.70194],[104.25936,0.6918],[104.21872,0.72467],[104.19654,0.72103],[104.1709,0.77907],[104.18591,0.77604],[104.19329,0.78724],[104.20189,0.78027],[104.21202,0.78157],[104.26172,0.80091]]],[[[104.30868,0.59725],[104.30717,0.59678],[104.30777,0.59811],[104.30868,0.59725]]],[[[104.30758,0.67103],[104.30598,0.67255],[104.30736,0.67369],[104.30758,0.67103]]],[[[104.30633,0.53219],[104.30338,0.53053],[104.30316,0.531],[104.30633,0.53219]]],[[[104.30582,0.46595],[104.30529,0.46564],[104.30538,0.46613],[104.30582,0.46595]]],[[[104.30495,0.67363],[104.30276,0.67212],[104.30431,0.67416],[104.30495,0.67363]]],[[[104.30187,0.67866],[104.30423,0.67476],[104.30099,0.67751],[104.30187,0.67866]]],[[[104.3016,0.46465],[104.30378,0.4634],[104.30076,0.46309],[104.3016,0.46465]]],[[[104.29646,0.67401],[104.30233,0.67473],[104.3017,0.67228],[104.29646,0.67401]]],[[[104.30049,0.46488],[104.29956,0.46501],[104.30036,0.46537],[104.30049,0.46488]]],[[[104.29118,0.81986],[104.30037,0.81831],[104.29078,0.81921],[104.29118,0.81986]]],[[[104.29748,0.616],[104.29828,0.61555],[104.29809,0.61506],[104.29748,0.616]]],[[[104.29261,0.62314],[104.29658,0.62135],[104.29653,0.61837],[104.29261,0.62314]]],[[[104.28399,0.52686],[104.29151,0.51924],[104.28926,0.51085],[104.29573,0.475],[104.28399,0.52686]]],[[[104.29476,0.82757],[104.2942,0.82726],[104.29425,0.82758],[104.29476,0.82757]]],[[[104.29401,0.6891],[104.29447,0.67205],[104.27103,0.68287],[104.27527,0.68907],[104.29401,0.6891]]],[[[104.2889,0.63074],[104.29114,0.62875],[104.289,0.6298],[104.2889,0.63074]]],[[[104.29111,0.80494],[104.29074,0.80522],[104.29103,0.80542],[104.29111,0.80494]]],[[[104.29045,0.51227],[104.28999,0.51166],[104.28981,0.51178],[104.29045,0.51227]]],[[[104.21422,0.71886],[104.25793,0.67616],[104.26009,0.68834],[104.279,0.67194],[104.28846,0.61092],[104.26447,0.6218],[104.26344,0.63644],[104.24728,0.6686],[104.22154,0.68307],[104.21422,0.71886]]],[[[104.2855,0.77113],[104.2849,0.77129],[104.28547,0.77147],[104.2855,0.77113]]],[[[104.28267,0.77269],[104.2846,0.77188],[104.28228,0.77183],[104.28267,0.77269]]],[[[104.27971,0.82151],[104.2829,0.81811],[104.27786,0.81486],[104.27971,0.82151]]],[[[104.27782,0.47648],[104.27759,0.47632],[104.27759,0.47647],[104.27782,0.47648]]],[[[104.27682,0.47863],[104.27625,0.4783],[104.2767,0.47869],[104.27682,0.47863]]],[[[104.27644,0.6765],[104.27665,0.67408],[104.27431,0.67725],[104.27644,0.6765]]],[[[104.27568,0.47951],[104.27511,0.47987],[104.27637,0.48026],[104.27568,0.47951]]],[[[104.27535,0.48214],[104.27427,0.48184],[104.27514,0.48247],[104.27535,0.48214]]],[[[104.25675,0.50012],[104.27306,0.49196],[104.27446,0.48416],[104.25675,0.50012]]],[[[104.27384,0.80391],[104.2731,0.80415],[104.27369,0.80443],[104.27384,0.80391]]],[[[104.11933,0.95802],[104.12563,0.93568],[104.14014,0.94314],[104.14765,0.92825],[104.15455,0.92722],[104.15323,0.89842],[104.17047,0.89927],[104.16651,0.86736],[104.20973,0.88182],[104.23487,0.87523],[104.23648,0.86],[104.26609,0.85903],[104.24313,0.83202],[104.24517,0.82026],[104.20234,0.80793],[104.18099,0.78304],[104.16761,0.78754],[104.14631,0.85566],[104.12109,0.86178],[104.11615,0.87717],[104.09222,0.87047],[104.09491,0.92663],[104.0778,0.95979],[104.08925,0.95284],[104.11933,0.95802]]],[[[104.26544,0.69724],[104.26235,0.69566],[104.26208,0.69669],[104.26544,0.69724]]],[[[104.25835,0.63261],[104.26234,0.63597],[104.26214,0.63117],[104.25835,0.63261]]],[[[104.2557,0.64209],[104.25691,0.64182],[104.25598,0.64108],[104.2557,0.64209]]],[[[104.2565,0.50206],[104.25572,0.50206],[104.25642,0.50243],[104.2565,0.50206]]],[[[104.25224,0.53928],[104.25043,0.53863],[104.25221,0.53965],[104.25224,0.53928]]],[[[104.25162,0.53736],[104.25122,0.53722],[104.25132,0.53746],[104.25162,0.53736]]],[[[104.2434,0.63673],[104.24538,0.64496],[104.24992,0.63661],[104.2434,0.63673]]],[[[104.24986,0.50592],[104.24949,0.50561],[104.24918,0.50612],[104.24986,0.50592]]],[[[104.2498,0.54109],[104.24825,0.54035],[104.24825,0.54093],[104.2498,0.54109]]],[[[104.24856,0.54232],[104.24751,0.54287],[104.24834,0.5431],[104.24856,0.54232]]],[[[104.24847,0.5076],[104.24823,0.5072],[104.24805,0.50749],[104.24847,0.5076]]],[[[104.24602,0.83252],[104.24508,0.83104],[104.24423,0.83205],[104.24602,0.83252]]],[[[104.24317,0.65206],[104.2445,0.6532],[104.24478,0.65256],[104.24317,0.65206]]],[[[104.24427,0.63518],[104.24303,0.6358],[104.24452,0.63639],[104.24427,0.63518]]],[[[104.24379,0.6656],[104.243,0.66316],[104.24194,0.66251],[104.24379,0.6656]]],[[[104.2426,0.6555],[104.2415,0.65546],[104.24241,0.65582],[104.2426,0.6555]]],[[[104.24235,0.87066],[104.24136,0.87032],[104.24226,0.87105],[104.24235,0.87066]]],[[[104.23246,0.65668],[104.24105,0.64904],[104.23989,0.64717],[104.23246,0.65668]]],[[[104.2351,0.56251],[104.24087,0.55491],[104.23145,0.55669],[104.2351,0.56251]]],[[[104.24077,0.65944],[104.23938,0.6597],[104.24034,0.6601],[104.24077,0.65944]]],[[[104.22405,0.5568],[104.23746,0.55328],[104.23888,0.53075],[104.22258,0.53524],[104.22405,0.5568]]],[[[104.23737,0.52266],[104.23686,0.52262],[104.23687,0.52298],[104.23737,0.52266]]],[[[104.23635,0.52478],[104.23616,0.52429],[104.23601,0.52494],[104.23635,0.52478]]],[[[104.23519,0.80859],[104.22748,0.80653],[104.22714,0.80813],[104.23519,0.80859]]],[[[104.23025,0.56849],[104.22936,0.56884],[104.23003,0.56937],[104.23025,0.56849]]],[[[104.19812,0.6087],[104.2299,0.57014],[104.2071,0.5756],[104.19825,0.56102],[104.19281,0.57038],[104.19654,0.54495],[104.18523,0.58793],[104.19812,0.6087]]],[[[104.22598,0.66496],[104.2241,0.66776],[104.22837,0.66543],[104.22598,0.66496]]],[[[104.21257,0.7973],[104.22286,0.79745],[104.22238,0.79353],[104.21257,0.7973]]],[[[104.21668,0.7865],[104.2176,0.79002],[104.21981,0.79049],[104.21668,0.7865]]],[[[104.21612,0.56802],[104.21174,0.55637],[104.20829,0.56286],[104.21117,0.56202],[104.21612,0.56802]]],[[[104.20164,0.78127],[104.21031,0.79315],[104.21219,0.78255],[104.20507,0.78302],[104.20164,0.78127]]],[[[104.20894,0.7962],[104.21198,0.79674],[104.21206,0.7957],[104.20894,0.7962]]],[[[104.2116,0.92328],[104.2074,0.90513],[104.19329,0.90225],[104.19905,0.91702],[104.2116,0.92328]]],[[[104.20965,0.56713],[104.21078,0.56363],[104.21105,0.56285],[104.21034,0.56235],[104.20965,0.56713]]],[[[104.21048,0.93586],[104.20994,0.93579],[104.21031,0.93643],[104.21048,0.93586]]],[[[104.21004,0.71784],[104.20884,0.71933],[104.21031,0.71929],[104.21004,0.71784]]],[[[104.20654,0.56685],[104.2098,0.56351],[104.20836,0.56329],[104.20654,0.56685]]],[[[104.20857,0.57501],[104.20813,0.56962],[104.20637,0.57323],[104.20857,0.57501]]],[[[104.20834,0.71568],[104.20804,0.71443],[104.20816,0.71573],[104.20834,0.71568]]],[[[104.2057,0.57117],[104.20597,0.57058],[104.2046,0.57093],[104.2057,0.57117]]],[[[104.20577,0.94701],[104.20189,0.94115],[104.20467,0.94756],[104.20577,0.94701]]],[[[104.20503,0.80192],[104.20188,0.79847],[104.20249,0.80221],[104.20503,0.80192]]],[[[104.19875,0.54276],[104.19601,0.54358],[104.19709,0.5448],[104.19875,0.54276]]],[[[104.19847,0.78701],[104.19747,0.78422],[104.19729,0.78663],[104.19428,0.78753],[104.19847,0.78701]]],[[[104.15692,0.95722],[104.17392,0.95633],[104.19794,0.94719],[104.15864,0.9454],[104.15177,0.93435],[104.14212,0.95462],[104.14916,0.95792],[104.15692,0.95722]]],[[[104.19227,0.72407],[104.19193,0.72368],[104.19191,0.72417],[104.19227,0.72407]]],[[[104.18899,0.78462],[104.18788,0.78361],[104.18696,0.78555],[104.18899,0.78462]]],[[[104.18755,0.93525],[104.18502,0.93641],[104.18878,0.93803],[104.18755,0.93525]]],[[[104.18341,0.9317],[104.18844,0.91919],[104.16141,0.91059],[104.16278,0.93056],[104.18341,0.9317]]],[[[104.18803,0.73579],[104.18753,0.73525],[104.1869,0.73566],[104.18803,0.73579]]],[[[104.18736,0.89886],[104.18413,0.89535],[104.18552,0.89907],[104.18736,0.89886]]],[[[104.1873,0.88228],[104.18049,0.88006],[104.18454,0.885],[104.1873,0.88228]]],[[[104.18474,0.77886],[104.186,0.77694],[104.18382,0.77837],[104.18474,0.77886]]],[[[104.1682,1.06592],[104.18431,1.0502],[104.16744,1.02203],[104.16369,1.04081],[104.15502,1.03899],[104.1682,1.06592]]],[[[104.18247,0.73923],[104.18303,0.73794],[104.18133,0.73728],[104.18247,0.73923]]],[[[104.17637,1.0676],[104.18226,1.06749],[104.17596,1.06334],[104.17637,1.0676]]],[[[104.18148,0.73988],[104.18016,0.73967],[104.18071,0.74033],[104.18148,0.73988]]],[[[104.18098,0.78053],[104.17882,0.78034],[104.17847,0.78163],[104.18098,0.78053]]],[[[104.18076,1.02451],[104.17427,0.99772],[104.15767,0.99666],[104.15554,1.01573],[104.18076,1.02451]]],[[[104.17987,0.74301],[104.17986,0.74146],[104.17876,0.7421],[104.17987,0.74301]]],[[[104.17711,0.58363],[104.17942,0.58269],[104.17753,0.58182],[104.17711,0.58363]]],[[[104.17875,0.9758],[104.17402,0.97413],[104.17441,0.97573],[104.17875,0.9758]]],[[[104.14279,0.97404],[104.17146,0.97321],[104.1746,0.96965],[104.15486,0.9575],[104.14279,0.97404]]],[[[104.16488,1.0773],[104.16604,1.07722],[104.16585,1.07666],[104.16488,1.0773]]],[[[104.16185,1.07091],[104.16148,1.07026],[104.16122,1.07072],[104.16185,1.07091]]],[[[104.15716,0.93024],[104.1564,0.92955],[104.15618,0.92997],[104.15716,0.93024]]],[[[104.1519,1.02229],[104.15712,1.02234],[104.15293,1.01842],[104.1519,1.02229]]],[[[104.11393,1.19639],[104.14899,1.17062],[104.14099,1.14934],[104.15444,1.13634],[104.13445,1.07617],[104.13667,1.03895],[104.12946,1.03194],[104.11736,1.03838],[104.11016,1.03284],[104.10454,1.04307],[104.10058,1.02873],[104.08371,1.02779],[104.07991,1.02344],[104.08243,1.00834],[104.10107,0.98241],[104.08421,0.98487],[104.07587,0.99835],[104.07163,0.99894],[104.06215,0.98521],[104.0224,1.02824],[104.0424,0.98615],[104.00885,0.98576],[103.99285,1.0163],[103.94313,1.00814],[103.91902,1.04221],[103.91109,1.03781],[103.88956,1.09384],[103.91198,1.0979],[103.92216,1.06981],[103.93668,1.08253],[103.93652,1.0883],[103.92847,1.09996],[103.93751,1.11179],[103.92107,1.14315],[103.96058,1.14309],[103.96554,1.12455],[103.97787,1.13757],[103.98102,1.1299],[104.00028,1.12029],[103.98456,1.14403],[104.00067,1.14999],[103.99861,1.18048],[104.02062,1.1924],[104.02507,1.1761],[104.04128,1.17765],[104.05865,1.15855],[104.05436,1.1315],[104.06496,1.1362],[104.07294,1.11932],[104.09278,1.15606],[104.07064,1.16216],[104.07239,1.18676],[104.11393,1.19639]],[[104.04133,1.09699],[104.03265,1.07597],[104.03559,1.08035],[104.05181,1.0745],[104.03965,1.06613],[104.06333,1.06737],[104.05204,1.06091],[104.06126,1.03134],[104.07202,1.05066],[104.09037,1.03797],[104.10634,1.04408],[104.11194,1.06773],[104.10128,1.0895],[104.10241,1.07],[104.08025,1.06251],[104.08983,1.09511],[104.06509,1.07354],[104.06314,1.08732],[104.0568,1.07578],[104.04133,1.09699]]],[[[104.15278,1.03449],[104.15096,1.0346],[104.15207,1.03601],[104.15278,1.03449]]],[[[104.15094,0.78872],[104.15015,0.78842],[104.15041,0.78887],[104.15094,0.78872]]],[[[104.1509,0.78988],[104.14334,0.80626],[104.14192,0.81993],[104.14778,0.8133],[104.1509,0.78988]]],[[[104.15019,0.93445],[104.14932,0.93106],[104.14806,0.93396],[104.15019,0.93445]]],[[[104.13854,0.9992],[104.14862,0.99031],[104.14597,0.98449],[104.13854,0.9992]]],[[[104.14656,0.93615],[104.14764,0.93758],[104.14818,0.93483],[104.14656,0.93615]]],[[[104.14456,1.01022],[104.14719,1.01012],[104.14621,1.00915],[104.14456,1.01022]]],[[[104.14515,1.01986],[104.14161,1.02053],[104.14403,1.02197],[104.14515,1.01986]]],[[[104.14289,1.15041],[104.14359,1.1509],[104.14411,1.1506],[104.14289,1.15041]]],[[[104.14295,0.83522],[104.1418,0.83549],[104.14297,0.83598],[104.14295,0.83522]]],[[[104.1428,1.02573],[104.14115,1.02514],[104.14143,1.02641],[104.1428,1.02573]]],[[[104.14117,0.95592],[104.14254,0.95645],[104.14222,0.95542],[104.14117,0.95592]]],[[[104.14035,1.02064],[104.14206,1.01406],[104.13827,1.01458],[104.14035,1.02064]]],[[[104.14157,1.01018],[104.13977,1.01012],[104.14134,1.0113],[104.14157,1.01018]]],[[[104.12928,1.02973],[104.13841,1.03046],[104.12919,1.02616],[104.12928,1.02973]]],[[[104.1369,1.01037],[104.13552,1.00939],[104.13666,1.01055],[104.1369,1.01037]]],[[[104.13499,1.0006],[104.13435,0.99976],[104.13428,1.00038],[104.13499,1.0006]]],[[[104.12868,1.0041],[104.13477,1.00507],[104.13126,1.00204],[104.12868,1.0041]]],[[[104.11662,0.98653],[104.12691,0.99566],[104.13194,0.98853],[104.11662,0.98653]]],[[[104.12156,1.01962],[104.11895,1.02155],[104.12098,1.02257],[104.12156,1.01962]]],[[[104.1113,0.98331],[104.11389,0.97432],[104.12083,0.96534],[104.1034,0.97413],[104.1113,0.98331]]],[[[104.11771,1.03163],[104.11203,1.03075],[104.11638,1.03561],[104.11771,1.03163]]],[[[104.11535,1.01692],[104.1083,1.00448],[104.10007,1.00484],[104.10296,1.01578],[104.11535,1.01692]]],[[[104.10661,0.62648],[104.10586,0.62561],[104.1062,0.62654],[104.10661,0.62648]]],[[[104.10612,0.62869],[104.10585,0.62816],[104.10581,0.62857],[104.10612,0.62869]]],[[[104.09241,1.01311],[104.10457,1.02163],[104.09587,1.00603],[104.09241,1.01311]]],[[[104.07784,0.64347],[104.10419,0.62451],[104.086,0.60269],[104.08512,0.62834],[104.07784,0.64347]]],[[[104.10098,0.60735],[104.10355,0.60826],[104.10389,0.60739],[104.10098,0.60735]]],[[[104.10137,0.59706],[104.10104,0.59663],[104.1011,0.59723],[104.10137,0.59706]]],[[[104.09995,1.06362],[104.09736,1.06317],[104.09839,1.06454],[104.09995,1.06362]]],[[[104.09968,1.06034],[104.09849,1.05977],[104.09849,1.06157],[104.09968,1.06034]]],[[[104.09942,0.59908],[104.09894,0.59868],[104.09904,0.5994],[104.09942,0.59908]]],[[[104.09914,0.96614],[104.09654,0.96169],[104.09642,0.96475],[104.09914,0.96614]]],[[[104.09892,0.60241],[104.09841,0.60206],[104.09847,0.60246],[104.09892,0.60241]]],[[[104.09819,0.60434],[104.09876,0.60328],[104.09743,0.60328],[104.09819,0.60434]]],[[[104.09825,0.99056],[104.09861,0.9865],[104.09558,0.9902],[104.09825,0.99056]]],[[[104.08434,0.97185],[104.09352,0.96973],[104.09483,0.95805],[104.09183,0.95712],[104.08434,0.97185]]],[[[104.09291,0.97211],[104.08963,0.97179],[104.09202,0.97397],[104.09291,0.97211]]],[[[104.09031,1.02274],[104.08736,1.02196],[104.08879,1.02338],[104.09031,1.02274]]],[[[104.0901,1.0423],[104.08992,1.04117],[104.08951,1.04208],[104.0901,1.0423]]],[[[104.08162,1.0559],[104.08944,1.05155],[104.07389,1.05237],[104.08162,1.0559]]],[[[104.08397,1.026],[104.08684,1.02491],[104.08721,1.02191],[104.08891,1.01934],[104.08862,1.01853],[104.08397,1.026]]],[[[104.08489,1.05473],[104.08854,1.05572],[104.08886,1.0545],[104.08489,1.05473]]],[[[104.08844,0.97342],[104.0873,0.97256],[104.0876,0.97381],[104.08844,0.97342]]],[[[104.08648,0.9612],[104.08416,0.96007],[104.08479,0.96246],[104.08648,0.9612]]],[[[104.08078,0.97966],[104.08016,0.97908],[104.0801,0.97948],[104.08078,0.97966]]],[[[104.06982,0.98155],[104.08018,0.97772],[104.07906,0.97536],[104.06982,0.98155]]],[[[104.06203,0.96767],[104.06013,0.95747],[104.06891,0.9627],[104.07997,0.94904],[104.0681,0.91443],[104.04516,0.93785],[104.04552,0.96357],[104.06203,0.96767]]],[[[104.07952,1.2058],[104.07932,1.20598],[104.07949,1.20595],[104.07952,1.2058]]],[[[104.07903,0.63807],[104.0769,0.6372],[104.07732,0.63849],[104.07903,0.63807]]],[[[104.07856,0.60379],[104.07803,0.60329],[104.078,0.60375],[104.07856,0.60379]]],[[[104.07847,1.20421],[104.0773,1.20402],[104.07851,1.20472],[104.07847,1.20421]]],[[[104.0774,0.966],[104.07679,0.96539],[104.07665,0.96634],[104.0774,0.966]]],[[[104.07726,1.20231],[104.07664,1.20175],[104.07697,1.20276],[104.07726,1.20231]]],[[[104.07001,0.96536],[104.07337,0.9642],[104.07581,0.96105],[104.07155,0.96236],[104.07001,0.96536]]],[[[104.07557,0.63174],[104.07511,0.63091],[104.07456,0.63212],[104.07557,0.63174]]],[[[104.07105,0.99788],[104.07479,0.9973],[104.07462,0.99539],[104.07105,0.99788]]],[[[104.07431,0.63331],[104.07364,0.63311],[104.07402,0.63357],[104.07431,0.63331]]],[[[104.07351,0.98854],[104.07107,0.98299],[104.0689,0.98369],[104.07351,0.98854]]],[[[104.06955,1.13813],[104.07326,1.13262],[104.06848,1.13491],[104.06955,1.13813]]],[[[104.06864,1.07025],[104.06796,1.06826],[104.06733,1.06968],[104.06864,1.07025]]],[[[104.06258,1.17443],[104.06219,1.1746],[104.06245,1.17473],[104.06258,1.17443]]],[[[104.05915,1.07291],[104.05664,1.0711],[104.05846,1.07355],[104.05915,1.07291]]],[[[104.05085,0.97641],[104.05743,0.96861],[104.05024,0.96817],[104.05085,0.97641]]],[[[104.0546,0.99238],[104.05371,0.99215],[104.05383,0.9929],[104.0546,0.99238]]],[[[104.05282,0.92592],[104.05167,0.92529],[104.05253,0.92678],[104.05282,0.92592]]],[[[104.05005,0.92035],[104.05143,0.90067],[104.03593,0.89245],[104.03327,0.901],[104.05005,0.92035]]],[[[104.04,0.9786],[104.0477,0.97628],[104.04002,0.97389],[104.04,0.9786]]],[[[104.04768,0.96915],[104.04699,0.96885],[104.04667,0.96953],[104.04768,0.96915]]],[[[104.0471,0.99452],[104.04414,0.99487],[104.0471,0.99573],[104.0471,0.99452]]],[[[104.04505,0.99191],[104.04349,0.98758],[104.04146,0.99049],[104.04505,0.99191]]],[[[104.04381,1.08685],[104.04308,1.08544],[104.04201,1.08655],[104.04381,1.08685]]],[[[104.04171,1.09085],[104.0409,1.08932],[104.0406,1.09098],[104.04171,1.09085]]],[[[104.03954,0.63758],[104.04125,0.6328],[104.03661,0.63301],[104.03954,0.63758]]],[[[104.04104,0.96259],[104.04002,0.96146],[104.04067,0.96301],[104.04104,0.96259]]],[[[104.04088,0.9651],[104.04065,0.96444],[104.04057,0.96531],[104.04088,0.9651]]],[[[104.03971,1.09],[104.04005,1.08885],[104.03911,1.08945],[104.03971,1.09]]],[[[104.03668,0.92509],[104.0393,0.92539],[104.03777,0.92404],[104.03668,0.92509]]],[[[104.03756,0.8892],[104.03734,0.88548],[104.03126,0.88713],[104.03756,0.8892]]],[[[104.03634,0.96733],[104.03334,0.96766],[104.03501,0.96911],[104.03634,0.96733]]],[[[104.03221,0.63291],[104.03569,0.63097],[104.03304,0.63047],[104.03221,0.63291]]],[[[104.03284,0.92049],[104.03242,0.91996],[104.03263,0.92054],[104.03284,0.92049]]],[[[104.03116,0.97434],[104.02905,0.97362],[104.02877,0.97512],[104.03116,0.97434]]],[[[104.02159,0.9598],[104.02993,0.95778],[104.02825,0.95183],[104.02159,0.9598]]],[[[104.02905,0.91829],[104.02896,0.91795],[104.02864,0.91835],[104.02905,0.91829]]],[[[104.02877,0.92452],[104.0281,0.92404],[104.02807,0.92424],[104.02877,0.92452]]],[[[104.02711,0.86392],[104.02701,0.86328],[104.02688,0.86416],[104.02711,0.86392]]],[[[104.02008,0.96839],[104.02694,0.96911],[104.02581,0.96567],[104.02008,0.96839]]],[[[104.02063,0.97279],[104.01821,0.97125],[104.01958,0.97411],[104.02063,0.97279]]],[[[104.00739,0.94402],[104.01326,0.93676],[104.00954,0.93479],[104.00739,0.94402]]],[[[104.00251,0.95464],[104.00146,0.95474],[104.00137,0.95506],[104.00251,0.95464]]],[[[104.00103,0.97509],[104.0001,0.97436],[104.00066,0.97533],[104.00103,0.97509]]],[[[104.00029,0.97278],[104.00001,0.97254],[104.00001,0.97271],[104.00029,0.97278]]],[[[103.99802,1.12215],[103.9963,1.12244],[103.99667,1.12362],[103.99802,1.12215]]],[[[103.99208,0.95796],[103.99762,0.9616],[103.99799,0.95116],[103.99208,0.95796]]],[[[103.98179,0.97588],[103.99265,0.9632],[103.99133,0.95569],[103.99532,0.94888],[103.99105,0.94564],[103.98179,0.97588]]],[[[103.99276,0.96735],[103.99243,0.96663],[103.99181,0.9683],[103.99276,0.96735]]],[[[103.98729,1.01048],[103.99179,1.00067],[103.98277,1.00375],[103.98729,1.01048]]],[[[103.98995,0.9721],[103.98894,0.97212],[103.9886,0.97326],[103.98995,0.9721]]],[[[103.98807,0.98279],[103.98733,0.98261],[103.98746,0.98305],[103.98807,0.98279]]],[[[103.98159,0.98275],[103.98583,0.9848],[103.98672,0.98389],[103.98159,0.98275]]],[[[103.98248,0.94073],[103.98112,0.93678],[103.98201,0.941],[103.98248,0.94073]]],[[[103.97758,0.96165],[103.98219,0.95991],[103.98031,0.95695],[103.97758,0.96165]]],[[[103.98122,0.88763],[103.97991,0.88837],[103.98136,0.88874],[103.98122,0.88763]]],[[[103.98033,0.95348],[103.97828,0.95127],[103.97637,0.95841],[103.98033,0.95348]]],[[[103.97795,0.98877],[103.97951,0.98925],[103.98006,0.98768],[103.97795,0.98877]]],[[[103.97517,0.96851],[103.97927,0.96556],[103.97899,0.96412],[103.97517,0.96851]]],[[[103.97401,0.98526],[103.97753,0.9868],[103.97797,0.98353],[103.97401,0.98526]]],[[[103.94259,0.99879],[103.97796,0.98185],[103.97564,0.97412],[103.94259,0.99879]]],[[[103.97763,1.14647],[103.97226,1.14788],[103.97474,1.14989],[103.97763,1.14647]]],[[[103.97639,1.00096],[103.97323,0.99778],[103.97171,0.99839],[103.97639,1.00096]]],[[[103.97507,1.00461],[103.97155,1.00354],[103.9749,1.00598],[103.97507,1.00461]]],[[[103.96631,0.96043],[103.97477,0.9558],[103.97146,0.95075],[103.96824,0.95275],[103.96821,0.95831],[103.96631,0.96043]]],[[[103.9739,0.88855],[103.97145,0.88962],[103.97306,0.89095],[103.9739,0.88855]]],[[[103.97164,1.00525],[103.96974,1.00638],[103.97312,1.00743],[103.97164,1.00525]]],[[[103.97112,0.86779],[103.97255,0.86816],[103.97281,0.86795],[103.97112,0.86779]]],[[[103.97216,0.91957],[103.97268,0.91978],[103.9725,0.91942],[103.97216,0.91957]]],[[[103.97202,0.92039],[103.97163,0.92016],[103.97161,0.92048],[103.97202,0.92039]]],[[[103.97163,0.88232],[103.96958,0.87886],[103.96624,0.88111],[103.97163,0.88232]]],[[[103.96862,0.9898],[103.97111,0.98933],[103.9712,0.98724],[103.96862,0.9898]]],[[[103.96767,1.00107],[103.97066,1.00327],[103.9711,1.002],[103.96767,1.00107]]],[[[103.96903,0.885],[103.97041,0.88305],[103.96842,0.88335],[103.96903,0.885]]],[[[103.97002,1.13035],[103.96936,1.13011],[103.96948,1.13071],[103.97002,1.13035]]],[[[103.96948,0.92414],[103.96844,0.92285],[103.96769,0.92329],[103.96948,0.92414]]],[[[103.96425,0.92033],[103.96701,0.92159],[103.96802,0.91929],[103.96425,0.92033]]],[[[103.84831,1.02467],[103.88387,1.02798],[103.87746,1.01316],[103.90124,0.99914],[103.92266,1.00872],[103.92657,0.99829],[103.96723,0.96704],[103.96585,0.96118],[103.96781,0.95748],[103.96307,0.93713],[103.94351,0.92604],[103.9441,0.9102],[103.83287,0.97746],[103.83396,1.0173],[103.86062,1.00751],[103.84831,1.02467]]],[[[103.96659,0.90621],[103.96539,0.90399],[103.96428,0.90537],[103.96659,0.90621]]],[[[103.96374,1.00361],[103.96658,1.0006],[103.96121,1.00234],[103.96374,1.00361]]],[[[103.96228,0.99412],[103.96392,0.99423],[103.96638,0.99229],[103.96228,0.99412]]],[[[103.96438,0.93465],[103.96507,0.93255],[103.96114,0.93245],[103.96438,0.93465]]],[[[103.95081,0.92341],[103.96451,0.91909],[103.96476,0.90805],[103.95237,0.90588],[103.95081,0.92341]]],[[[103.96214,0.88109],[103.9631,0.87755],[103.96021,0.88068],[103.96214,0.88109]]],[[[103.95042,0.89971],[103.95821,0.90406],[103.95992,0.89324],[103.95042,0.89971]]],[[[103.9511,0.92477],[103.95463,0.92403],[103.95071,0.92456],[103.9511,0.92477]]],[[[103.95454,0.92804],[103.95099,0.92603],[103.94864,0.92676],[103.95454,0.92804]]],[[[103.95392,1.00511],[103.95396,1.00376],[103.95336,1.00466],[103.95392,1.00511]]],[[[103.95089,0.89384],[103.95348,0.89499],[103.95352,0.8918],[103.95089,0.89384]]],[[[103.95017,0.90711],[103.94894,0.9023],[103.94694,0.90146],[103.95017,0.90711]]],[[[103.94686,0.91928],[103.9442,0.91946],[103.94488,0.92134],[103.94686,0.91928]]],[[[103.94633,0.92309],[103.94535,0.92184],[103.94588,0.92335],[103.94633,0.92309]]],[[[103.94491,1.14875],[103.94546,1.1469],[103.94352,1.14569],[103.94491,1.14875]]],[[[103.93827,0.90674],[103.94283,0.90639],[103.94024,0.90236],[103.93827,0.90674]]],[[[103.93599,1.08647],[103.93506,1.08566],[103.93499,1.08628],[103.93599,1.08647]]],[[[103.92682,1.00401],[103.93427,0.99977],[103.93296,0.99825],[103.92682,1.00401]]],[[[103.9335,0.88645],[103.93287,0.88649],[103.93288,0.88685],[103.9335,0.88645]]],[[[103.9315,1.01438],[103.92619,1.01724],[103.92467,1.02109],[103.9315,1.01438]]],[[[103.92337,1.10483],[103.92143,1.10304],[103.92281,1.10497],[103.92337,1.10483]]],[[[103.92241,1.02463],[103.91898,1.02359],[103.91856,1.02628],[103.92241,1.02463]]],[[[103.92212,0.91477],[103.9217,0.91429],[103.9217,0.91484],[103.92212,0.91477]]],[[[103.91202,1.12488],[103.92072,1.10594],[103.90227,1.10119],[103.91397,1.11753],[103.91202,1.12488]]],[[[103.89588,1.03881],[103.9202,1.01209],[103.90311,1.00291],[103.88481,1.02989],[103.89459,1.03081],[103.89588,1.03881]]],[[[103.91856,0.92251],[103.92019,0.92142],[103.91923,0.92045],[103.91856,0.92251]]],[[[103.92012,1.10386],[103.91875,1.10269],[103.91859,1.10326],[103.92012,1.10386]]],[[[103.91727,1.02998],[103.91718,1.02891],[103.91676,1.02993],[103.91727,1.02998]]],[[[103.91511,1.10258],[103.91342,1.10072],[103.91327,1.10129],[103.91511,1.10258]]],[[[103.91496,1.02457],[103.91233,1.02261],[103.91209,1.02487],[103.91496,1.02457]]],[[[103.9079,1.11781],[103.91043,1.1183],[103.9099,1.11698],[103.9079,1.11781]]],[[[103.90925,1.10013],[103.90848,1.09987],[103.90843,1.10045],[103.90925,1.10013]]],[[[103.90902,1.11588],[103.90666,1.11353],[103.90647,1.11426],[103.90902,1.11588]]],[[[103.90897,1.16085],[103.90825,1.16085],[103.90837,1.16143],[103.90897,1.16085]]],[[[103.9084,0.92456],[103.90819,0.92408],[103.90813,0.9245],[103.9084,0.92456]]],[[[103.90832,1.11124],[103.90615,1.11115],[103.90766,1.11261],[103.90832,1.11124]]],[[[103.90388,1.09971],[103.90745,1.10066],[103.9055,1.09776],[103.90388,1.09971]]],[[[103.90604,1.15074],[103.90526,1.14981],[103.90521,1.1508],[103.90604,1.15074]]],[[[103.90511,0.91637],[103.90233,0.91625],[103.90564,0.91819],[103.90511,0.91637]]],[[[103.90544,1.118],[103.9047,1.11578],[103.90492,1.1178],[103.90544,1.118]]],[[[103.89763,1.16525],[103.90517,1.15679],[103.90484,1.15497],[103.898,1.15705],[103.89763,1.16525]]],[[[103.90415,1.11423],[103.90452,1.11231],[103.9029,1.11313],[103.90415,1.11423]]],[[[103.90187,1.10089],[103.89821,1.10063],[103.89873,1.10222],[103.90187,1.10089]]],[[[103.90152,1.10968],[103.90075,1.10899],[103.90077,1.11025],[103.90152,1.10968]]],[[[103.8993,1.00222],[103.9012,1.00139],[103.89956,1.00101],[103.8993,1.00222]]],[[[103.89263,1.0406],[103.90045,1.05569],[103.90004,1.03885],[103.89263,1.0406]]],[[[103.88955,1.12709],[103.89414,1.1266],[103.8901,1.12196],[103.88955,1.12709]]],[[[103.89348,1.03273],[103.89407,1.03124],[103.89261,1.03172],[103.89348,1.03273]]],[[[103.88878,1.17302],[103.89125,1.17169],[103.89308,1.16804],[103.88878,1.17302]]],[[[103.88917,1.1579],[103.89261,1.144],[103.87446,1.14333],[103.8771,1.14625],[103.87612,1.14986],[103.88917,1.1579]]],[[[103.89219,0.94038],[103.88726,0.93598],[103.88738,0.93946],[103.89219,0.94038]]],[[[103.89101,1.05078],[103.89034,1.0502],[103.8903,1.05131],[103.89101,1.05078]]],[[[103.89082,1.01529],[103.8849,1.01675],[103.88465,1.02365],[103.89082,1.01529]]],[[[103.88989,1.12067],[103.8867,1.11942],[103.88631,1.12019],[103.88989,1.12067]]],[[[103.87698,1.04587],[103.88906,1.04214],[103.88964,1.03362],[103.88263,1.03279],[103.87698,1.04587]]],[[[103.8883,1.06566],[103.88961,1.06485],[103.88931,1.0646],[103.8883,1.06566]]],[[[103.88873,1.18442],[103.88824,1.18414],[103.88833,1.18485],[103.88873,1.18442]]],[[[103.88854,1.04715],[103.88813,1.04512],[103.88662,1.046],[103.88854,1.04715]]],[[[103.88772,1.17494],[103.88711,1.17543],[103.88715,1.1757],[103.88772,1.17494]]],[[[103.88592,1.08679],[103.88657,1.0869],[103.88606,1.08643],[103.88592,1.08679]]],[[[103.88474,1.08859],[103.88538,1.08862],[103.88541,1.08841],[103.88474,1.08859]]],[[[103.88325,1.09061],[103.88479,1.08998],[103.884,1.08939],[103.88325,1.09061]]],[[[103.88112,1.1265],[103.88388,1.1219],[103.87843,1.12446],[103.88112,1.1265]]],[[[103.8814,1.09686],[103.88348,1.09352],[103.88296,1.09299],[103.8814,1.09686]]],[[[103.88338,1.18465],[103.88288,1.18447],[103.88288,1.18487],[103.88338,1.18465]]],[[[103.88278,1.04827],[103.88082,1.04798],[103.88133,1.04978],[103.88278,1.04827]]],[[[103.84342,1.0751],[103.88233,1.05293],[103.86709,1.04843],[103.87583,1.03888],[103.8347,1.0288],[103.83798,1.03613],[103.83504,1.04342],[103.83798,1.04704],[103.83453,1.05618],[103.83763,1.05791],[103.83301,1.06352],[103.84342,1.0751]]],[[[103.87783,1.16348],[103.88231,1.15804],[103.87677,1.15492],[103.87783,1.16348]]],[[[103.88172,1.01679],[103.87901,1.01577],[103.88104,1.018],[103.88172,1.01679]]],[[[103.8813,1.13277],[103.88066,1.13216],[103.88049,1.13307],[103.8813,1.13277]]],[[[103.8756,1.11853],[103.88044,1.11678],[103.88047,1.11638],[103.8756,1.11853]]],[[[103.87989,1.07769],[103.8804,1.07653],[103.88018,1.07686],[103.87989,1.07769]]],[[[103.87514,1.12903],[103.88023,1.12591],[103.87407,1.12423],[103.87514,1.12903]]],[[[103.88012,1.01379],[103.87915,1.01364],[103.87959,1.01418],[103.88012,1.01379]]],[[[103.87905,1.10524],[103.8785,1.10532],[103.879,1.10554],[103.87905,1.10524]]],[[[103.87611,1.13594],[103.87824,1.13495],[103.87793,1.13452],[103.87611,1.13594]]],[[[103.8771,1.10639],[103.878,1.10697],[103.87782,1.10629],[103.8771,1.10639]]],[[[103.87664,1.06253],[103.87597,1.06229],[103.87617,1.06301],[103.87664,1.06253]]],[[[103.8752,1.14613],[103.86942,1.14756],[103.87161,1.15521],[103.87642,1.14701],[103.87648,1.14638],[103.8752,1.14613]]],[[[103.87106,1.13066],[103.87576,1.13065],[103.8719,1.12827],[103.87106,1.13066]]],[[[103.8731,1.07284],[103.87533,1.06968],[103.87254,1.06922],[103.8731,1.07284]]],[[[103.87472,1.10218],[103.87248,1.10226],[103.87462,1.10294],[103.87472,1.10218]]],[[[103.87235,1.07753],[103.87461,1.07449],[103.87026,1.07593],[103.87235,1.07753]]],[[[103.87385,1.07866],[103.87281,1.07842],[103.8732,1.07901],[103.87385,1.07866]]],[[[103.87373,1.1177],[103.8714,1.1177],[103.87194,1.11981],[103.87373,1.1177]]],[[[103.8732,1.07415],[103.872,1.07379],[103.87256,1.07478],[103.8732,1.07415]]],[[[103.87212,1.09984],[103.87264,1.1001],[103.87254,1.09973],[103.87212,1.09984]]],[[[103.86946,1.09809],[103.87163,1.09562],[103.87063,1.0956],[103.86946,1.09809]]],[[[103.87158,1.08563],[103.86989,1.0851],[103.87015,1.08598],[103.87158,1.08563]]],[[[103.85593,1.07895],[103.87073,1.06691],[103.87001,1.06394],[103.85593,1.07895]]],[[[103.87044,1.08341],[103.86986,1.07647],[103.8677,1.08087],[103.87044,1.08341]]],[[[103.86955,1.13106],[103.86891,1.1306],[103.86867,1.13096],[103.86955,1.13106]]],[[[103.86874,1.09851],[103.86644,1.08728],[103.86256,1.095],[103.86874,1.09851]]],[[[103.86847,1.08621],[103.86646,1.08521],[103.86645,1.08615],[103.86847,1.08621]]],[[[103.8678,1.16014],[103.86309,1.15701],[103.86781,1.16168],[103.8678,1.16014]]],[[[103.86268,1.1009],[103.86745,1.09816],[103.85915,1.09614],[103.86268,1.1009]]],[[[103.86681,1.10252],[103.86593,1.10221],[103.8657,1.10294],[103.86681,1.10252]]],[[[103.86667,1.16363],[103.86601,1.16321],[103.86619,1.16431],[103.86667,1.16363]]],[[[103.86623,1.1058],[103.86526,1.10541],[103.86483,1.10573],[103.86623,1.1058]]],[[[103.86513,1.03511],[103.86326,1.03414],[103.86389,1.03591],[103.86513,1.03511]]],[[[103.86305,1.08755],[103.86446,1.09086],[103.86476,1.08713],[103.86305,1.08755]]],[[[103.86321,1.10652],[103.86432,1.10664],[103.86364,1.10597],[103.86321,1.10652]]],[[[103.85951,1.11003],[103.86249,1.10806],[103.85999,1.10753],[103.85951,1.11003]]],[[[103.86154,1.10295],[103.85999,1.10324],[103.86138,1.10353],[103.86154,1.10295]]],[[[103.86107,1.10604],[103.8603,1.10501],[103.86035,1.10643],[103.86107,1.10604]]],[[[103.85987,1.10193],[103.85911,1.1016],[103.85893,1.10213],[103.85987,1.10193]]],[[[103.85818,1.10481],[103.85603,1.10317],[103.85648,1.10599],[103.85818,1.10481]]],[[[103.85696,1.10011],[103.85563,1.09954],[103.85662,1.10139],[103.85696,1.10011]]],[[[103.85661,1.09394],[103.85614,1.0937],[103.85631,1.09402],[103.85661,1.09394]]],[[[103.85192,1.08739],[103.85536,1.08996],[103.85352,1.08759],[103.85192,1.08739]]],[[[103.85403,1.12941],[103.85054,1.12771],[103.85009,1.13294],[103.85403,1.12941]]],[[[103.85283,1.02739],[103.85152,1.02628],[103.85172,1.02718],[103.85283,1.02739]]],[[[103.85198,1.08064],[103.8505,1.08084],[103.85056,1.08172],[103.85198,1.08064]]],[[[103.85164,1.09701],[103.85097,1.09672],[103.85102,1.09731],[103.85164,1.09701]]],[[[103.84302,0.96016],[103.84939,0.9636],[103.85031,0.9615],[103.84302,0.96016]]],[[[103.84988,1.13453],[103.84937,1.13402],[103.84948,1.13464],[103.84988,1.13453]]],[[[103.84787,1.11141],[103.84624,1.11181],[103.84762,1.11334],[103.84787,1.11141]]],[[[103.84785,1.10202],[103.84723,1.10179],[103.84734,1.1026],[103.84785,1.10202]]],[[[103.84583,1.16656],[103.84535,1.1667],[103.84582,1.16681],[103.84583,1.16656]]],[[[103.84556,1.10662],[103.84481,1.10631],[103.84541,1.10676],[103.84556,1.10662]]],[[[103.84435,1.1262],[103.84336,1.12567],[103.8435,1.12688],[103.84435,1.1262]]],[[[103.84294,1.10982],[103.84379,1.10958],[103.84305,1.10895],[103.84294,1.10982]]],[[[103.8425,1.11202],[103.84185,1.11151],[103.84188,1.11203],[103.8425,1.11202]]],[[[103.8349,1.12076],[103.84143,1.12191],[103.83615,1.11618],[103.8349,1.12076]]],[[[103.83613,1.13687],[103.84031,1.13571],[103.84073,1.13425],[103.83613,1.13687]]],[[[103.83867,1.08934],[103.83767,1.08915],[103.83824,1.09001],[103.83867,1.08934]]],[[[103.83313,1.03735],[103.83686,1.03763],[103.83707,1.03618],[103.83313,1.03735]]],[[[103.8348,1.14008],[103.83611,1.13888],[103.83414,1.13936],[103.8348,1.14008]]],[[[103.83581,1.13297],[103.83503,1.13287],[103.83503,1.13348],[103.83581,1.13297]]],[[[103.83472,1.03404],[103.83417,1.03348],[103.83396,1.03404],[103.83472,1.03404]]],[[[103.83089,1.05626],[103.83274,1.05588],[103.83334,1.05388],[103.83089,1.05626]]],[[[103.8332,1.06043],[103.83255,1.05969],[103.83264,1.06032],[103.8332,1.06043]]],[[[103.8331,1.09367],[103.83243,1.09387],[103.83307,1.09387],[103.8331,1.09367]]],[[[103.83305,1.12092],[103.83245,1.11943],[103.83212,1.12153],[103.83305,1.12092]]],[[[103.83213,0.96123],[103.82931,0.96059],[103.82833,0.96383],[103.83213,0.96123]]],[[[103.83113,0.94176],[103.8321,0.941],[103.83104,0.94127],[103.83113,0.94176]]],[[[103.83069,1.09589],[103.83166,1.0951],[103.83111,1.09464],[103.83069,1.09589]]],[[[103.8311,1.14557],[103.83116,1.14465],[103.83024,1.14562],[103.8311,1.14557]]],[[[103.83049,1.13649],[103.82972,1.13573],[103.8295,1.13653],[103.83049,1.13649]]],[[[103.8254,1.05316],[103.82956,1.04384],[103.81891,1.04745],[103.8254,1.05316]]],[[[103.82903,0.99739],[103.82292,0.99891],[103.82789,1.00571],[103.82903,0.99739]]],[[[103.82089,1.03899],[103.82847,1.03897],[103.82883,1.03681],[103.82089,1.03899]]],[[[103.82882,1.09344],[103.82731,1.09356],[103.82858,1.09503],[103.82882,1.09344]]],[[[103.82849,1.07226],[103.82742,1.07165],[103.82731,1.07237],[103.82849,1.07226]]],[[[103.82782,1.07272],[103.82731,1.07285],[103.82774,1.07293],[103.82782,1.07272]]],[[[103.82752,1.06453],[103.82644,1.06378],[103.82733,1.06502],[103.82752,1.06453]]],[[[103.82722,1.12823],[103.82681,1.12545],[103.82594,1.12884],[103.82722,1.12823]]],[[[103.81806,1.07068],[103.82666,1.07226],[103.82635,1.06669],[103.81806,1.07068]]],[[[103.81778,1.06754],[103.8251,1.06013],[103.82144,1.05869],[103.81967,1.05588],[103.81778,1.06754]]],[[[103.82451,1.05805],[103.82393,1.05713],[103.82364,1.0585],[103.82451,1.05805]]],[[[103.82434,1.06206],[103.82341,1.06228],[103.82424,1.06266],[103.82434,1.06206]]],[[[103.824,1.08789],[103.82339,1.08611],[103.82302,1.08747],[103.824,1.08789]]],[[[103.82375,1.10401],[103.82312,1.10251],[103.82286,1.10417],[103.82375,1.10401]]],[[[103.82269,0.96859],[103.82281,0.96519],[103.82095,0.97089],[103.82269,0.96859]]],[[[103.82277,1.05578],[103.82084,1.05602],[103.82158,1.05789],[103.82277,1.05578]]],[[[103.82256,0.9781],[103.82223,0.9764],[103.82133,0.97639],[103.82256,0.9781]]],[[[103.82184,1.00817],[103.82001,1.00748],[103.82032,1.00832],[103.82184,1.00817]]],[[[103.82161,0.95719],[103.82071,0.95714],[103.82113,0.95783],[103.82161,0.95719]]],[[[103.82131,1.04531],[103.81977,1.04412],[103.81985,1.04551],[103.82131,1.04531]]],[[[103.82103,0.98228],[103.81755,0.9812],[103.82026,0.98363],[103.82103,0.98228]]],[[[103.81949,1.07734],[103.81904,1.07676],[103.81882,1.07713],[103.81949,1.07734]]],[[[103.81072,1.05168],[103.81867,1.05242],[103.81243,1.04944],[103.81072,1.05168]]],[[[103.81474,1.07115],[103.81769,1.06929],[103.81526,1.06888],[103.81474,1.07115]]],[[[103.81661,1.0592],[103.81528,1.05865],[103.81524,1.05987],[103.81661,1.0592]]],[[[103.81025,0.99096],[103.81569,0.98792],[103.81584,0.98504],[103.81025,0.99096]]],[[[103.81477,0.97459],[103.81422,0.9741],[103.81428,0.9749],[103.81477,0.97459]]],[[[103.81061,1.05942],[103.81472,1.05709],[103.81096,1.05597],[103.81061,1.05942]]],[[[103.79173,1.11093],[103.81465,1.08997],[103.81236,1.08405],[103.79946,1.08598],[103.79173,1.11093]]],[[[103.8141,1.15735],[103.81393,1.15654],[103.81349,1.15735],[103.8141,1.15735]]],[[[103.81243,0.98607],[103.80969,0.97984],[103.80921,0.98736],[103.81243,0.98607]]],[[[103.80921,1.00144],[103.81083,0.99806],[103.80934,0.99782],[103.80921,1.00144]]],[[[103.80203,1.03699],[103.8097,1.03635],[103.80948,1.03549],[103.80203,1.03699]]],[[[103.79926,0.96727],[103.8073,0.96573],[103.80285,0.96069],[103.79926,0.96727]]],[[[103.80697,0.97312],[103.8062,0.97284],[103.8062,0.97325],[103.80697,0.97312]]],[[[103.80639,1.06187],[103.80545,1.06109],[103.80553,1.06204],[103.80639,1.06187]]],[[[103.80585,1.01898],[103.80557,1.01487],[103.80292,1.02066],[103.80585,1.01898]]],[[[103.80127,1.03325],[103.8052,1.03115],[103.8028,1.0248],[103.80127,1.03325]]],[[[103.80334,1.01496],[103.80284,1.0147],[103.80299,1.01512],[103.80334,1.01496]]],[[[103.7765,1.0492],[103.78322,1.0367],[103.79185,1.04616],[103.79495,1.02884],[103.7996,1.02509],[103.79805,0.96855],[103.74924,1.02937],[103.7707,1.03306],[103.7765,1.0492]]],[[[103.79937,1.02873],[103.79693,1.02857],[103.79822,1.03022],[103.79937,1.02873]]],[[[103.7992,1.04182],[103.79725,1.04067],[103.79796,1.04242],[103.7992,1.04182]]],[[[103.79487,1.04511],[103.79793,1.04465],[103.79585,1.04102],[103.79487,1.04511]]],[[[103.78013,0.9639],[103.79279,0.96417],[103.7945,0.95688],[103.78013,0.9639]]],[[[103.78899,0.94201],[103.78581,0.94142],[103.78533,0.94382],[103.78899,0.94201]]],[[[103.7826,1.09213],[103.78152,1.08993],[103.78033,1.08823],[103.78044,1.09091],[103.7826,1.09213]]],[[[103.78124,1.0962],[103.7786,1.09699],[103.77913,1.09969],[103.78124,1.0962]]],[[[103.78092,0.97958],[103.77919,0.97908],[103.77922,0.9802],[103.78092,0.97958]]],[[[103.76756,0.94621],[103.77802,0.93966],[103.77089,0.93114],[103.77279,0.93896],[103.76756,0.94621]]],[[[103.76576,0.97683],[103.77661,0.97283],[103.77204,0.96935],[103.76576,0.97683]]],[[[103.77574,1.12383],[103.775,1.12361],[103.77537,1.12405],[103.77574,1.12383]]],[[[103.77371,0.9124],[103.77252,0.91143],[103.77229,0.91209],[103.77371,0.9124]]],[[[103.76821,0.93559],[103.77105,0.93592],[103.76935,0.93346],[103.76821,0.93559]]],[[[103.76548,0.96606],[103.76686,0.96443],[103.76546,0.96481],[103.76548,0.96606]]],[[[103.76677,0.94753],[103.76403,0.94654],[103.76626,0.94856],[103.76677,0.94753]]],[[[103.7642,0.93537],[103.76295,0.93547],[103.763,0.93603],[103.7642,0.93537]]],[[[103.75484,1.0157],[103.76237,1.00981],[103.75721,1.00355],[103.75484,1.0157]]],[[[103.75453,1.01929],[103.75334,1.01805],[103.75308,1.01867],[103.75453,1.01929]]],[[[103.72728,1.11815],[103.72659,1.11812],[103.72681,1.11831],[103.72728,1.11815]]],[[[103.71925,1.10547],[103.7179,1.10534],[103.71788,1.10606],[103.71925,1.10547]]],[[[103.71784,1.11981],[103.71747,1.11955],[103.71738,1.11972],[103.71784,1.11981]]],[[[103.71198,1.11701],[103.7164,1.11533],[103.71651,1.11451],[103.71198,1.11701]]],[[[103.7159,1.12375],[103.71542,1.12373],[103.7154,1.12393],[103.7159,1.12375]]],[[[103.71267,1.13059],[103.71212,1.13028],[103.71218,1.13066],[103.71267,1.13059]]],[[[103.70882,0.96728],[103.71233,0.96661],[103.70882,0.96566],[103.70882,0.96728]]],[[[103.70751,1.12521],[103.70721,1.12503],[103.70734,1.12532],[103.70751,1.12521]]],[[[103.70391,1.12498],[103.70264,1.12487],[103.70279,1.1252],[103.70391,1.12498]]],[[[103.69134,1.14396],[103.69082,1.14371],[103.69106,1.14409],[103.69134,1.14396]]],[[[103.68899,1.14218],[103.6887,1.14181],[103.68855,1.14208],[103.68899,1.14218]]],[[[103.65708,1.14422],[103.66034,1.14512],[103.65993,1.14282],[103.65708,1.14422]]]],"type":"MultiPolygon"},"properties":{"ADM1_EN":"Kepulauan Riau","ADM2_EN":"Kota Batam","latitude":0.96290331,"longitude":104.0636829},"type":"Feature"},{"geometry":{"coordinates":[[[102.2754,-3.72721],[102.3317,-3.73186],[102.3595,-3.84156],[102.40598,-3.86103],[102.31557,-3.91195],[102.30329,-3.94476],[102.26508,-3.91598],[102.27545,-3.89702],[102.29881,-3.89332],[102.30273,-3.87366],[102.24694,-3.78862],[102.26248,-3.77492],[102.25008,-3.73843],[102.2754,-3.72721]]],"type":"Polygon"},"properties":{"ADM1_EN":"Bengkulu","ADM2_EN":"Kota Bengkulu","latitude":-3.827698,"longitude":102.3126907},"type":"Feature"},{"geometry":{"coordinates":[[[98.51097,3.67031],[98.51066,3.63335],[98.53283,3.62081],[98.5366,3.5724],[98.49684,3.56897],[98.4936,3.55504],[98.47569,3.55643],[98.47786,3.52826],[98.45349,3.5295],[98.44475,3.55476],[98.46086,3.59426],[98.44067,3.60844],[98.47376,3.61687],[98.47438,3.63558],[98.44669,3.65594],[98.47246,3.6478],[98.48926,3.66719],[98.51097,3.67031]]],"type":"Polygon"},"properties":{"ADM1_EN":"Sumatera Utara","ADM2_EN":"Kota Binjai","latitude":3.59949211,"longitude":98.48871137},"type":"Feature"},{"geometry":{"coordinates":[[[100.33253,-0.28029],[100.38933,-0.28502],[100.40564,-0.31801],[100.37092,-0.32228],[100.34282,-0.29747],[100.33253,-0.28029]]],"type":"Polygon"},"properties":{"ADM1_EN":"Sumatera Barat","ADM2_EN":"Kota Bukittinggi","latitude":-0.30009877,"longitude":100.3720422},"type":"Feature"},{"geometry":{"coordinates":[[[101.08818,2.20678],[101.17926,2.12846],[101.26832,2.08136],[101.30504,2.0411],[101.32314,1.9979],[101.33703,1.89168],[101.36379,1.8316],[101.35753,1.77817],[101.4005,1.70681],[101.43147,1.68923],[101.48141,1.68281],[101.56174,1.63706],[101.72595,1.672],[101.68998,1.5158],[101.62621,1.51735],[101.57876,1.54001],[101.51488,1.48169],[101.48123,1.48208],[101.47551,1.45639],[101.42221,1.45831],[101.42217,1.43106],[101.31739,1.47472],[101.33303,1.49634],[101.28178,1.63162],[101.07308,1.9291],[101.01871,2.07554],[101.01277,2.14478],[101.05454,2.26737],[101.06185,2.27532],[101.06017,2.24859],[101.08818,2.20678]]],"type":"Polygon"},"properties":{"ADM1_EN":"Riau","ADM2_EN":"Kota Dumai","latitude":1.79766495,"longitude":101.3116538},"type":"Feature"},{"geometry":{"coordinates":[[[[97.4988,1.40333],[97.53999,1.41991],[97.54142,1.38823],[97.59865,1.32957],[97.6106,1.29407],[97.67765,1.21688],[97.69019,1.1785],[97.64358,1.12017],[97.68512,1.1173],[97.67105,1.10859],[97.64599,1.10011],[97.63025,1.11657],[97.59123,1.112],[97.58619,1.12043],[97.60595,1.13009],[97.62628,1.17394],[97.62098,1.19502],[97.5813,1.19425],[97.57834,1.21508],[97.56032,1.22118],[97.56528,1.25817],[97.5799,1.26878],[97.54718,1.28443],[97.51022,1.27448],[97.47071,1.34666],[97.4988,1.40333]]],[[[97.63241,1.08157],[97.64897,1.09397],[97.65527,1.08279],[97.63241,1.08157]]]],"type":"MultiPolygon"},"properties":{"ADM1_EN":"Sumatera Utara","ADM2_EN":"Kota Gunungsitoli","latitude":1.26509618,"longitude":97.58308864},"type":"Feature"},{"geometry":{"coordinates":[[[103.61424,-1.54697],[103.65307,-1.55207],[103.6551,-1.60792],[103.68097,-1.61661],[103.67012,-1.64046],[103.65221,-1.6566],[103.60802,-1.65958],[103.63094,-1.67643],[103.62117,-1.69496],[103.57606,-1.66366],[103.5588,-1.67969],[103.52667,-1.67664],[103.54889,-1.60946],[103.53689,-1.58914],[103.54633,-1.56932],[103.56624,-1.57377],[103.61424,-1.54697]]],"type":"Polygon"},"properties":{"ADM1_EN":"Jambi","ADM2_EN":"Kota Jambi","latitude":-1.61700223,"longitude":103.6002239},"type":"Feature"},{"geometry":{"coordinates":[[[[97.98363,4.53538],[98.00149,4.53065],[98.03784,4.54671],[98.03577,4.53342],[98.03966,4.52818],[98.07165,4.54753],[98.08569,4.53331],[98.08015,4.52782],[98.07734,4.52139],[98.07932,4.51253],[98.06217,4.5099],[98.06161,4.4784],[98.03686,4.47958],[98.04857,4.46747],[98.02568,4.40826],[98.02377,4.41814],[98.00052,4.40765],[97.98181,4.41436],[97.96692,4.44513],[97.93572,4.43248],[97.91743,4.45246],[97.88682,4.44834],[97.87741,4.45818],[97.91666,4.52945],[97.95501,4.53513],[97.96223,4.52666],[97.98111,4.54346],[97.9756,4.55775],[97.98434,4.5467],[97.98363,4.53538]]],[[[98.0815,4.52718],[98.0804,4.5277],[98.08104,4.52837],[98.0815,4.52718]]],[[[98.06484,4.55353],[98.06928,4.54835],[98.06529,4.5464],[98.06484,4.55353]]],[[[98.06282,4.55892],[98.05614,4.55835],[98.05583,4.56178],[98.06282,4.55892]]],[[[98.04039,4.5418],[98.04999,4.53842],[98.04154,4.53661],[98.04039,4.5418]]],[[[98.03894,4.53649],[98.03776,4.53646],[98.03862,4.53719],[98.03894,4.53649]]]],"type":"MultiPolygon"},"properties":{"ADM1_EN":"Aceh","ADM2_EN":"Kota Langsa","latitude":4.4836494,"longitude":97.98270891},"type":"Feature"},{"geometry":{"coordinates":[[[97.0469,5.24088],[97.10317,5.22498],[97.10084,5.2145],[97.10986,5.21031],[97.10862,5.22042],[97.1464,5.19529],[97.15059,5.16646],[97.1335,5.17469],[97.14271,5.15541],[97.17727,5.14212],[97.17938,5.08371],[97.13006,5.09066],[97.10165,5.10962],[97.10791,5.12558],[97.06057,5.1649],[97.05273,5.19299],[97.02805,5.19862],[97.0469,5.24088]]],"type":"Polygon"},"properties":{"ADM1_EN":"Aceh","ADM2_EN":"Kota Lhokseumawe","latitude":5.16438235,"longitude":97.11032429},"type":"Feature"},{"geometry":{"coordinates":[[[102.88106,-3.15667],[102.92384,-3.16964],[102.91621,-3.19055],[102.95606,-3.23543],[102.93778,-3.26121],[102.97038,-3.26075],[102.96515,-3.36404],[102.89235,-3.3759],[102.88293,-3.34715],[102.89477,-3.32803],[102.87,-3.3445],[102.81311,-3.33663],[102.79069,-3.28962],[102.75322,-3.28336],[102.81602,-3.23642],[102.81045,-3.17731],[102.83213,-3.17498],[102.83967,-3.14747],[102.8603,-3.12926],[102.88106,-3.15667]]],"type":"Polygon"},"properties":{"ADM1_EN":"Sumatera Selatan","ADM2_EN":"Kota Lubuklinggau","latitude":-3.26352399,"longitude":102.8793581},"type":"Feature"},{"geometry":{"coordinates":[[[98.71861,3.79636],[98.70191,3.75116],[98.73099,3.72037],[98.7152,3.72545],[98.70471,3.71505],[98.71285,3.67877],[98.70328,3.66703],[98.6966,3.67794],[98.68029,3.67871],[98.66849,3.67177],[98.69223,3.66454],[98.68967,3.65651],[98.70297,3.66262],[98.69338,3.62676],[98.70989,3.6266],[98.70664,3.60235],[98.7415,3.599],[98.72013,3.55161],[98.72644,3.5383],[98.74643,3.53782],[98.74483,3.52811],[98.69831,3.53149],[98.69823,3.5184],[98.67706,3.51457],[98.65764,3.52249],[98.64457,3.48812],[98.62569,3.51884],[98.60011,3.49091],[98.59247,3.49785],[98.60261,3.53424],[98.59305,3.5403],[98.61205,3.56279],[98.59931,3.62033],[98.65259,3.61516],[98.66654,3.63525],[98.65776,3.67497],[98.62477,3.69968],[98.6534,3.73783],[98.63613,3.74323],[98.62755,3.76723],[98.65373,3.78186],[98.68022,3.76739],[98.68144,3.7885],[98.71861,3.79636]]],"type":"Polygon"},"properties":{"ADM1_EN":"Sumatera Utara","ADM2_EN":"Kota Medan","latitude":3.62772815,"longitude":98.66799792},"type":"Feature"},{"geometry":{"coordinates":[[[105.32085,-5.05464],[105.31629,-5.07565],[105.35877,-5.06724],[105.33212,-5.09094],[105.34808,-5.10352],[105.3235,-5.12844],[105.33096,-5.16813],[105.29466,-5.18534],[105.27607,-5.17996],[105.27495,-5.1594],[105.26249,-5.16082],[105.29051,-5.10934],[105.2695,-5.09683],[105.32085,-5.05464]]],"type":"Polygon"},"properties":{"ADM1_EN":"Lampung","ADM2_EN":"Kota Metro","latitude":-5.12182436,"longitude":105.3064432},"type":"Feature"},{"geometry":{"coordinates":[[[[100.45614,-0.72904],[100.47769,-0.73443],[100.4791,-0.75246],[100.50251,-0.75679],[100.50452,-0.78632],[100.54137,-0.80908],[100.54274,-0.83591],[100.53131,-0.84448],[100.56488,-0.90521],[100.51982,-0.99081],[100.47906,-1.00342],[100.42991,-1.05907],[100.41176,-1.09181],[100.42074,-1.10852],[100.36251,-1.14381],[100.36242,-1.12382],[100.38778,-1.12328],[100.36355,-1.0754],[100.36769,-1.07608],[100.37281,-1.07311],[100.38101,-1.0624],[100.38825,-1.07632],[100.39693,-1.06505],[100.409,-1.07381],[100.41192,-1.04092],[100.39813,-1.0288],[100.37798,-1.04058],[100.39042,-1.00858],[100.38238,-0.99309],[100.36497,-1.00565],[100.34695,-0.96598],[100.34222,-0.88397],[100.29065,-0.80688],[100.33739,-0.80109],[100.40016,-0.74867],[100.45614,-0.72904]]],[[[100.3811,-1.11797],[100.38119,-1.1204],[100.3792,-1.11867],[100.3811,-1.11797]]],[[[100.37655,-0.99925],[100.37608,-0.99955],[100.37621,-0.9992],[100.37655,-0.99925]]],[[[100.36384,-1.11656],[100.36912,-1.11746],[100.36944,-1.11962],[100.36384,-1.11656]]],[[[100.36748,-1.0752],[100.36707,-1.07567],[100.36671,-1.07514],[100.36748,-1.0752]]],[[[100.36336,-1.01887],[100.36273,-1.01926],[100.36291,-1.01844],[100.36336,-1.01887]]],[[[100.35602,-1.11861],[100.35502,-1.11898],[100.35615,-1.11842],[100.35602,-1.11861]]],[[[100.35241,-0.9908],[100.35388,-0.9917],[100.3522,-0.99186],[100.35241,-0.9908]]],[[[100.35006,-1.12382],[100.35186,-1.1328],[100.34961,-1.13263],[100.35006,-1.12382]]],[[[100.33821,-0.99064],[100.34232,-0.99426],[100.33844,-0.99606],[100.33821,-0.99064]]],[[[100.34207,-1.1217],[100.33835,-1.12295],[100.34026,-1.11895],[100.34207,-1.1217]]],[[[100.33798,-1.12236],[100.33726,-1.12292],[100.33754,-1.12214],[100.33798,-1.12236]]],[[[100.30226,-0.85676],[100.3015,-0.85942],[100.29973,-0.85739],[100.30226,-0.85676]]],[[[100.29742,-1.07411],[100.29558,-1.0753],[100.29667,-1.07321],[100.29742,-1.07411]]],[[[100.23586,-0.95356],[100.23489,-0.95453],[100.2344,-0.95327],[100.23586,-0.95356]]],[[[100.23099,-0.95502],[100.22933,-0.95571],[100.22943,-0.95434],[100.23099,-0.95502]]],[[[100.21021,-0.98171],[100.20583,-0.98267],[100.20627,-0.98052],[100.21021,-0.98171]]],[[[100.20623,-0.87318],[100.20351,-0.87312],[100.20463,-0.87214],[100.20623,-0.87318]]],[[[100.17551,-1.03595],[100.17149,-1.03853],[100.17063,-1.03389],[100.17551,-1.03595]]],[[[100.17155,-1.13543],[100.17342,-1.13568],[100.17145,-1.13676],[100.17155,-1.13543]]],[[[100.1712,-1.1345],[100.16978,-1.13548],[100.17116,-1.13386],[100.1712,-1.1345]]],[[[100.13723,-0.94982],[100.14151,-0.94786],[100.13937,-0.95111],[100.13723,-0.94982]]],[[[100.10141,-0.87202],[100.09773,-0.87288],[100.0996,-0.87094],[100.10141,-0.87202]]]],"type":"MultiPolygon"},"properties":{"ADM1_EN":"Sumatera Barat","ADM2_EN":"Kota Padang","latitude":-0.89571735,"longitude":100.4353542},"type":"Feature"},{"geometry":{"coordinates":[[[100.39988,-0.45004],[100.43246,-0.46281],[100.43333,-0.48874],[100.36783,-0.47903],[100.39988,-0.45004]]],"type":"Polygon"},"properties":{"ADM1_EN":"Sumatera Barat","ADM2_EN":"Kota Padang Panjang","latitude":-0.47119416,"longitude":100.4037158},"type":"Feature"},{"geometry":{"coordinates":[[[99.25068,1.46999],[99.29869,1.46668],[99.30184,1.4386],[99.32575,1.40411],[99.3058,1.40646],[99.30827,1.3876],[99.34932,1.3116],[99.31047,1.3039],[99.27807,1.3581],[99.24575,1.3641],[99.22175,1.41108],[99.22577,1.45566],[99.25068,1.46999]],[[99.32401,1.30952],[99.32438,1.30949],[99.32404,1.30954],[99.32401,1.30952]]],"type":"Polygon"},"properties":{"ADM1_EN":"Sumatera Utara","ADM2_EN":"Kota Padangsidimpuan","latitude":1.39631207,"longitude":99.28079477},"type":"Feature"},{"geometry":{"coordinates":[[[103.41488,-3.98584],[103.39558,-4.06312],[103.35932,-4.0981],[103.36296,-4.15755],[103.33071,-4.18642],[103.30941,-4.25132],[103.27102,-4.25653],[103.18063,-4.23581],[103.18087,-4.14757],[103.15315,-4.10708],[103.12141,-4.01562],[103.22026,-3.98788],[103.28643,-4.00693],[103.28286,-4.04281],[103.32837,-4.04398],[103.34247,-4.04019],[103.357,-3.99852],[103.41488,-3.98584]]],"type":"Polygon"},"properties":{"ADM1_EN":"Sumatera Selatan","ADM2_EN":"Kota Pagar Alam","latitude":-4.1091116,"longitude":103.2626736},"type":"Feature"},{"geometry":{"coordinates":[[[104.7031,-2.86486],[104.74915,-2.89356],[104.75646,-2.91526],[104.81106,-2.90941],[104.79524,-2.92185],[104.81468,-2.94426],[104.85142,-2.92495],[104.84738,-2.95612],[104.8601,-2.94704],[104.86573,-2.95701],[104.8554,-2.97955],[104.83388,-2.98788],[104.82423,-3.01074],[104.83621,-3.01381],[104.8099,-3.03897],[104.79736,-3.03478],[104.78095,-3.05226],[104.77938,-3.03435],[104.75074,-3.03942],[104.7194,-3.09452],[104.71715,-3.06873],[104.66407,-3.04175],[104.623,-2.99134],[104.63778,-2.93013],[104.6517,-2.92121],[104.67677,-2.93554],[104.66685,-2.88337],[104.67493,-2.86544],[104.7031,-2.86486]]],"type":"Polygon"},"properties":{"ADM1_EN":"Sumatera Selatan","ADM2_EN":"Kota Palembang","latitude":-2.97335338,"longitude":104.7328168},"type":"Feature"},{"geometry":{"coordinates":[[[106.13595,-2.06287],[106.14139,-2.07786],[106.12768,-2.09453],[106.15027,-2.08246],[106.16538,-2.09316],[106.18209,-2.1314],[106.17431,-2.15501],[106.15628,-2.16119],[106.13303,-2.14599],[106.10369,-2.15461],[106.08215,-2.12742],[106.04014,-2.113],[106.04908,-2.09901],[106.04073,-2.07956],[106.05972,-2.06704],[106.10065,-2.08178],[106.10628,-2.06576],[106.13595,-2.06287]]],"type":"Polygon"},"properties":{"ADM1_EN":"Kepulauan Bangka Belitung","ADM2_EN":"Kota Pangkal Pinang","latitude":-2.11066277,"longitude":106.1134719},"type":"Feature"},{"geometry":{"coordinates":[[[[100.13443,-0.55275],[100.13115,-0.57142],[100.14955,-0.5707],[100.14666,-0.58837],[100.1821,-0.61497],[100.17277,-0.65207],[100.15355,-0.66535],[100.15932,-0.67569],[100.11674,-0.62979],[100.09038,-0.56695],[100.13443,-0.55275]]],[[[100.11212,-0.65991],[100.10968,-0.66028],[100.11072,-0.65887],[100.11212,-0.65991]]],[[[100.10291,-0.6463],[100.10107,-0.64789],[100.10107,-0.646],[100.10291,-0.6463]]],[[[100.10028,-0.63287],[100.09808,-0.63422],[100.09808,-0.63287],[100.10028,-0.63287]]],[[[100.07592,-0.59591],[100.07461,-0.59611],[100.07524,-0.59526],[100.07592,-0.59591]]]],"type":"MultiPolygon"},"properties":{"ADM1_EN":"Sumatera Barat","ADM2_EN":"Kota Pariaman","latitude":-0.60765223,"longitude":100.1372125},"type":"Feature"},{"geometry":{"coordinates":[[[100.58359,-0.20143],[100.67761,-0.19231],[100.68593,-0.21207],[100.67743,-0.2314],[100.64618,-0.24998],[100.64936,-0.27388],[100.60576,-0.27046],[100.57958,-0.24297],[100.59932,-0.21954],[100.58359,-0.20143]]],"type":"Polygon"},"properties":{"ADM1_EN":"Sumatera Barat","ADM2_EN":"Kota Payakumbuh","latitude":-0.22607156,"longitude":100.6309807},"type":"Feature"},{"geometry":{"coordinates":[[[101.38631,0.68653],[101.48908,0.65127],[101.54028,0.65801],[101.5498,0.63843],[101.5714,0.63869],[101.59143,0.60659],[101.5785,0.59709],[101.586,0.57755],[101.57579,0.55063],[101.59288,0.53188],[101.57987,0.49673],[101.58855,0.47411],[101.56912,0.46866],[101.56713,0.42523],[101.47697,0.45595],[101.45362,0.44266],[101.44744,0.41697],[101.39173,0.43645],[101.36287,0.43195],[101.34969,0.49055],[101.36299,0.49894],[101.37479,0.55419],[101.32606,0.59858],[101.37632,0.64622],[101.38631,0.68653]]],"type":"Polygon"},"properties":{"ADM1_EN":"Riau","ADM2_EN":"Kota Pekanbaru","latitude":0.54988954,"longitude":101.4644362},"type":"Feature"},{"geometry":{"coordinates":[[[99.03706,3.00669],[99.11051,3.01585],[99.09578,3.00588],[99.0947,2.98118],[99.08149,2.97859],[99.0902,2.97238],[99.0814,2.95665],[99.09845,2.96281],[99.10577,2.94115],[99.01716,2.89326],[99.04121,2.9243],[99.01898,2.94945],[99.03706,3.00669]]],"type":"Polygon"},"properties":{"ADM1_EN":"Sumatera Utara","ADM2_EN":"Kota Pematang Siantar","latitude":2.96259815,"longitude":99.05897438},"type":"Feature"},{"geometry":{"coordinates":[[[104.13358,-3.34121],[104.24165,-3.37359],[104.29791,-3.35683],[104.34819,-3.37148],[104.29279,-3.47837],[104.31103,-3.51202],[104.30544,-3.56702],[104.24252,-3.5676],[104.25025,-3.53614],[104.14656,-3.5423],[104.13143,-3.51976],[104.14361,-3.49103],[104.12848,-3.49147],[104.13608,-3.45428],[104.15128,-3.44485],[104.15153,-3.39607],[104.13192,-3.37831],[104.13358,-3.34121]]],"type":"Polygon"},"properties":{"ADM1_EN":"Sumatera Selatan","ADM2_EN":"Kota Prabumulih","latitude":-3.45283507,"longitude":104.2293879},"type":"Feature"},{"geometry":{"coordinates":[[[[95.22142,5.906],[95.24763,5.87703],[95.26845,5.87072],[95.26257,5.85584],[95.29259,5.83874],[95.30423,5.84132],[95.30174,5.87304],[95.31532,5.86667],[95.3243,5.88171],[95.31033,5.89412],[95.33339,5.89789],[95.37427,5.84717],[95.37498,5.80517],[95.34584,5.82708],[95.34622,5.79354],[95.33046,5.77281],[95.28465,5.78056],[95.25653,5.8443],[95.22008,5.8748],[95.22142,5.906]]],[[[95.30756,5.87493],[95.31383,5.87496],[95.3131,5.87315],[95.30756,5.87493]]],[[[95.25401,5.88804],[95.2601,5.87992],[95.25897,5.87483],[95.25401,5.88804]]],[[[95.25426,5.89612],[95.25294,5.89518],[95.25326,5.89669],[95.25426,5.89612]]],[[[95.12216,6.07499],[95.11621,6.07148],[95.11404,6.07546],[95.12216,6.07499]]]],"type":"MultiPolygon"},"properties":{"ADM1_EN":"Aceh","ADM2_EN":"Kota Sabang","latitude":5.83781804,"longitude":95.30560107},"type":"Feature"},{"geometry":{"coordinates":[[[100.78497,-0.54943],[100.81355,-0.58247],[100.8013,-0.59485],[100.81436,-0.61545],[100.80157,-0.66391],[100.79085,-0.66837],[100.8221,-0.75833],[100.80419,-0.77351],[100.75352,-0.74071],[100.74664,-0.72392],[100.71409,-0.73452],[100.69583,-0.72422],[100.70997,-0.66062],[100.69068,-0.62862],[100.70321,-0.61671],[100.7009,-0.58064],[100.72991,-0.55388],[100.77988,-0.56161],[100.78497,-0.54943]]],"type":"Polygon"},"properties":{"ADM1_EN":"Sumatera Barat","ADM2_EN":"Kota Sawah Lunto","latitude":-0.65377156,"longitude":100.7570309},"type":"Feature"},{"geometry":{"coordinates":[[[[98.79481,1.7564],[98.797,1.7213],[98.76872,1.75638],[98.79481,1.7564]]],[[[98.77848,1.72911],[98.78162,1.72755],[98.7795,1.72668],[98.77848,1.72911]]],[[[98.75954,1.71346],[98.76927,1.70618],[98.76213,1.70526],[98.75954,1.71346]]]],"type":"MultiPolygon"},"properties":{"ADM1_EN":"Sumatera Utara","ADM2_EN":"Kota Sibolga","latitude":1.73836441,"longitude":98.78590558},"type":"Feature"},{"geometry":{"coordinates":[[[100.6879,-0.74388],[100.68648,-0.76244],[100.67263,-0.76888],[100.67506,-0.80835],[100.63615,-0.7952],[100.56134,-0.81905],[100.54137,-0.80908],[100.57079,-0.78674],[100.6269,-0.77029],[100.64288,-0.74451],[100.6879,-0.74388]]],"type":"Polygon"},"properties":{"ADM1_EN":"Sumatera Barat","ADM2_EN":"Kota Solok","latitude":-0.78235094,"longitude":100.630365},"type":"Feature"},{"geometry":{"coordinates":[[[97.83347,3.00186],[97.9016,3.00785],[97.96456,2.97323],[97.94869,2.89533],[98.00637,2.87231],[98.05575,2.81872],[98.09928,2.82264],[98.10506,2.79033],[98.11662,2.78432],[98.06956,2.76397],[98.07499,2.72625],[98.10383,2.68208],[98.11227,2.61098],[98.08498,2.60275],[98.07923,2.5831],[98.05547,2.58552],[98.05377,2.56082],[98.03328,2.55955],[98.02397,2.58418],[97.98829,2.60975],[97.95401,2.57688],[97.89839,2.56526],[97.88273,2.54813],[97.85387,2.5644],[97.84288,2.55697],[97.85186,2.52964],[97.84115,2.50248],[97.79174,2.50735],[97.8251,2.63684],[97.76642,2.78716],[97.84923,2.83432],[97.86024,2.84658],[97.85819,2.88172],[97.9043,2.91051],[97.89963,2.96577],[97.81449,2.98244],[97.83347,3.00186]]],"type":"Polygon"},"properties":{"ADM1_EN":"Aceh","ADM2_EN":"Kota Subulussalam","latitude":2.73561469,"longitude":97.93724072},"type":"Feature"},{"geometry":{"coordinates":[[[101.42885,-2.02926],[101.45694,-2.08908],[101.40904,-2.11832],[101.41159,-2.16647],[101.39357,-2.18045],[101.36814,-2.17505],[101.37002,-2.19137],[101.28211,-2.25026],[101.26469,-2.10181],[101.24083,-2.06495],[101.28978,-2.0273],[101.42885,-2.02926]]],"type":"Polygon"},"properties":{"ADM1_EN":"Jambi","ADM2_EN":"Kota Sungai Penuh","latitude":-2.11335125,"longitude":101.3411129},"type":"Feature"},{"geometry":{"coordinates":[[[99.82001,3.01708],[99.80862,2.97043],[99.8349,2.95543],[99.83717,2.93598],[99.77511,2.92068],[99.75299,2.94239],[99.76255,2.96904],[99.78174,2.96995],[99.76602,3.00898],[99.82001,3.01708]]],"type":"Polygon"},"properties":{"ADM1_EN":"Sumatera Utara","ADM2_EN":"Kota Tanjung Balai","latitude":2.96441583,"longitude":99.79498816},"type":"Feature"},{"geometry":{"coordinates":[[[[104.49887,0.98958],[104.50428,0.97248],[104.52123,0.97735],[104.52004,0.95708],[104.55304,0.9222],[104.5317,0.86188],[104.4972,0.83915],[104.47545,0.85261],[104.50399,0.87765],[104.48388,0.87639],[104.48278,0.88812],[104.43774,0.91188],[104.44236,0.93443],[104.45989,0.92444],[104.4795,0.93109],[104.43553,0.94134],[104.40903,0.9639],[104.41493,0.97815],[104.47311,0.97782],[104.47619,0.98901],[104.49887,0.98958]]],[[[104.45927,0.88488],[104.48492,0.87134],[104.46318,0.85837],[104.41717,0.87583],[104.45927,0.88488]]],[[[104.45543,0.85774],[104.45512,0.85385],[104.45085,0.85492],[104.45543,0.85774]]],[[[104.40897,0.92977],[104.42692,0.92661],[104.40839,0.92635],[104.40897,0.92977]]],[[[104.42604,0.86205],[104.42226,0.85859],[104.4204,0.86136],[104.42604,0.86205]]],[[[104.4034,0.96007],[104.40442,0.95455],[104.40244,0.95555],[104.4034,0.96007]]],[[[104.34728,0.95205],[104.33919,0.95034],[104.33635,0.9548],[104.33804,0.9556],[104.34728,0.95205]]]],"type":"MultiPolygon"},"properties":{"ADM1_EN":"Kepulauan Riau","ADM2_EN":"Kota Tanjung Pinang","latitude":0.92028496,"longitude":104.4853133},"type":"Feature"},{"geometry":{"coordinates":[[[99.17138,3.37627],[99.16774,3.35039],[99.19382,3.35152],[99.18244,3.33214],[99.19265,3.31088],[99.13879,3.30957],[99.13631,3.27759],[99.11899,3.30164],[99.1324,3.30827],[99.12889,3.3279],[99.11443,3.33711],[99.12891,3.34985],[99.15436,3.34158],[99.16633,3.35571],[99.15457,3.36717],[99.17138,3.37627]]],"type":"Polygon"},"properties":{"ADM1_EN":"Sumatera Utara","ADM2_EN":"Kota Tebing Tinggi","latitude":3.32836025,"longitude":99.15570865},"type":"Feature"},{"geometry":{"coordinates":[[[101.27253,-0.00464],[101.30776,-0.04273],[101.3204,-0.09209],[101.34856,-0.10942],[101.36817,-0.1488],[101.37686,-0.12906],[101.39075,-0.1279],[101.4099,-0.07386],[101.45117,-0.12732],[101.47008,-0.12886],[101.48308,-0.10071],[101.52883,-0.11836],[101.61166,-0.23565],[101.62303,-0.23092],[101.63941,-0.24639],[101.66083,-0.23933],[101.66703,-0.25423],[101.71255,-0.26533],[101.73303,-0.31089],[101.75466,-0.31233],[101.7599,-0.33135],[101.74769,-0.35211],[101.80459,-0.38069],[101.82874,-0.37679],[101.84943,-0.40444],[101.89257,-0.39572],[101.88979,-0.42493],[101.91135,-0.48702],[101.90632,-0.53808],[101.80571,-0.66015],[101.77679,-0.7959],[101.78272,-0.84251],[101.83971,-0.88017],[101.85034,-0.92185],[101.9163,-0.88351],[101.92787,-0.90518],[101.89059,-0.9616],[101.85925,-0.96545],[101.84181,-0.98309],[101.79867,-0.9684],[101.75573,-0.97494],[101.69311,-0.94376],[101.71394,-0.90034],[101.71262,-0.8686],[101.68857,-0.87017],[101.6694,-0.83532],[101.61662,-0.82442],[101.55824,-0.83449],[101.53701,-0.81603],[101.50001,-0.80929],[101.30745,-0.62927],[101.24963,-0.62554],[101.20759,-0.59378],[101.16787,-0.5396],[101.13499,-0.52794],[101.10967,-0.50205],[101.09191,-0.5116],[101.07127,-0.50309],[101.02529,-0.3947],[101.04291,-0.38232],[101.04098,-0.36273],[101.04743,-0.37698],[101.11891,-0.38653],[101.14297,-0.33362],[101.1418,-0.28949],[101.16647,-0.26057],[101.158,-0.23622],[101.17691,-0.23412],[101.17515,-0.21873],[101.20189,-0.18317],[101.19377,-0.11842],[101.27253,-0.00464]]],"type":"Polygon"},"properties":{"ADM1_EN":"Riau","ADM2_EN":"Kuantan Singingi","latitude":-0.47882173,"longitude":101.5034782},"type":"Feature"},{"geometry":{"coordinates":[[[[100.11315,2.5458],[100.1366,2.54333],[100.12117,2.61999],[100.1335,2.68251],[100.17122,2.71],[100.22012,2.7051],[100.23439,2.64294],[100.32213,2.54784],[100.29545,2.42821],[100.30082,2.34014],[100.36506,2.21023],[100.2131,2.20963],[100.21042,2.19321],[100.13518,2.19096],[100.09511,2.10817],[100.04452,2.08548],[100.0449,2.03036],[100.01473,1.99969],[100.05873,1.98534],[100.03979,1.94453],[100.00208,1.93555],[100.00072,1.98261],[99.97896,1.96141],[99.94025,1.97117],[99.8933,1.95186],[99.85642,1.90585],[99.85995,1.81585],[99.83936,1.79941],[99.80861,1.90362],[99.83468,1.91479],[99.84183,1.97923],[99.82835,1.99363],[99.8465,2.01667],[99.78978,2.02399],[99.74684,2.0037],[99.73856,1.97698],[99.71398,1.9631],[99.70474,1.92989],[99.67746,1.93731],[99.69021,2.00172],[99.6835,2.03646],[99.6619,2.03804],[99.67046,2.06617],[99.71783,2.08613],[99.73027,2.11554],[99.76625,2.1378],[99.77391,2.18177],[99.8987,2.18125],[99.96359,2.20295],[99.93332,2.26205],[100.02289,2.46148],[100.07454,2.54472],[100.04872,2.74106],[100.08853,2.71102],[100.09141,2.6178],[100.11315,2.5458]]],[[[100.12459,2.54979],[100.11495,2.55473],[100.1071,2.63134],[100.12352,2.57459],[100.12459,2.54979]]]],"type":"MultiPolygon"},"properties":{"ADM1_EN":"Sumatera Utara","ADM2_EN":"Labuhan Batu","latitude":2.27937782,"longitude":100.056501},"type":"Feature"},{"geometry":{"coordinates":[[[100.35482,2.21142],[100.36359,2.16887],[100.31554,2.05241],[100.31116,1.8928],[100.28151,1.86511],[100.27768,1.81348],[100.29616,1.79123],[100.35375,1.78215],[100.35234,1.73778],[100.3203,1.6805],[100.36897,1.66701],[100.40702,1.67276],[100.41202,1.66121],[100.40343,1.62401],[100.41404,1.6001],[100.40395,1.58592],[100.41865,1.5667],[100.41253,1.54125],[100.42578,1.50474],[100.41306,1.46502],[100.32368,1.45946],[100.31091,1.51091],[100.17296,1.5953],[100.16452,1.62231],[100.14531,1.63122],[100.07145,1.72411],[100.04901,1.7205],[100.00288,1.64001],[99.95335,1.62463],[99.91319,1.71541],[99.89944,1.71654],[99.84628,1.63697],[99.81664,1.67297],[99.73347,1.72412],[99.70239,1.76245],[99.69536,1.80629],[99.72792,1.82835],[99.83011,1.79751],[99.85571,1.80612],[99.85642,1.90585],[99.90365,1.95785],[99.94025,1.97117],[99.97896,1.96141],[100.00072,1.98261],[100.00208,1.93555],[100.03305,1.93646],[100.05873,1.98534],[100.01473,1.99969],[100.0449,2.03036],[100.04452,2.08548],[100.09511,2.10817],[100.13518,2.19096],[100.21042,2.19321],[100.2131,2.20963],[100.35482,2.21142]]],"type":"Polygon"},"properties":{"ADM1_EN":"Sumatera Utara","ADM2_EN":"Labuhan Batu Selatan","latitude":1.83887409,"longitude":100.1305364},"type":"Feature"},{"geometry":{"coordinates":[[[[99.98681,2.85545],[99.9937,2.78291],[99.97426,2.74312],[99.99797,2.72546],[100.04872,2.74106],[100.07454,2.54472],[100.02289,2.46148],[99.93332,2.26205],[99.96359,2.20295],[99.8987,2.18125],[99.77391,2.18177],[99.76625,2.1378],[99.73027,2.11554],[99.71783,2.08613],[99.67151,2.06898],[99.65552,2.02926],[99.6171,2.04125],[99.62701,2.00012],[99.60649,1.99756],[99.55622,2.04157],[99.5508,2.07841],[99.52257,2.09133],[99.5122,2.12288],[99.43568,2.12383],[99.39392,2.16608],[99.41711,2.2134],[99.48203,2.24269],[99.53699,2.24809],[99.54891,2.30692],[99.58524,2.31442],[99.58279,2.3281],[99.51983,2.35125],[99.52402,2.46025],[99.50984,2.41413],[99.5196,2.39943],[99.50308,2.39528],[99.41919,2.46],[99.44997,2.5],[99.45255,2.54032],[99.49715,2.58328],[99.53839,2.59217],[99.54617,2.60433],[99.6088,2.57517],[99.70302,2.59036],[99.86718,2.73004],[99.98681,2.85545]]],[[[100.03742,2.77343],[100.04497,2.75955],[100.01995,2.74785],[100.02704,2.76749],[100.03742,2.77343]]]],"type":"MultiPolygon"},"properties":{"ADM1_EN":"Sumatera Utara","ADM2_EN":"Labuhan Batu Utara","latitude":2.40910451,"longitude":99.75462531},"type":"Feature"},{"geometry":{"coordinates":[[[[103.12138,-4.01572],[103.12531,-3.99858],[103.14201,-3.97869],[103.14323,-3.94411],[103.12821,-3.94658],[103.12445,-3.92519],[103.10818,-3.91995],[103.10753,-3.88186],[103.1159,-3.86003],[103.14212,-3.85305],[103.17164,-3.8004],[103.14574,-3.75021],[103.15762,-3.67411],[103.12796,-3.65238],[103.12577,-3.60307],[103.18367,-3.49577],[103.31732,-3.51062],[103.33706,-3.53009],[103.37007,-3.5261],[103.37449,-3.53475],[103.41815,-3.52991],[103.44517,-3.50951],[103.49295,-3.51003],[103.51569,-3.59792],[103.53837,-3.59346],[103.53858,-3.54778],[103.57439,-3.54977],[103.6283,-3.51212],[103.7291,-3.57548],[103.77272,-3.58359],[103.75683,-3.60507],[103.76771,-3.60695],[103.76749,-3.63159],[103.74021,-3.64707],[103.74738,-3.6611],[103.76592,-3.66072],[103.7671,-3.68774],[103.73335,-3.69173],[103.76288,-3.73893],[103.72448,-3.76475],[103.73036,-3.78883],[103.70744,-3.81736],[103.70421,-3.90012],[103.67005,-3.91033],[103.63123,-3.94206],[103.64412,-3.96565],[103.59545,-3.99749],[103.59117,-4.04742],[103.55396,-4.12086],[103.51239,-4.10741],[103.49606,-4.12927],[103.4669,-4.09974],[103.4389,-4.17053],[103.30917,-4.25188],[103.33071,-4.18642],[103.36296,-4.15755],[103.35932,-4.0981],[103.39558,-4.06312],[103.41541,-3.98478],[103.357,-3.99852],[103.34247,-4.04019],[103.32837,-4.04398],[103.28286,-4.04281],[103.28643,-4.00693],[103.22026,-3.98788],[103.12138,-4.01572]]],[[[103.12138,-4.01572],[103.15315,-4.10708],[103.18087,-4.14757],[103.18514,-4.21776],[103.17108,-4.24096],[103.13477,-4.2554],[103.09626,-4.25167],[103.08063,-4.26391],[103.05154,-4.21924],[103.06422,-4.21171],[103.06136,-4.19604],[102.91964,-4.09659],[102.91395,-4.06305],[102.93054,-4.04739],[102.95672,-4.056],[103.00881,-4.01565],[103.03206,-4.02148],[103.0858,-4.00762],[103.10984,-4.02168],[103.12138,-4.01572]]]],"type":"MultiPolygon"},"properties":{"ADM1_EN":"Sumatera Selatan","ADM2_EN":"Lahat","latitude":-3.83055817,"longitude":103.3853248},"type":"Feature"},{"geometry":{"coordinates":[[[103.77394,-4.77333],[103.779,-4.79499],[103.82433,-4.80016],[103.82369,-4.82081],[103.86375,-4.84415],[103.87495,-4.88405],[103.85252,-4.92328],[103.88528,-4.92766],[103.91587,-4.96002],[103.92493,-4.92894],[103.91475,-4.91416],[103.92827,-4.91642],[103.94336,-4.89718],[103.96597,-4.91109],[104.0473,-4.90086],[104.05761,-4.89001],[104.08854,-4.9166],[104.15212,-4.9253],[104.18657,-4.89161],[104.1947,-4.86197],[104.21726,-4.85898],[104.24412,-4.88165],[104.27189,-4.8754],[104.28662,-4.85569],[104.31303,-4.88393],[104.34051,-4.86476],[104.3528,-4.87458],[104.41013,-4.86532],[104.44181,-4.94422],[104.47579,-4.93225],[104.49919,-4.94371],[104.49897,-5.01608],[104.56955,-5.02369],[104.58026,-5.05903],[104.53231,-5.10776],[104.44064,-5.16266],[104.43907,-5.17448],[104.40587,-5.16873],[104.4102,-5.20319],[104.38185,-5.32971],[104.34898,-5.38157],[104.26147,-5.28283],[104.22272,-5.21928],[104.1301,-5.18127],[104.08359,-5.141],[104.08632,-5.1158],[104.05826,-5.0921],[104.02949,-5.08351],[104.01683,-5.09303],[104.00878,-5.0821],[104.0227,-5.0438],[104.01214,-5.02449],[103.94059,-4.97728],[103.8728,-4.96494],[103.82009,-4.90621],[103.81762,-4.87532],[103.7929,-4.90065],[103.79322,-4.93511],[103.77216,-4.94463],[103.75161,-4.91837],[103.71112,-4.9041],[103.67629,-4.91106],[103.64972,-4.93698],[103.57125,-4.92614],[103.60196,-4.86776],[103.67706,-4.83559],[103.74239,-4.77957],[103.77394,-4.77333]]],"type":"Polygon"},"properties":{"ADM1_EN":"Lampung","ADM2_EN":"Lampung Barat","latitude":-5.03174305,"longitude":104.1902896},"type":"Feature"},{"geometry":{"coordinates":[[[[105.24471,-5.18264],[105.27607,-5.17996],[105.28051,-5.20841],[105.30079,-5.2292],[105.32614,-5.20774],[105.33199,-5.23507],[105.3468,-5.24053],[105.36847,-5.21339],[105.42014,-5.2119],[105.39895,-5.22611],[105.43423,-5.23183],[105.42848,-5.24615],[105.45776,-5.24346],[105.45538,-5.27879],[105.41462,-5.28092],[105.41706,-5.31325],[105.46589,-5.30738],[105.48492,-5.2892],[105.48449,-5.30237],[105.5197,-5.32549],[105.53323,-5.34887],[105.52416,-5.37514],[105.53247,-5.4261],[105.52775,-5.45009],[105.51499,-5.4535],[105.5213,-5.47541],[105.54125,-5.45156],[105.58631,-5.44806],[105.58224,-5.48745],[105.63107,-5.49826],[105.63262,-5.55349],[105.65874,-5.56334],[105.67171,-5.60948],[105.70295,-5.59844],[105.72694,-5.61545],[105.74869,-5.5882],[105.75439,-5.60863],[105.76439,-5.60317],[105.76014,-5.61542],[105.77504,-5.61262],[105.77438,-5.62111],[105.79352,-5.61348],[105.78966,-5.5999],[105.79852,-5.60384],[105.80538,-5.58298],[105.82756,-5.58206],[105.80939,-5.68542],[105.7923,-5.71632],[105.79926,-5.79559],[105.72508,-5.90418],[105.71476,-5.90621],[105.71495,-5.85899],[105.70463,-5.84886],[105.61432,-5.8356],[105.58451,-5.8062],[105.58937,-5.73674],[105.55449,-5.69933],[105.55884,-5.6683],[105.53521,-5.67138],[105.52292,-5.69653],[105.50235,-5.66907],[105.41182,-5.62427],[105.39053,-5.59877],[105.36431,-5.54096],[105.34708,-5.52194],[105.35942,-5.5145],[105.33149,-5.4797],[105.3273,-5.45163],[105.342,-5.41963],[105.32476,-5.40689],[105.30569,-5.35845],[105.29189,-5.36784],[105.29442,-5.3484],[105.26703,-5.35541],[105.25317,-5.33531],[105.21946,-5.36552],[105.17779,-5.32797],[105.10895,-5.31134],[105.1414,-5.25873],[105.17678,-5.27716],[105.16148,-5.22943],[105.17375,-5.19762],[105.24017,-5.17116],[105.24471,-5.18264]]],[[[105.79529,-5.84573],[105.79267,-5.84591],[105.79451,-5.84504],[105.79529,-5.84573]]],[[[105.77324,-5.86162],[105.79235,-5.84937],[105.78544,-5.86926],[105.77324,-5.86162]]],[[[105.77885,-5.88358],[105.78825,-5.89146],[105.77549,-5.88515],[105.77885,-5.88358]]],[[[105.77757,-5.84591],[105.77517,-5.84596],[105.77715,-5.8449],[105.77757,-5.84591]]],[[[105.7731,-5.87327],[105.7708,-5.87433],[105.77204,-5.87212],[105.7731,-5.87327]]],[[[105.77273,-5.87889],[105.76836,-5.88262],[105.76877,-5.8782],[105.77273,-5.87889]]],[[[105.76997,-5.87341],[105.76693,-5.87235],[105.76974,-5.8712],[105.76997,-5.87341]]],[[[105.76813,-5.88368],[105.7568,-5.89975],[105.74901,-5.90163],[105.75661,-5.88386],[105.76813,-5.88368]]],[[[105.74022,-5.88865],[105.73677,-5.88865],[105.73783,-5.88631],[105.74022,-5.88865]]],[[[105.52749,-5.84905],[105.544,-5.86692],[105.52907,-5.89414],[105.50449,-5.90303],[105.49198,-5.87733],[105.52749,-5.84905]]],[[[105.54064,-5.88074],[105.53866,-5.88335],[105.53876,-5.87921],[105.54064,-5.88074]]],[[[105.50199,-5.92332],[105.51611,-5.94055],[105.50697,-5.96347],[105.4854,-5.97293],[105.46747,-5.96426],[105.46773,-5.93638],[105.50199,-5.92332]]],[[[105.45145,-6.08013],[105.46543,-6.08795],[105.45453,-6.10908],[105.45092,-6.10675],[105.45145,-6.08013]]],[[[105.44887,-6.13655],[105.46455,-6.14931],[105.45327,-6.16743],[105.41935,-6.15532],[105.4204,-6.14171],[105.44887,-6.13655]]],[[[105.45706,-5.88473],[105.4517,-5.88517],[105.4522,-5.87984],[105.45706,-5.88473]]],[[[105.42452,-6.11134],[105.41565,-6.10074],[105.42249,-6.09006],[105.4352,-6.10322],[105.42452,-6.11134]]],[[[105.36256,-6.11299],[105.37655,-6.08509],[105.40354,-6.07329],[105.39685,-6.09073],[105.36256,-6.11299]]],[[[105.36377,-5.54743],[105.36221,-5.54905],[105.36031,-5.54844],[105.36377,-5.54743]]],[[[105.35798,-5.54482],[105.3609,-5.54643],[105.35652,-5.54544],[105.35798,-5.54482]]],[[[105.35352,-5.54652],[105.35383,-5.54826],[105.35234,-5.54695],[105.35352,-5.54652]]]],"type":"MultiPolygon"},"properties":{"ADM1_EN":"Lampung","ADM2_EN":"Lampung Selatan","latitude":-5.53277241,"longitude":105.5005012},"type":"Feature"},{"geometry":{"coordinates":[[[105.64486,-4.48255],[105.64611,-4.50894],[105.68236,-4.48535],[105.70824,-4.52805],[105.73135,-4.53728],[105.7522,-4.52143],[105.77361,-4.53239],[105.77174,-4.55339],[105.7988,-4.55824],[105.79383,-4.57906],[105.80485,-4.5857],[105.77908,-4.60495],[105.77918,-4.62248],[105.80424,-4.65357],[105.81691,-4.64995],[105.81904,-4.69909],[105.80471,-4.72344],[105.81408,-4.74804],[105.79467,-4.75379],[105.75695,-4.731],[105.73712,-4.74586],[105.6988,-4.73927],[105.68206,-4.74728],[105.67863,-4.78233],[105.64964,-4.79382],[105.63768,-4.85145],[105.60525,-4.85188],[105.59026,-4.88228],[105.55485,-4.87274],[105.45398,-4.90487],[105.42884,-4.8938],[105.3994,-4.92814],[105.41436,-4.96797],[105.3733,-4.97393],[105.34537,-4.96423],[105.32909,-4.98365],[105.32306,-5.00667],[105.36304,-5.01193],[105.36591,-5.02878],[105.30606,-5.05726],[105.2695,-5.09683],[105.29053,-5.10878],[105.2624,-5.15889],[105.27572,-5.16054],[105.27607,-5.17996],[105.24416,-5.18232],[105.17965,-5.12078],[105.17701,-5.13568],[105.15346,-5.13924],[105.14765,-5.15638],[105.13001,-5.15079],[105.09467,-5.16525],[105.10004,-5.13699],[105.08639,-5.14365],[105.08381,-5.12425],[105.07611,-5.15998],[105.0291,-5.22398],[104.91346,-5.26711],[104.9051,-5.24865],[104.88407,-5.25118],[104.86178,-5.21455],[104.79454,-5.17099],[104.78224,-5.14142],[104.76681,-5.14925],[104.75111,-5.1321],[104.72798,-5.13316],[104.69939,-5.16721],[104.66868,-5.17279],[104.63714,-5.15047],[104.58533,-5.14856],[104.56025,-5.11349],[104.53295,-5.10712],[104.58036,-5.05758],[104.6074,-5.08437],[104.63664,-5.0889],[104.68679,-5.08283],[104.69729,-5.06377],[104.7124,-5.0699],[104.76869,-5.03333],[104.78226,-5.04143],[104.782,-5.01275],[104.80584,-5.00704],[104.82013,-4.98843],[104.87109,-4.97014],[104.85511,-5.00126],[104.90232,-4.98487],[104.90353,-4.95844],[104.93245,-4.91968],[104.96582,-4.9129],[104.99356,-4.92931],[105.00505,-4.95522],[105.04233,-4.94515],[105.05327,-4.87263],[105.12056,-4.77108],[105.12334,-4.73085],[105.14301,-4.70474],[105.13831,-4.67969],[105.15592,-4.67713],[105.18238,-4.63885],[105.18143,-4.61556],[105.21049,-4.61079],[105.20888,-4.63428],[105.22828,-4.64307],[105.2613,-4.63592],[105.26326,-4.6224],[105.29354,-4.61689],[105.31215,-4.57968],[105.35353,-4.5506],[105.36959,-4.52151],[105.39993,-4.51097],[105.41203,-4.51855],[105.45669,-4.49214],[105.47822,-4.49683],[105.49254,-4.48274],[105.53521,-4.50932],[105.5343,-4.52063],[105.57142,-4.51923],[105.58127,-4.53529],[105.58922,-4.51454],[105.62083,-4.51776],[105.62776,-4.48698],[105.64486,-4.48255]]],"type":"Polygon"},"properties":{"ADM1_EN":"Lampung","ADM2_EN":"Lampung Tengah","latitude":-4.86129601,"longitude":105.2646489},"type":"Feature"},{"geometry":{"coordinates":[[[[106.21131,-5.20753],[106.21008,-5.20818],[106.21026,-5.20744],[106.21131,-5.20753]]],[[[106.11147,-5.15483],[106.10979,-5.1568],[106.11061,-5.15388],[106.11147,-5.15483]]],[[[106.10995,-5.16884],[106.10782,-5.17027],[106.1102,-5.16625],[106.10995,-5.16884]]],[[[105.83258,-4.6212],[105.85812,-4.63477],[105.85155,-4.67443],[105.8758,-4.683],[105.88262,-4.69906],[105.86305,-4.7679],[105.86317,-4.83896],[105.90202,-4.93707],[105.87413,-4.96369],[105.8592,-5.03794],[105.8632,-5.25768],[105.82079,-5.32186],[105.82011,-5.57239],[105.79852,-5.60384],[105.79006,-5.59923],[105.79308,-5.61398],[105.77438,-5.62111],[105.77504,-5.61262],[105.76014,-5.61542],[105.76439,-5.60317],[105.75439,-5.60863],[105.74869,-5.5882],[105.73382,-5.61309],[105.6896,-5.59702],[105.68117,-5.61302],[105.65706,-5.58425],[105.65874,-5.56334],[105.63262,-5.55349],[105.63107,-5.49826],[105.58224,-5.48745],[105.58631,-5.44806],[105.54125,-5.45156],[105.5213,-5.47541],[105.51499,-5.4535],[105.52775,-5.45009],[105.53247,-5.4261],[105.52416,-5.37514],[105.53323,-5.34887],[105.5197,-5.32549],[105.48449,-5.30237],[105.48492,-5.2892],[105.46589,-5.30738],[105.41706,-5.31325],[105.41462,-5.28092],[105.45538,-5.27879],[105.45776,-5.24346],[105.42848,-5.24615],[105.43423,-5.23183],[105.39895,-5.22611],[105.42014,-5.2119],[105.36847,-5.21339],[105.3468,-5.24053],[105.33199,-5.23507],[105.32614,-5.20774],[105.30079,-5.2292],[105.28051,-5.20841],[105.27607,-5.17996],[105.29581,-5.18514],[105.33096,-5.16813],[105.3235,-5.12844],[105.34808,-5.10352],[105.33212,-5.09094],[105.35877,-5.06724],[105.31065,-5.0691],[105.36591,-5.02878],[105.36304,-5.01193],[105.32306,-5.00667],[105.34537,-4.96423],[105.3733,-4.97393],[105.41436,-4.96797],[105.39998,-4.92567],[105.43633,-4.88984],[105.45398,-4.90487],[105.55485,-4.87274],[105.59077,-4.88198],[105.60525,-4.85188],[105.63768,-4.85145],[105.64939,-4.79429],[105.67863,-4.78233],[105.68291,-4.74629],[105.71953,-4.73522],[105.73712,-4.74586],[105.75695,-4.731],[105.79308,-4.75321],[105.81136,-4.75149],[105.80471,-4.72344],[105.81904,-4.69909],[105.81661,-4.64959],[105.83258,-4.6212]]]],"type":"MultiPolygon"},"properties":{"ADM1_EN":"Lampung","ADM2_EN":"Lampung Timur","latitude":-5.13665132,"longitude":105.6490367},"type":"Feature"},{"geometry":{"coordinates":[[[104.96788,-4.52865],[104.99396,-4.58195],[104.98551,-4.59248],[104.99769,-4.60685],[104.99947,-4.65991],[105.03499,-4.66829],[105.06931,-4.70855],[105.12699,-4.72734],[105.10681,-4.79831],[105.05327,-4.87263],[105.04233,-4.94515],[105.00505,-4.95522],[104.99356,-4.92931],[104.96582,-4.9129],[104.93245,-4.91968],[104.90353,-4.95844],[104.90232,-4.98487],[104.85511,-5.00126],[104.87109,-4.97014],[104.82013,-4.98843],[104.80584,-5.00704],[104.782,-5.01275],[104.78226,-5.04143],[104.76869,-5.03333],[104.7124,-5.0699],[104.69729,-5.06377],[104.6828,-5.08449],[104.6074,-5.08437],[104.58164,-5.06147],[104.56955,-5.02369],[104.49921,-5.01635],[104.50089,-4.95499],[104.54755,-4.86589],[104.55072,-4.8302],[104.61246,-4.8313],[104.64053,-4.78078],[104.64514,-4.75283],[104.61773,-4.71713],[104.63078,-4.70215],[104.60611,-4.68164],[104.63809,-4.65555],[104.6448,-4.63249],[104.69882,-4.59664],[104.69548,-4.55539],[104.74176,-4.56009],[104.78295,-4.58522],[104.81398,-4.58448],[104.82328,-4.56686],[104.84378,-4.56809],[104.87423,-4.5438],[104.90652,-4.55275],[104.93147,-4.53397],[104.96788,-4.52865]]],"type":"Polygon"},"properties":{"ADM1_EN":"Lampung","ADM2_EN":"Lampung Utara","latitude":-4.80923844,"longitude":104.8058936},"type":"Feature"},{"geometry":{"coordinates":[[[[98.15409,4.28726],[98.25221,4.28917],[98.2433,4.27092],[98.25416,4.20194],[98.24517,4.18686],[98.18637,4.17491],[98.16107,4.15422],[98.17787,4.14443],[98.15325,4.07908],[98.18414,4.10971],[98.19932,4.10721],[98.21148,4.12466],[98.24905,4.13034],[98.29805,4.10641],[98.31082,4.07368],[98.39136,4.07575],[98.43114,4.04085],[98.5421,4.01174],[98.53757,3.99214],[98.55635,3.97175],[98.56005,3.93893],[98.60439,3.91495],[98.66487,3.90804],[98.60126,3.86833],[98.6008,3.83431],[98.58309,3.8343],[98.57661,3.81573],[98.53173,3.78655],[98.50672,3.73739],[98.50105,3.66829],[98.47246,3.6478],[98.4597,3.65457],[98.44669,3.65594],[98.47438,3.63558],[98.47376,3.61687],[98.44067,3.60844],[98.46086,3.59426],[98.44575,3.53793],[98.47786,3.52826],[98.47569,3.55643],[98.4936,3.55504],[98.50081,3.56949],[98.51057,3.53118],[98.5246,3.52219],[98.50995,3.4951],[98.49558,3.3908],[98.50947,3.30845],[98.4707,3.27781],[98.46463,3.22996],[98.44783,3.24828],[98.43191,3.23596],[98.39931,3.24955],[98.39844,3.26289],[98.35515,3.28739],[98.36626,3.24534],[98.34005,3.21905],[98.29795,3.22887],[98.28752,3.25484],[98.25886,3.24997],[98.21789,3.28386],[98.1242,3.26516],[98.09907,3.31401],[98.05564,3.31552],[98.02924,3.33055],[98.00195,3.36976],[97.94742,3.39347],[97.9099,3.38956],[97.89765,3.41589],[97.92107,3.42208],[97.95908,3.48162],[97.92157,3.49812],[97.90441,3.55694],[97.86826,3.57103],[97.87194,3.61207],[97.80027,3.72267],[97.90925,3.81881],[97.92223,3.84524],[97.9094,3.87864],[97.93585,3.8949],[97.95198,3.8897],[97.95758,3.9289],[98.02346,3.96758],[98.02598,4.01617],[98.04626,4.02431],[98.03381,4.05719],[98.04712,4.11985],[98.0719,4.14268],[98.06053,4.18714],[98.0928,4.20707],[98.06848,4.24769],[98.07986,4.25946],[98.14339,4.25977],[98.15409,4.28726]]],[[[98.64025,3.91466],[98.64309,3.91551],[98.64396,3.91482],[98.64155,3.91492],[98.64025,3.91466]]],[[[98.58737,3.92789],[98.5891,3.92667],[98.58633,3.92684],[98.58737,3.92789]]],[[[98.58573,3.93349],[98.58472,3.93444],[98.58508,3.93532],[98.58573,3.93349]]],[[[98.56843,3.94954],[98.56862,3.93918],[98.56036,3.94015],[98.56843,3.94954]]],[[[98.52481,4.0179],[98.52401,4.01747],[98.52454,4.01844],[98.52481,4.0179]]],[[[98.24318,4.1755],[98.27466,4.1615],[98.27179,4.14168],[98.25642,4.13288],[98.23275,4.14702],[98.24318,4.1755]]],[[[98.25559,4.26744],[98.25674,4.26729],[98.25464,4.26699],[98.25559,4.26744]]],[[[98.20595,4.13183],[98.20438,4.13149],[98.20552,4.1333],[98.20595,4.13183]]],[[[98.20279,4.13032],[98.204,4.11935],[98.19962,4.1204],[98.18407,4.11445],[98.20279,4.13032]]],[[[98.20338,4.14084],[98.20242,4.1383],[98.20086,4.13768],[98.20338,4.14084]]],[[[98.20083,4.13642],[98.20316,4.13153],[98.19609,4.13125],[98.20083,4.13642]]],[[[98.20121,4.11656],[98.19804,4.11468],[98.19968,4.1187],[98.20121,4.11656]]],[[[98.19561,4.11181],[98.1953,4.11143],[98.19464,4.11212],[98.19561,4.11181]]],[[[98.1923,4.13473],[98.19218,4.1322],[98.18811,4.12871],[98.1923,4.13473]]],[[[98.18873,4.12672],[98.18767,4.12681],[98.18924,4.12782],[98.18873,4.12672]]],[[[98.18044,4.13313],[98.17593,4.13478],[98.18406,4.14293],[98.18528,4.13789],[98.18044,4.13313]]],[[[98.18113,4.13283],[98.18461,4.13266],[98.18164,4.13015],[98.18113,4.13283]]],[[[98.18331,4.11548],[98.1829,4.11577],[98.18362,4.11642],[98.18331,4.11548]]],[[[98.17996,4.12791],[98.17912,4.12621],[98.18046,4.129],[98.17996,4.12791]]],[[[98.18042,4.12938],[98.18016,4.12981],[98.18035,4.12989],[98.18042,4.12938]]],[[[98.17845,4.12683],[98.17804,4.12666],[98.17819,4.12698],[98.17845,4.12683]]]],"type":"MultiPolygon"},"properties":{"ADM1_EN":"Sumatera Utara","ADM2_EN":"Langkat","latitude":3.71074087,"longitude":98.22034602},"type":"Feature"},{"geometry":{"coordinates":[[[101.99013,-2.72314],[102.02893,-2.75668],[102.06802,-2.76791],[102.07862,-2.8003],[102.11426,-2.81635],[102.13028,-2.83643],[102.13317,-2.87608],[102.22523,-2.92846],[102.25691,-3.0368],[102.28363,-3.03803],[102.31483,-3.06898],[102.38992,-3.04427],[102.43556,-3.05517],[102.46746,-3.08008],[102.49232,-3.13361],[102.48745,-3.20499],[102.50574,-3.2152],[102.48945,-3.24228],[102.49748,-3.31997],[102.44859,-3.32082],[102.4412,-3.34726],[102.38691,-3.35778],[102.37606,-3.38202],[102.31505,-3.37268],[102.27343,-3.35785],[102.29825,-3.32154],[102.28902,-3.28024],[102.24932,-3.26204],[102.20601,-3.22141],[102.16015,-3.22661],[102.16927,-3.20864],[102.15363,-3.18945],[102.14163,-3.19691],[102.1262,-3.1734],[102.14219,-3.11198],[102.1385,-3.07019],[102.10797,-3.04413],[102.08358,-2.99865],[102.04173,-2.97379],[102.0318,-2.91692],[102.00819,-2.88456],[102.00739,-2.85223],[101.9641,-2.81549],[101.92181,-2.73649],[101.99013,-2.72314]]],"type":"Polygon"},"properties":{"ADM1_EN":"Bengkulu","ADM2_EN":"Lebong","latitude":-3.08992697,"longitude":102.2494771},"type":"Feature"},{"geometry":{"coordinates":[[[100.46208,0.40035],[100.48236,0.40111],[100.49895,0.36449],[100.53405,0.34056],[100.53592,0.31181],[100.6762,0.18624],[100.70146,0.24599],[100.76477,0.23688],[100.77269,0.25125],[100.80036,0.25791],[100.84132,0.22597],[100.84893,0.17544],[100.84068,0.14559],[100.78784,0.12798],[100.78668,0.10699],[100.77444,0.10207],[100.80106,0.0495],[100.83248,0.0669],[100.85017,0.05326],[100.84767,0.0],[100.81454,-0.04025],[100.7753,-0.01431],[100.7427,-0.06207],[100.76822,-0.16154],[100.76315,-0.21232],[100.80152,-0.24315],[100.80601,-0.2715],[100.83818,-0.29044],[100.83969,-0.34753],[100.77782,-0.34656],[100.77375,-0.36043],[100.75435,-0.36623],[100.67392,-0.32494],[100.66052,-0.34979],[100.60646,-0.35155],[100.60086,-0.31407],[100.58,-0.30888],[100.57952,-0.28837],[100.53805,-0.28301],[100.53549,-0.25321],[100.44755,-0.20333],[100.4398,-0.1723],[100.37849,-0.14569],[100.35539,-0.08589],[100.33209,-0.07668],[100.31677,-0.04608],[100.30178,-0.05562],[100.26436,-0.0348],[100.26171,-0.01949],[100.30832,-0.00243],[100.33765,0.04276],[100.31582,0.08779],[100.32824,0.14967],[100.35149,0.17763],[100.30867,0.30021],[100.33343,0.35154],[100.30051,0.3966],[100.31957,0.40299],[100.34416,0.38451],[100.37577,0.38931],[100.42205,0.42438],[100.46208,0.40035]],[[100.67177,-0.18932],[100.58359,-0.20143],[100.59932,-0.21954],[100.57958,-0.24297],[100.61824,-0.27491],[100.64936,-0.27388],[100.64618,-0.24998],[100.66748,-0.24333],[100.68581,-0.21447],[100.67177,-0.18932]]],"type":"Polygon"},"properties":{"ADM1_EN":"Sumatera Barat","ADM2_EN":"Lima Puluh Kota","latitude":0.0297823,"longitude":100.5659229},"type":"Feature"},{"geometry":{"coordinates":[[[[105.83801,-0.86484],[105.83263,-0.87134],[105.82833,-0.86918],[105.83801,-0.86484]]],[[[105.69594,-0.9353],[105.69056,-0.93638],[105.69379,-0.93097],[105.69594,-0.9353]]],[[[105.31775,-1.17118],[105.31769,-1.17124],[105.31775,-1.17112],[105.31775,-1.17118]]],[[[105.31652,-1.16992],[105.31744,-1.17085],[105.31594,-1.17166],[105.31652,-1.16992]]],[[[105.31468,-1.1705],[105.31382,-1.17085],[105.31342,-1.16981],[105.31468,-1.1705]]],[[[105.27538,-1.14625],[105.30671,-1.16121],[105.3117,-1.16981],[105.27538,-1.14625]]],[[[105.31102,-1.17717],[105.3109,-1.17729],[105.31096,-1.1771],[105.31102,-1.17717]]],[[[105.31004,-1.17639],[105.31004,-1.17685],[105.30975,-1.17662],[105.31004,-1.17639]]],[[[105.309,-1.17431],[105.30849,-1.17483],[105.30889,-1.17431],[105.309,-1.17431]]],[[[105.28904,-1.16028],[105.28783,-1.16063],[105.28938,-1.15982],[105.28904,-1.16028]]],[[[105.26283,-1.20007],[105.27321,-1.21254],[105.27097,-1.21624],[105.26334,-1.21456],[105.26283,-1.20007]]],[[[105.2514,-1.29295],[105.25032,-1.29836],[105.24602,-1.2962],[105.2514,-1.29295]]],[[[105.245,-1.27472],[105.24494,-1.28103],[105.24171,-1.27886],[105.245,-1.27472]]],[[[105.00328,-0.29216],[104.99912,-0.29164],[105.00029,-0.28902],[105.00328,-0.29216]]],[[[104.54887,0.03076],[104.63972,-0.03533],[104.66713,-0.07255],[104.65271,-0.08774],[104.62811,-0.07641],[104.6343,-0.09997],[104.66829,-0.11709],[104.66147,-0.09263],[104.68414,-0.08439],[104.73411,-0.14085],[104.75734,-0.19562],[104.79047,-0.20694],[104.82113,-0.20115],[104.8137,-0.15468],[104.82819,-0.13412],[104.89665,-0.22964],[104.95375,-0.27497],[104.99809,-0.27893],[104.99364,-0.29061],[105.00126,-0.30441],[104.98534,-0.30906],[104.91633,-0.27795],[104.89993,-0.29735],[104.90945,-0.31754],[104.92918,-0.32453],[104.9169,-0.33691],[104.86537,-0.31348],[104.84941,-0.3228],[104.82463,-0.29164],[104.81932,-0.29987],[104.78938,-0.27925],[104.78985,-0.26248],[104.7572,-0.25724],[104.74689,-0.24906],[104.75289,-0.23368],[104.69952,-0.20469],[104.64798,-0.21726],[104.59907,-0.25129],[104.59307,-0.24612],[104.56911,-0.23935],[104.52198,-0.27583],[104.50428,-0.26741],[104.49808,-0.24141],[104.46924,-0.24149],[104.46136,-0.24717],[104.42949,-0.23692],[104.42722,-0.18339],[104.44972,-0.18227],[104.45183,-0.16054],[104.47572,-0.15728],[104.47039,-0.13607],[104.50592,-0.12864],[104.51075,-0.06799],[104.49939,-0.0517],[104.49658,-0.01306],[104.50676,-0.01621],[104.49848,-0.0027],[104.53639,-0.01475],[104.52599,-0.02319],[104.53192,-0.02432],[104.53282,-0.02972],[104.53539,-0.03107],[104.53326,-0.02195],[104.54825,-0.02758],[104.53606,-0.01115],[104.55484,0.00376],[104.54887,0.03076]]],[[[104.98521,-0.31711],[104.99943,-0.31889],[104.98436,-0.32137],[104.98521,-0.31711]]],[[[104.99079,-0.33304],[104.98857,-0.3337],[104.98987,-0.33121],[104.99079,-0.33304]]],[[[104.97048,-0.30684],[104.97087,-0.30933],[104.9684,-0.30854],[104.97048,-0.30684]]],[[[104.9426,-0.76322],[104.94138,-0.76607],[104.93985,-0.76271],[104.9426,-0.76322]]],[[[104.93507,-0.77574],[104.92539,-0.78032],[104.93456,-0.77228],[104.93507,-0.77574]]],[[[104.92977,-0.34241],[104.92611,-0.34086],[104.92786,-0.33594],[104.92977,-0.34241]]],[[[104.92765,-0.13549],[104.92662,-0.13651],[104.92646,-0.13521],[104.92765,-0.13549]]],[[[104.91722,-0.12579],[104.92532,-0.13315],[104.92112,-0.13996],[104.91043,-0.13655],[104.91722,-0.12579]]],[[[104.91616,-0.16797],[104.91188,-0.16909],[104.91296,-0.16499],[104.91616,-0.16797]]],[[[104.9083,-0.11535],[104.90507,-0.11705],[104.90553,-0.11535],[104.9083,-0.11535]]],[[[104.9023,-0.17801],[104.90081,-0.1811],[104.90027,-0.17831],[104.9023,-0.17801]]],[[[104.885,-0.08833],[104.88358,-0.08957],[104.88339,-0.0888],[104.885,-0.08833]]],[[[104.83332,-0.03909],[104.87102,-0.06525],[104.87724,-0.08009],[104.83767,-0.0531],[104.83332,-0.03909]]],[[[104.86459,-0.3165],[104.86416,-0.31714],[104.86387,-0.31699],[104.86459,-0.3165]]],[[[104.85135,-0.07675],[104.85285,-0.08038],[104.84834,-0.07827],[104.85135,-0.07675]]],[[[104.84523,-0.05988],[104.83651,-0.06731],[104.8318,-0.05255],[104.84523,-0.05988]]],[[[104.8343,-0.03058],[104.83951,-0.03538],[104.83634,-0.03798],[104.8343,-0.03058]]],[[[104.83836,-0.08428],[104.83569,-0.0831],[104.83839,-0.08247],[104.83836,-0.08428]]],[[[104.83122,-0.01348],[104.83223,-0.01251],[104.83255,-0.013],[104.83122,-0.01348]]],[[[104.82536,-0.01619],[104.83028,-0.02094],[104.82648,-0.02083],[104.82536,-0.01619]]],[[[104.82826,-0.0438],[104.82666,-0.04446],[104.82732,-0.04341],[104.82826,-0.0438]]],[[[104.82745,-0.30806],[104.82789,-0.30879],[104.82725,-0.30815],[104.82745,-0.30806]]],[[[104.82405,-0.12781],[104.8211,-0.12771],[104.82344,-0.1269],[104.82405,-0.12781]]],[[[104.81841,-0.02428],[104.81713,-0.02428],[104.81769,-0.0234],[104.81841,-0.02428]]],[[[104.8148,-0.01976],[104.81432,-0.02065],[104.81432,-0.01952],[104.8148,-0.01976]]],[[[104.80061,-0.09241],[104.8008,-0.09691],[104.79788,-0.09076],[104.80061,-0.09241]]],[[[104.79492,-0.17873],[104.79336,-0.18023],[104.79371,-0.17909],[104.79492,-0.17873]]],[[[104.79385,-0.19146],[104.79144,-0.19359],[104.79324,-0.19116],[104.79385,-0.19146]]],[[[104.76725,0.06366],[104.78366,0.03118],[104.73969,0.03237],[104.73471,0.04253],[104.76568,0.0457],[104.76725,0.06366]]],[[[104.78072,-0.18584],[104.77725,-0.18782],[104.77846,-0.18584],[104.78072,-0.18584]]],[[[104.7627,-0.14905],[104.7439,-0.13881],[104.72988,-0.09572],[104.75131,-0.12502],[104.7627,-0.14905]]],[[[104.73981,0.08658],[104.75424,0.07879],[104.74046,0.07588],[104.73981,0.08658]]],[[[104.75037,-0.15267],[104.74744,-0.15546],[104.74112,-0.14531],[104.75037,-0.15267]]],[[[104.74165,0.08974],[104.73968,0.09067],[104.74138,0.09225],[104.74165,0.08974]]],[[[104.73125,0.10231],[104.73803,0.09637],[104.73351,0.09297],[104.73125,0.10231]]],[[[104.68585,-0.04073],[104.70905,-0.05892],[104.7281,-0.08616],[104.70117,-0.06844],[104.68585,-0.04073]]],[[[104.70927,0.13249],[104.70639,0.12653],[104.70705,0.13415],[104.70927,0.13249]]],[[[104.51281,0.24701],[104.66365,0.07378],[104.70351,0.0479],[104.70149,0.01821],[104.67158,0.02864],[104.62143,0.07522],[104.63458,0.07827],[104.62615,0.0983],[104.6211,0.08761],[104.60306,0.10135],[104.6184,0.08099],[104.6034,0.08201],[104.56219,0.11823],[104.54626,0.14648],[104.56918,0.13562],[104.57003,0.14241],[104.54525,0.1682],[104.54946,0.15429],[104.53632,0.15157],[104.50615,0.19077],[104.52924,0.18856],[104.47589,0.23819],[104.49039,0.24515],[104.53002,0.21354],[104.51281,0.24701]]],[[[104.68203,-0.03673],[104.6835,-0.04055],[104.68034,-0.03715],[104.68203,-0.03673]]],[[[104.6618,-0.01297],[104.66686,-0.0257],[104.65927,-0.0134],[104.6618,-0.01297]]],[[[104.65916,0.03235],[104.6518,0.0375],[104.64472,0.04793],[104.64774,0.04648],[104.65916,0.03235]]],[[[104.65598,-0.27227],[104.65458,-0.27354],[104.65527,-0.27199],[104.65598,-0.27227]]],[[[104.6559,-0.00682],[104.65379,-0.01043],[104.6519,-0.00746],[104.6559,-0.00682]]],[[[104.65187,-0.02067],[104.65004,-0.02324],[104.65077,-0.02103],[104.65187,-0.02067]]],[[[104.65036,-0.28282],[104.64809,-0.28282],[104.65044,-0.2816],[104.65036,-0.28282]]],[[[104.63772,-0.26974],[104.63358,-0.27274],[104.63206,-0.26721],[104.63772,-0.26974]]],[[[104.62472,0.0829],[104.62514,0.0812],[104.62388,0.08247],[104.62472,0.0829]]],[[[104.62346,0.08035],[104.62324,0.07802],[104.62093,0.07972],[104.62346,0.08035]]],[[[104.61798,0.07802],[104.61819,0.07547],[104.61608,0.07717],[104.61798,0.07802]]],[[[104.61789,0.02993],[104.61421,0.02822],[104.61356,0.03046],[104.61789,0.02993]]],[[[104.48531,-0.33986],[104.5024,-0.3611],[104.53915,-0.37097],[104.57307,-0.44394],[104.60204,-0.46884],[104.59099,-0.49571],[104.56516,-0.50183],[104.53512,-0.53921],[104.50875,-0.59582],[104.50464,-0.64331],[104.4744,-0.6371],[104.43107,-0.58329],[104.39731,-0.60164],[104.38912,-0.66698],[104.35928,-0.68257],[104.34173,-0.65549],[104.31982,-0.53763],[104.30352,-0.53768],[104.24451,-0.48505],[104.25979,-0.47544],[104.27727,-0.3962],[104.3115,-0.3887],[104.32429,-0.33958],[104.33757,-0.38814],[104.31037,-0.41739],[104.3461,-0.44629],[104.35128,-0.43026],[104.33777,-0.41555],[104.34716,-0.38738],[104.35826,-0.40552],[104.38739,-0.41241],[104.43016,-0.3835],[104.42512,-0.36373],[104.43467,-0.35617],[104.44086,-0.33952],[104.48531,-0.33986]]],[[[104.59142,-0.26042],[104.58838,-0.25792],[104.59232,-0.25977],[104.59142,-0.26042]]],[[[104.58654,-0.25278],[104.58511,-0.25409],[104.58453,-0.25337],[104.58654,-0.25278]]],[[[104.5818,-0.24318],[104.58303,-0.24481],[104.58063,-0.24292],[104.5818,-0.24318]]],[[[104.57131,-0.24851],[104.57107,-0.25023],[104.56977,-0.24949],[104.57131,-0.24851]]],[[[104.55089,0.34618],[104.5667,0.34319],[104.55626,0.33419],[104.55089,0.34618]]],[[[104.5615,0.40742],[104.56475,0.40686],[104.56548,0.40478],[104.5615,0.40742]]],[[[104.51675,0.43044],[104.56237,0.41204],[104.52927,0.40524],[104.53328,0.36078],[104.51675,0.43044]]],[[[104.56161,0.07245],[104.53432,0.09595],[104.53563,0.10189],[104.54205,0.10202],[104.56161,0.07245]]],[[[104.55801,-0.25513],[104.55704,-0.25472],[104.5581,-0.25472],[104.55801,-0.25513]]],[[[104.55696,-0.25333],[104.55615,-0.25382],[104.55647,-0.25284],[104.55696,-0.25333]]],[[[104.54448,0.13589],[104.55128,0.1338],[104.55279,0.12967],[104.54448,0.13589]]],[[[104.5468,0.34521],[104.54652,0.3451],[104.54658,0.34534],[104.5468,0.34521]]],[[[104.54611,0.00513],[104.54594,0.00322],[104.54214,0.00435],[104.54611,0.00513]]],[[[104.54588,0.35242],[104.54503,0.35209],[104.54573,0.35312],[104.54588,0.35242]]],[[[104.53412,0.02433],[104.54542,0.00669],[104.52169,-0.0006],[104.51358,0.01338],[104.53412,0.02433]]],[[[104.54275,0.02641],[104.5443,0.02303],[104.54223,0.02459],[104.54275,0.02641]]],[[[104.52842,0.05282],[104.53964,0.04344],[104.54421,0.03258],[104.52963,0.03797],[104.52842,0.05282]]],[[[104.54163,0.02094],[104.53955,0.0199],[104.538,0.02216],[104.54163,0.02094]]],[[[104.54158,-0.2673],[104.54106,-0.26828],[104.54074,-0.26795],[104.54158,-0.2673]]],[[[104.53714,0.10986],[104.53583,0.10566],[104.53433,0.10671],[104.53714,0.10986]]],[[[104.53669,-0.00448],[104.53478,-0.00595],[104.53507,-0.00407],[104.53669,-0.00448]]],[[[104.53607,0.07853],[104.53438,0.077],[104.53489,0.07887],[104.53607,0.07853]]],[[[104.53309,-0.00333],[104.52877,-0.00636],[104.52921,-0.00226],[104.53309,-0.00333]]],[[[104.52841,0.13813],[104.52644,0.13681],[104.52657,0.13813],[104.52841,0.13813]]],[[[104.51781,0.02911],[104.52566,0.03241],[104.52773,0.02963],[104.51781,0.02911]]],[[[104.52686,-0.00809],[104.52613,-0.00935],[104.52584,-0.00813],[104.52686,-0.00809]]],[[[104.5232,0.11065],[104.52535,0.1017],[104.52113,0.10309],[104.5232,0.11065]]],[[[104.52492,0.05818],[104.51057,0.06024],[104.5086,0.06935],[104.52492,0.05818]]],[[[104.52376,0.0265],[104.52385,0.0252],[104.52169,0.02589],[104.52376,0.0265]]],[[[104.51272,0.03936],[104.52299,0.03519],[104.51289,0.03111],[104.51272,0.03936]]],[[[104.52052,-0.35152],[104.51909,-0.35352],[104.51824,-0.35052],[104.52052,-0.35152]]],[[[104.51095,0.09715],[104.51833,0.09361],[104.51808,0.09153],[104.51095,0.09715]]],[[[104.4891,0.14236],[104.50977,0.12875],[104.51769,0.124],[104.51651,0.10941],[104.4891,0.14236]]],[[[104.51748,0.23268],[104.51257,0.23093],[104.513,0.23777],[104.51748,0.23268]]],[[[104.51686,0.04657],[104.49822,0.02598],[104.49175,0.0318],[104.49727,0.04396],[104.51686,0.04657]]],[[[104.51677,0.02485],[104.51522,0.02424],[104.51522,0.02511],[104.51677,0.02485]]],[[[104.51634,0.13166],[104.51043,0.13074],[104.51056,0.1347],[104.51634,0.13166]]],[[[104.51556,0.0437],[104.51453,0.04309],[104.51436,0.0437],[104.51556,0.0437]]],[[[104.50259,0.00033],[104.51222,9e-05],[104.50791,-0.00433],[104.50259,0.00033]]],[[[104.51048,0.25521],[104.51169,0.25516],[104.51117,0.25451],[104.51048,0.25521]]],[[[104.51056,-0.33584],[104.50971,-0.33663],[104.51028,-0.33513],[104.51056,-0.33584]]],[[[104.50101,0.2554],[104.50924,0.25399],[104.5097,0.24774],[104.50101,0.2554]]],[[[104.4941,0.05358],[104.5064,0.0563],[104.50792,0.05036],[104.4941,0.05358]]],[[[104.50233,-0.7066],[104.50389,-0.70331],[104.50539,-0.704],[104.50233,-0.7066]]],[[[104.50513,0.10548],[104.50334,0.10478],[104.50412,0.10634],[104.50513,0.10548]]],[[[104.4809,0.22382],[104.49674,0.21171],[104.50466,0.19693],[104.48602,0.21343],[104.4823,0.21163],[104.4809,0.22382]]],[[[104.4941,0.25978],[104.49394,0.2658],[104.50287,0.25954],[104.4941,0.25978]]],[[[104.49769,0.12503],[104.50264,0.11603],[104.49455,0.126],[104.49769,0.12503]]],[[[104.50117,0.11002],[104.4993,0.10744],[104.49729,0.11111],[104.50117,0.11002]]],[[[104.50085,0.16402],[104.49388,0.15971],[104.494,0.16585],[104.50085,0.16402]]],[[[104.50071,0.2542],[104.49964,0.25371],[104.4995,0.25414],[104.50071,0.2542]]],[[[104.5007,-0.26734],[104.50018,-0.2684],[104.49957,-0.2671],[104.5007,-0.26734]]],[[[104.50046,0.07271],[104.48261,0.0838],[104.48143,0.08974],[104.49271,0.08763],[104.50046,0.07271]]],[[[104.49841,-0.26702],[104.4972,-0.26678],[104.49804,-0.26605],[104.49841,-0.26702]]],[[[104.48984,0.11761],[104.4954,0.11992],[104.49576,0.11445],[104.48984,0.11761]]],[[[104.40646,0.15573],[104.47396,0.09626],[104.47581,0.07624],[104.49275,0.0714],[104.48651,0.04476],[104.46123,0.0619],[104.49494,0.01439],[104.46679,0.0261],[104.37797,0.12383],[104.43199,0.08913],[104.41261,0.11611],[104.42441,0.11662],[104.39752,0.14249],[104.40646,0.15573]]],[[[104.49418,-0.26759],[104.49297,-0.26807],[104.49322,-0.26706],[104.49418,-0.26759]]],[[[104.49276,0.14809],[104.48387,0.14358],[104.48823,0.15093],[104.49276,0.14809]]],[[[104.48948,0.16636],[104.49234,0.16477],[104.48898,0.16493],[104.48948,0.16636]]],[[[104.49208,0.05019],[104.49106,0.04714],[104.49056,0.04934],[104.49208,0.05019]]],[[[104.47155,-0.27736],[104.49195,-0.30599],[104.47774,-0.31968],[104.46278,-0.31151],[104.46018,-0.32889],[104.41999,-0.3241],[104.386,-0.29809],[104.40456,-0.28039],[104.42779,-0.28955],[104.47155,-0.27736]]],[[[104.49188,0.16753],[104.49155,0.16682],[104.49147,0.16736],[104.49188,0.16753]]],[[[104.49181,-0.32905],[104.4908,-0.32981],[104.49168,-0.32848],[104.49181,-0.32905]]],[[[104.49173,-0.32422],[104.49019,-0.32471],[104.49076,-0.32298],[104.49173,-0.32422]]],[[[104.49107,0.20702],[104.48859,0.20584],[104.48509,0.2103],[104.49107,0.20702]]],[[[104.464,0.36432],[104.48193,0.35723],[104.49081,0.34646],[104.45995,0.34863],[104.464,0.36432]]],[[[104.4908,0.16765],[104.48931,0.16669],[104.48898,0.16786],[104.4908,0.16765]]],[[[104.49047,-0.31825],[104.48707,-0.32],[104.48737,-0.31766],[104.49047,-0.31825]]],[[[104.48994,-0.00477],[104.48735,-0.00382],[104.48743,-0.00304],[104.48994,-0.00477]]],[[[104.48887,0.1766],[104.4887,0.16981],[104.48499,0.17796],[104.48887,0.1766]]],[[[104.48879,0.26359],[104.48809,0.26312],[104.48823,0.26379],[104.48879,0.26359]]],[[[104.48785,0.26759],[104.48712,0.26898],[104.48816,0.26951],[104.48785,0.26759]]],[[[104.48786,0.1671],[104.48685,0.1654],[104.48601,0.16778],[104.48786,0.1671]]],[[[104.46876,0.3831],[104.48084,0.37004],[104.48758,0.3664],[104.47677,0.36656],[104.46876,0.3831]]],[[[104.48754,-0.32396],[104.4871,-0.32493],[104.48724,-0.32409],[104.48754,-0.32396]]],[[[104.4874,0.14216],[104.48541,0.14107],[104.48599,0.14262],[104.4874,0.14216]]],[[[104.48709,-0.68185],[104.48616,-0.68213],[104.48614,-0.68169],[104.48709,-0.68185]]],[[[104.48658,0.13378],[104.48199,0.12637],[104.47897,0.12746],[104.48658,0.13378]]],[[[104.48588,-0.6818],[104.48516,-0.68241],[104.48506,-0.68178],[104.48588,-0.6818]]],[[[104.48585,0.1232],[104.48344,0.12187],[104.48308,0.1243],[104.48585,0.1232]]],[[[104.48441,0.26984],[104.48333,0.27004],[104.48442,0.27019],[104.48441,0.26984]]],[[[104.47727,0.17279],[104.48321,0.16101],[104.47374,0.16736],[104.47727,0.17279]]],[[[104.47767,-0.69656],[104.48313,-0.70862],[104.47706,-0.70968],[104.47767,-0.69656]]],[[[104.48307,0.27256],[104.48278,0.27211],[104.48261,0.27236],[104.48307,0.27256]]],[[[104.48277,0.27091],[104.48207,0.2707],[104.48246,0.27134],[104.48277,0.27091]]],[[[104.47532,0.25018],[104.48237,0.24783],[104.47999,0.24509],[104.47532,0.25018]]],[[[104.47342,0.14144],[104.48223,0.13451],[104.47728,0.13013],[104.47342,0.14144]]],[[[104.48028,0.18424],[104.47657,0.17999],[104.47589,0.18457],[104.48028,0.18424]]],[[[104.47888,0.16195],[104.47596,0.15845],[104.47178,0.16111],[104.46523,0.16027],[104.463,0.16293],[104.47888,0.16195]]],[[[104.47846,0.09603],[104.44605,0.12665],[104.44786,0.13831],[104.47807,0.10778],[104.47846,0.09603]]],[[[104.47718,0.22642],[104.47674,0.22513],[104.47635,0.22521],[104.47718,0.22642]]],[[[104.47264,-0.69169],[104.4771,-0.69471],[104.47121,-0.69747],[104.47264,-0.69169]]],[[[104.44486,0.24791],[104.45302,0.24519],[104.45473,0.24637],[104.47422,0.22776],[104.44765,0.23458],[104.44486,0.24791]]],[[[104.47359,0.15873],[104.46857,0.15578],[104.47011,0.16083],[104.47359,0.15873]]],[[[104.4732,0.17796],[104.47185,0.17219],[104.4705,0.17796],[104.4732,0.17796]]],[[[104.47228,0.37197],[104.47175,0.36498],[104.46839,0.37201],[104.47228,0.37197]]],[[[104.46081,-0.68685],[104.47154,-0.68979],[104.46557,-0.69689],[104.46081,-0.68685]]],[[[104.47076,0.14776],[104.46605,0.14655],[104.46496,0.15372],[104.47076,0.14776]]],[[[104.47023,0.22649],[104.46555,0.22625],[104.4595,0.23122],[104.47023,0.22649]]],[[[104.46999,-0.32497],[104.46393,-0.3268],[104.46416,-0.32046],[104.46999,-0.32497]]],[[[104.46892,-0.26645],[104.46825,-0.2678],[104.46777,-0.26736],[104.46892,-0.26645]]],[[[104.46848,0.17609],[104.46747,0.17253],[104.46477,0.17456],[104.46848,0.17609]]],[[[104.46813,0.19299],[104.46262,0.19074],[104.46157,0.19233],[104.46813,0.19299]]],[[[104.46362,0.37355],[104.46742,0.36971],[104.46246,0.37202],[104.46362,0.37355]]],[[[104.46604,-0.26862],[104.46638,-0.26929],[104.46552,-0.2692],[104.46604,-0.26862]]],[[[104.4647,-0.2464],[104.46438,-0.24705],[104.46431,-0.24666],[104.4647,-0.2464]]],[[[104.46308,0.17287],[104.46241,0.17049],[104.46224,0.1727],[104.46308,0.17287]]],[[[104.45708,-0.26495],[104.46302,-0.26514],[104.46235,-0.26939],[104.45741,-0.26688],[104.45708,-0.26495]]],[[[104.43745,0.48465],[104.45661,0.47839],[104.46209,0.45424],[104.43745,0.48465]]],[[[104.46089,0.16879],[104.4614,0.16778],[104.46072,0.16812],[104.46089,0.16879]]],[[[104.45032,0.1583],[104.46008,0.1548],[104.46049,0.15129],[104.45032,0.1583]]],[[[104.46021,0.28356],[104.45963,0.28337],[104.46009,0.28376],[104.46021,0.28356]]],[[[104.45213,0.18186],[104.4587,0.18254],[104.45668,0.17948],[104.45213,0.18186]]],[[[104.45829,0.25729],[104.4565,0.25605],[104.45782,0.25811],[104.45829,0.25729]]],[[[104.45803,0.17134],[104.45702,0.16998],[104.45719,0.17151],[104.45803,0.17134]]],[[[104.43817,0.4024],[104.45173,0.40089],[104.4568,0.38974],[104.44228,0.39035],[104.43817,0.4024]]],[[[104.45033,0.25765],[104.45623,0.25976],[104.45506,0.25499],[104.45033,0.25765]]],[[[104.45554,-0.15674],[104.44932,-0.15277],[104.45562,-0.15048],[104.45554,-0.15674]]],[[[104.45406,-0.26606],[104.45295,-0.26707],[104.45242,-0.26645],[104.45406,-0.26606]]],[[[104.45258,0.38299],[104.45312,0.38216],[104.45127,0.38315],[104.45258,0.38299]]],[[[104.44729,0.24717],[104.44969,0.24947],[104.45288,0.2466],[104.44729,0.24717]]],[[[104.45226,0.17253],[104.44766,0.16566],[104.44872,0.17411],[104.45226,0.17253]]],[[[104.44964,0.26453],[104.45133,0.26304],[104.44929,0.26323],[104.44964,0.26453]]],[[[104.45068,0.18414],[104.44701,0.18018],[104.44307,0.18824],[104.45068,0.18414]]],[[[104.44509,0.26212],[104.45009,0.26187],[104.44952,0.25984],[104.44509,0.26212]]],[[[104.44913,0.27049],[104.44971,0.2709],[104.44975,0.27045],[104.44913,0.27049]]],[[[104.4472,0.26511],[104.44958,0.26508],[104.44875,0.26391],[104.4472,0.26511]]],[[[104.44932,-0.2462],[104.44874,-0.24731],[104.44829,-0.24633],[104.44932,-0.2462]]],[[[104.43593,0.30582],[104.44376,0.30614],[104.44885,0.29775],[104.43593,0.30582]]],[[[104.4479,0.27616],[104.44869,0.2759],[104.44782,0.27589],[104.4479,0.27616]]],[[[104.44811,0.27546],[104.4475,0.27461],[104.44764,0.27544],[104.44811,0.27546]]],[[[104.44681,0.13767],[104.44554,0.13293],[104.44266,0.13838],[104.44681,0.13767]]],[[[104.44672,0.31132],[104.44575,0.31008],[104.44605,0.31119],[104.44672,0.31132]]],[[[104.44582,0.14397],[104.44421,0.13987],[104.44351,0.14475],[104.44582,0.14397]]],[[[104.44044,0.4615],[104.445,0.46307],[104.44414,0.4596],[104.44044,0.4615]]],[[[104.44422,0.25017],[104.44306,0.25031],[104.44408,0.2505],[104.44422,0.25017]]],[[[104.4426,0.3144],[104.44365,0.31091],[104.4408,0.31427],[104.4426,0.3144]]],[[[104.44294,0.14312],[104.43809,0.1427],[104.44161,0.14553],[104.44294,0.14312]]],[[[104.44239,0.25064],[104.44089,0.24854],[104.44063,0.25024],[104.44239,0.25064]]],[[[104.44211,0.14975],[104.42452,0.15609],[104.42584,0.15952],[104.44211,0.14975]]],[[[104.43463,0.25055],[104.44008,0.2494],[104.43971,0.24629],[104.43463,0.25055]]],[[[104.43997,0.30146],[104.43754,0.29943],[104.43828,0.30153],[104.43997,0.30146]]],[[[104.43952,0.39234],[104.43797,0.39284],[104.43941,0.39334],[104.43952,0.39234]]],[[[104.43887,0.25195],[104.43768,0.25163],[104.43766,0.25195],[104.43887,0.25195]]],[[[104.43722,-0.23949],[104.43786,-0.24094],[104.43571,-0.24014],[104.43722,-0.23949]]],[[[104.42744,0.35951],[104.42951,0.36959],[104.43628,0.36665],[104.42744,0.35951]]],[[[104.43571,0.30301],[104.43391,0.30369],[104.43577,0.30462],[104.43571,0.30301]]],[[[104.43505,-0.17558],[104.43345,-0.17535],[104.43503,-0.17487],[104.43505,-0.17558]]],[[[104.43129,0.38443],[104.43464,0.37269],[104.42641,0.37756],[104.41033,0.37447],[104.43129,0.38443]]],[[[104.33196,0.37611],[104.4245,0.32709],[104.43424,0.30735],[104.39745,0.31544],[104.42075,0.29875],[104.39863,0.29774],[104.39316,0.28785],[104.38992,0.30947],[104.38273,0.29667],[104.37571,0.31815],[104.35425,0.31372],[104.33795,0.33903],[104.35449,0.34511],[104.33196,0.37611]]],[[[104.43396,0.26622],[104.43363,0.26589],[104.43368,0.26633],[104.43396,0.26622]]],[[[104.43375,0.2678],[104.43308,0.26832],[104.4336,0.26856],[104.43375,0.2678]]],[[[104.43367,0.25237],[104.432,0.25204],[104.4331,0.25282],[104.43367,0.25237]]],[[[104.43316,-0.35235],[104.42565,-0.35837],[104.42762,-0.34969],[104.43316,-0.35235]]],[[[104.43223,0.44877],[104.43196,0.44496],[104.42821,0.44644],[104.43223,0.44877]]],[[[104.4303,0.27089],[104.43105,0.26835],[104.4294,0.27006],[104.4303,0.27089]]],[[[104.43091,0.26816],[104.43056,0.26791],[104.43038,0.26805],[104.43091,0.26816]]],[[[104.4295,0.27757],[104.4307,0.27484],[104.42894,0.27626],[104.4295,0.27757]]],[[[104.42314,0.28903],[104.43041,0.28159],[104.41806,0.2817],[104.42314,0.28903]]],[[[104.42781,0.3078],[104.42966,0.30378],[104.4265,0.30704],[104.42781,0.3078]]],[[[104.42943,0.32505],[104.42851,0.32422],[104.42894,0.32536],[104.42943,0.32505]]],[[[104.42813,0.29324],[104.42926,0.29109],[104.42651,0.29177],[104.42813,0.29324]]],[[[104.39731,0.47337],[104.42042,0.46918],[104.42657,0.4592],[104.40845,0.4669],[104.40153,0.46265],[104.39731,0.47337]]],[[[104.42574,0.2756],[104.42342,0.27645],[104.42626,0.27803],[104.42574,0.2756]]],[[[104.42611,0.37527],[104.42518,0.37534],[104.42613,0.37586],[104.42611,0.37527]]],[[[104.41468,0.29532],[104.42531,0.29549],[104.41267,0.28776],[104.41468,0.29532]]],[[[104.41918,0.27356],[104.42326,0.2756],[104.4245,0.2733],[104.41918,0.27356]]],[[[104.42257,-0.35713],[104.42423,-0.35831],[104.42207,-0.35744],[104.42257,-0.35713]]],[[[104.42114,0.44243],[104.42209,0.43942],[104.42064,0.43982],[104.42114,0.44243]]],[[[104.42164,0.44904],[104.42026,0.44855],[104.4202,0.44934],[104.42164,0.44904]]],[[[104.42046,-0.84996],[104.41678,-0.85081],[104.42074,-0.84929],[104.42046,-0.84996]]],[[[104.41943,-0.35731],[104.41887,-0.35731],[104.41893,-0.35688],[104.41943,-0.35731]]],[[[104.41788,0.45201],[104.39609,0.4359],[104.39031,0.44382],[104.41788,0.45201]]],[[[104.40901,0.50535],[104.41706,0.50523],[104.41382,0.4941],[104.40901,0.50535]]],[[[104.41316,0.27968],[104.41678,0.27761],[104.41385,0.27666],[104.41316,0.27968]]],[[[104.41586,0.17199],[104.41651,0.16526],[104.40523,0.18361],[104.41586,0.17199]]],[[[104.41471,0.30536],[104.41339,0.30501],[104.4141,0.30602],[104.41471,0.30536]]],[[[104.41281,0.12099],[104.41229,0.11854],[104.41159,0.12012],[104.41281,0.12099]]],[[[104.41186,0.21816],[104.41042,0.21103],[104.40687,0.21394],[104.41186,0.21816]]],[[[104.40285,0.26852],[104.41117,0.26742],[104.41098,0.26453],[104.40285,0.26852]]],[[[104.41076,0.29252],[104.40964,0.2925],[104.40973,0.29289],[104.41076,0.29252]]],[[[104.40927,0.42683],[104.40902,0.4241],[104.40868,0.4268],[104.40927,0.42683]]],[[[104.39939,0.45623],[104.40918,0.45173],[104.39667,0.45127],[104.39939,0.45623]]],[[[104.40339,0.28307],[104.40872,0.2838],[104.40906,0.28177],[104.40339,0.28307]]],[[[104.40757,0.29072],[104.40308,0.28582],[104.40342,0.292],[104.40757,0.29072]]],[[[104.40714,0.46547],[104.40655,0.46521],[104.40689,0.46564],[104.40714,0.46547]]],[[[104.40496,0.18004],[104.4026,0.17872],[104.40339,0.18282],[104.40496,0.18004]]],[[[104.40492,-0.27733],[104.40363,-0.27717],[104.40471,-0.27653],[104.40492,-0.27733]]],[[[104.40186,-0.85693],[104.40394,-0.86134],[104.40124,-0.85901],[104.40186,-0.85693]]],[[[104.403,0.28269],[104.4024,0.28234],[104.40253,0.28298],[104.403,0.28269]]],[[[104.40213,0.43277],[104.40239,0.43098],[104.40014,0.43194],[104.40213,0.43277]]],[[[104.39117,0.27792],[104.39875,0.27645],[104.40172,0.2683],[104.39173,0.27397],[104.39117,0.27792]]],[[[104.40142,0.28766],[104.40138,0.28433],[104.39741,0.28588],[104.40142,0.28766]]],[[[104.39513,0.46298],[104.39577,0.46243],[104.39507,0.46253],[104.39513,0.46298]]],[[[104.3957,0.28897],[104.39511,0.28807],[104.39501,0.28954],[104.3957,0.28897]]],[[[104.39185,0.46187],[104.39502,0.45748],[104.38984,0.45833],[104.39185,0.46187]]],[[[104.3948,0.1931],[104.39349,0.19262],[104.39411,0.194],[104.3948,0.1931]]],[[[104.36417,0.16189],[104.38073,0.1568],[104.39468,0.11397],[104.34586,0.18031],[104.34918,0.18909],[104.36417,0.16189]]],[[[104.39349,0.28056],[104.39329,0.27808],[104.39196,0.27962],[104.39349,0.28056]]],[[[104.39283,0.21447],[104.39309,0.21024],[104.39192,0.2146],[104.39283,0.21447]]],[[[104.39268,0.46341],[104.39207,0.46353],[104.39236,0.46415],[104.39268,0.46341]]],[[[104.39184,0.46377],[104.39144,0.46335],[104.39124,0.46405],[104.39184,0.46377]]],[[[104.37756,0.44606],[104.39165,0.44971],[104.38049,0.43524],[104.37756,0.44606]]],[[[104.39112,0.46346],[104.38843,0.46137],[104.38991,0.46466],[104.39112,0.46346]]],[[[104.39077,0.27616],[104.38877,0.2764],[104.38976,0.27782],[104.39077,0.27616]]],[[[104.38474,0.49694],[104.39048,0.48705],[104.37162,0.48027],[104.38417,0.48713],[104.38474,0.49694]]],[[[104.39044,0.19845],[104.38915,0.19851],[104.3892,0.19914],[104.39044,0.19845]]],[[[104.38799,-0.2954],[104.38731,-0.29585],[104.38727,-0.29518],[104.38799,-0.2954]]],[[[104.37444,0.21059],[104.38213,0.2082],[104.38736,0.2008],[104.37444,0.21059]]],[[[104.38693,0.22173],[104.38627,0.21829],[104.38469,0.22318],[104.38693,0.22173]]],[[[104.38672,-0.2962],[104.38547,-0.29607],[104.38652,-0.29558],[104.38672,-0.2962]]],[[[104.32536,0.32726],[104.36875,0.30592],[104.38664,0.27397],[104.35483,0.27876],[104.32848,0.30587],[104.32536,0.32726]]],[[[104.38637,0.28516],[104.38368,0.28429],[104.38448,0.28676],[104.38637,0.28516]]],[[[104.38072,0.16926],[104.38568,0.16611],[104.38234,0.16405],[104.38072,0.16926]]],[[[104.38381,0.1776],[104.38516,0.17779],[104.38461,0.17544],[104.38381,0.1776]]],[[[104.38505,-0.29595],[104.38352,-0.29618],[104.38425,-0.29529],[104.38505,-0.29595]]],[[[104.38453,0.16345],[104.38391,0.16409],[104.38474,0.16438],[104.38453,0.16345]]],[[[104.38363,0.46206],[104.38273,0.4617],[104.38345,0.46239],[104.38363,0.46206]]],[[[104.38324,-0.28258],[104.38067,-0.28574],[104.38189,-0.27669],[104.38324,-0.28258]]],[[[104.38144,0.46141],[104.38296,0.46049],[104.38148,0.45934],[104.38144,0.46141]]],[[[104.38252,0.47728],[104.37985,0.47709],[104.38086,0.47845],[104.38252,0.47728]]],[[[104.3825,0.17214],[104.38054,0.17238],[104.38238,0.17318],[104.3825,0.17214]]],[[[104.38117,0.46417],[104.38079,0.46354],[104.38057,0.46428],[104.38117,0.46417]]],[[[104.38033,-0.27674],[104.37712,-0.27679],[104.38058,-0.27522],[104.38033,-0.27674]]],[[[104.37984,0.20299],[104.37929,0.2028],[104.37947,0.20317],[104.37984,0.20299]]],[[[104.37316,0.26779],[104.37845,0.26607],[104.37313,0.25529],[104.37316,0.26779]]],[[[104.37746,0.18093],[104.37802,0.18004],[104.37664,0.1801],[104.37746,0.18093]]],[[[104.37797,0.1892],[104.37708,0.18839],[104.37746,0.18971],[104.37797,0.1892]]],[[[104.37754,0.44931],[104.37642,0.44921],[104.37745,0.44956],[104.37754,0.44931]]],[[[104.37612,0.4536],[104.37444,0.45254],[104.37394,0.45521],[104.37612,0.4536]]],[[[104.37505,0.20793],[104.37426,0.20728],[104.37413,0.20747],[104.37505,0.20793]]],[[[104.37503,0.31041],[104.37435,0.30559],[104.37084,0.30924],[104.37503,0.31041]]],[[[104.37406,0.44693],[104.37367,0.44664],[104.37384,0.4471],[104.37406,0.44693]]],[[[104.35957,0.22442],[104.37337,0.21357],[104.36615,0.21661],[104.35957,0.22442]]],[[[104.37319,0.39309],[104.36955,0.39317],[104.36938,0.39629],[104.37319,0.39309]]],[[[104.37306,0.19109],[104.37209,0.19079],[104.37208,0.19126],[104.37306,0.19109]]],[[[104.37153,0.47263],[104.36996,0.47225],[104.37293,0.47573],[104.37153,0.47263]]],[[[104.37132,0.44912],[104.37013,0.44851],[104.36996,0.44984],[104.37132,0.44912]]],[[[104.36988,0.18995],[104.37093,0.19045],[104.37123,0.18985],[104.36988,0.18995]]],[[[104.37114,0.16538],[104.37041,0.16497],[104.37063,0.16565],[104.37114,0.16538]]],[[[104.37064,0.45757],[104.36609,0.45363],[104.36921,0.45868],[104.37064,0.45757]]],[[[104.36308,0.18962],[104.36999,0.18447],[104.3668,0.17729],[104.36239,0.18479],[104.36308,0.18962]]],[[[104.36968,0.19127],[104.36848,0.19068],[104.36832,0.19162],[104.36968,0.19127]]],[[[104.36882,0.18848],[104.36961,0.18796],[104.36869,0.18799],[104.36882,0.18848]]],[[[104.36739,0.17043],[104.36658,0.16958],[104.36633,0.17014],[104.36739,0.17043]]],[[[104.36728,0.47009],[104.36102,0.46548],[104.35964,0.46783],[104.36728,0.47009]]],[[[104.36674,0.19034],[104.36606,0.18949],[104.36624,0.19052],[104.36674,0.19034]]],[[[104.35062,0.27361],[104.36525,0.26869],[104.3664,0.2606],[104.35062,0.27361]]],[[[104.36632,0.40349],[104.36351,0.40274],[104.36344,0.40618],[104.36632,0.40349]]],[[[104.36172,0.25968],[104.36565,0.25978],[104.36344,0.25602],[104.36172,0.25968]]],[[[104.36503,0.17337],[104.36353,0.17313],[104.36354,0.17414],[104.36503,0.17337]]],[[[104.35931,0.49281],[104.35863,0.49191],[104.35794,0.49336],[104.35931,0.49281]]],[[[104.34894,0.26288],[104.3588,0.26248],[104.35809,0.25681],[104.34894,0.26288]]],[[[104.35693,0.49468],[104.3582,0.49594],[104.35844,0.49578],[104.35693,0.49468]]],[[[104.35765,0.49807],[104.35652,0.49833],[104.35697,0.49985],[104.35765,0.49807]]],[[[104.35717,0.18118],[104.35635,0.18093],[104.35635,0.18138],[104.35717,0.18118]]],[[[104.35413,0.23895],[104.35311,0.23767],[104.35341,0.23942],[104.35413,0.23895]]],[[[104.33073,0.28082],[104.34238,0.27535],[104.34773,0.27578],[104.34838,0.26742],[104.33073,0.28082]]],[[[104.32999,0.28837],[104.34763,0.28506],[104.34379,0.27665],[104.32999,0.28837]]],[[[104.34622,0.18947],[104.34398,0.18828],[104.34227,0.2032],[104.34622,0.18947]]],[[[104.33235,0.20756],[104.34216,0.18485],[104.34238,0.17627],[104.33773,0.18311],[104.33235,0.20756]]],[[[104.3412,0.26],[104.34109,0.25826],[104.34032,0.26008],[104.3412,0.26]]],[[[104.33872,0.26382],[104.33729,0.26322],[104.33497,0.26828],[104.33872,0.26382]]],[[[104.3313,0.27053],[104.33485,0.26877],[104.33457,0.26792],[104.3313,0.27053]]],[[[104.3335,0.24839],[104.3331,0.24819],[104.33313,0.24866],[104.3335,0.24839]]],[[[104.33147,0.13325],[104.3327,0.1053],[104.31329,0.13325],[104.29928,0.12805],[104.29043,0.1758],[104.33147,0.13325]]],[[[104.32768,0.24677],[104.32806,0.24754],[104.3286,0.24697],[104.32768,0.24677]]],[[[104.32673,0.22077],[104.32787,0.21542],[104.32437,0.22274],[104.32673,0.22077]]],[[[104.32708,0.37739],[104.32596,0.36911],[104.31885,0.37206],[104.32708,0.37739]]],[[[104.32403,0.25373],[104.32356,0.25315],[104.3234,0.25375],[104.32403,0.25373]]],[[[104.30756,0.26235],[104.3228,0.25391],[104.31774,0.25187],[104.30756,0.26235]]],[[[104.32181,0.21281],[104.31952,0.21257],[104.32014,0.2143],[104.32181,0.21281]]],[[[104.31535,0.33995],[104.3206,0.31075],[104.3035,0.30714],[104.30196,0.34523],[104.31535,0.33995]]],[[[104.31821,0.2167],[104.31705,0.21478],[104.31564,0.21979],[104.31821,0.2167]]],[[[104.31397,0.38582],[104.3162,0.37346],[104.30699,0.38301],[104.31397,0.38582]]],[[[104.3055,0.30328],[104.30688,0.30616],[104.30807,0.30397],[104.3055,0.30328]]],[[[104.30493,0.26542],[104.30524,0.26273],[104.30391,0.26552],[104.30493,0.26542]]],[[[104.30481,0.34991],[104.30322,0.34847],[104.3029,0.35094],[104.30481,0.34991]]],[[[104.29976,0.26778],[104.30315,0.2662],[104.30277,0.26518],[104.29976,0.26778]]],[[[104.30056,0.34949],[104.29975,0.34864],[104.29971,0.35001],[104.30056,0.34949]]],[[[104.29655,0.39167],[104.29602,0.3881],[104.29471,0.39048],[104.29655,0.39167]]],[[[104.27773,0.16965],[104.28961,0.14704],[104.27305,0.16881],[104.27773,0.16965]]],[[[104.28578,0.18199],[104.28413,0.18191],[104.28363,0.18499],[104.28578,0.18199]]],[[[104.28509,0.36254],[104.2842,0.36181],[104.28456,0.36306],[104.28509,0.36254]]],[[[104.28431,0.36373],[104.28382,0.36358],[104.28376,0.36393],[104.28431,0.36373]]],[[[104.28138,0.36657],[104.28051,0.3659],[104.28081,0.36694],[104.28138,0.36657]]],[[[104.28015,0.37301],[104.27934,0.37307],[104.27985,0.37371],[104.28015,0.37301]]],[[[104.27932,0.36831],[104.27807,0.36822],[104.27845,0.3693],[104.27932,0.36831]]],[[[104.27716,0.37087],[104.27622,0.36996],[104.27647,0.37135],[104.27716,0.37087]]],[[[104.27564,0.37205],[104.27516,0.37088],[104.27455,0.3719],[104.27564,0.37205]]],[[[104.27003,-0.36748],[104.27339,-0.371],[104.27007,-0.37173],[104.27003,-0.36748]]],[[[104.27323,-0.33896],[104.27079,-0.33889],[104.27166,-0.33678],[104.27323,-0.33896]]],[[[104.27031,-0.34247],[104.27148,-0.35906],[104.25828,-0.36201],[104.26128,-0.34689],[104.27031,-0.34247]]],[[[104.27002,-0.36355],[104.27029,-0.36492],[104.26964,-0.36476],[104.27002,-0.36355]]],[[[104.26857,0.17374],[104.26914,0.17275],[104.26836,0.17251],[104.26857,0.17374]]],[[[104.26814,-0.38295],[104.26602,-0.38479],[104.26681,-0.38249],[104.26814,-0.38295]]],[[[104.26734,0.17851],[104.26547,0.17747],[104.26706,0.18303],[104.26734,0.17851]]],[[[104.26526,0.41499],[104.26482,0.41415],[104.2648,0.4152],[104.26526,0.41499]]],[[[104.26177,-0.37502],[104.26503,-0.37808],[104.26033,-0.37569],[104.26177,-0.37502]]],[[[104.26339,0.17474],[104.26449,0.17464],[104.2644,0.17414],[104.26339,0.17474]]],[[[104.25414,0.37128],[104.2639,0.36863],[104.26342,0.36682],[104.25414,0.37128]]],[[[104.25876,0.18603],[104.25751,0.18586],[104.25833,0.18711],[104.25876,0.18603]]],[[[104.25793,0.19078],[104.25625,0.19087],[104.25693,0.19212],[104.25793,0.19078]]],[[[104.2578,-0.34715],[104.2558,-0.347],[104.25763,-0.34654],[104.2578,-0.34715]]],[[[104.25733,0.17766],[104.24862,0.17286],[104.25508,0.18284],[104.25733,0.17766]]],[[[104.25685,0.16829],[104.25541,0.16799],[104.25634,0.16907],[104.25685,0.16829]]],[[[104.25399,-0.61001],[104.25141,-0.61091],[104.25374,-0.60845],[104.25399,-0.61001]]],[[[104.23283,-0.65887],[104.24214,-0.6565],[104.246,-0.66364],[104.23283,-0.65887]]],[[[104.23153,0.20056],[104.24144,0.17655],[104.22972,0.15535],[104.20071,0.16672],[104.23153,0.20056]]],[[[104.23382,-0.33102],[104.23908,-0.33807],[104.2332,-0.35571],[104.22114,-0.34389],[104.23382,-0.33102]]],[[[104.22186,0.13451],[104.23365,0.13592],[104.23777,0.13178],[104.22186,0.13451]]],[[[104.18945,-0.36309],[104.20332,-0.37379],[104.22958,-0.3644],[104.23379,-0.38683],[104.18568,-0.38864],[104.17175,-0.37129],[104.18945,-0.36309]]],[[[104.19568,-0.39283],[104.21368,-0.39297],[104.2142,-0.39554],[104.20816,-0.3998],[104.20883,-0.40135],[104.22934,-0.39355],[104.22335,-0.42956],[104.19626,-0.42387],[104.19568,-0.39283]]],[[[104.20976,-0.35402],[104.20337,-0.35317],[104.2048,-0.34947],[104.20976,-0.35402]]],[[[104.20679,0.14977],[104.20033,0.14732],[104.20567,0.15005],[104.20679,0.14977]]],[[[104.17853,0.17898],[104.19537,0.15514],[104.19406,0.15345],[104.17853,0.17898]]],[[[104.19046,-0.38913],[104.19175,-0.39071],[104.19041,-0.38942],[104.19046,-0.38913]]],[[[104.18231,-0.38702],[104.18042,-0.38859],[104.18004,-0.38567],[104.18231,-0.38702]]],[[[104.18216,-0.39495],[104.17839,-0.3963],[104.18228,-0.39166],[104.18216,-0.39495]]],[[[104.16137,-0.3757],[104.17807,-0.37987],[104.1754,-0.38989],[104.16137,-0.3757]]],[[[104.16413,-0.36203],[104.17374,-0.36316],[104.1693,-0.36683],[104.16413,-0.36203]]],[[[104.1558,-0.33822],[104.17293,-0.3566],[104.15963,-0.34942],[104.16444,-0.36063],[104.14476,-0.3605],[104.1558,-0.33822]]],[[[104.1589,-0.36972],[104.15847,-0.3706],[104.1577,-0.37049],[104.1589,-0.36972]]],[[[104.12302,-0.29967],[104.11967,-0.31237],[104.11641,-0.30957],[104.12302,-0.29967]]],[[[104.04183,-0.50395],[104.04048,-0.50445],[104.04089,-0.50376],[104.04183,-0.50395]]],[[[104.04098,-0.5007],[104.03776,-0.50099],[104.03792,-0.49793],[104.04098,-0.5007]]],[[[104.03515,-0.51423],[104.03972,-0.51288],[104.039,-0.51988],[104.03515,-0.51423]]],[[[104.03158,-0.5396],[104.02749,-0.53944],[104.02956,-0.53316],[104.03158,-0.5396]]]],"type":"MultiPolygon"},"properties":{"ADM1_EN":"Kepulauan Riau","ADM2_EN":"Lingga","latitude":-0.22455514,"longitude":104.5270902},"type":"Feature"},{"geometry":{"coordinates":[[[[98.94762,1.32913],[98.97057,1.29995],[98.99186,1.29924],[99.0146,1.27043],[99.02952,1.27207],[99.04959,1.20454],[99.13863,1.1592],[99.11804,1.10108],[99.13259,1.11058],[99.19804,1.0907],[99.22176,1.04394],[99.26145,1.05302],[99.27184,1.09703],[99.33628,1.02442],[99.3764,1.02269],[99.42018,0.97989],[99.43941,0.97583],[99.44434,1.0528],[99.42427,1.07156],[99.42799,1.09229],[99.4435,1.11188],[99.51363,1.12972],[99.54669,1.07087],[99.56809,1.06556],[99.57313,1.03326],[99.59661,1.00806],[99.58633,0.9708],[99.60088,0.95135],[99.62434,0.9441],[99.64316,0.91909],[99.69251,0.93147],[99.73414,0.89242],[99.74456,0.86506],[99.80002,0.85729],[99.84405,0.81556],[99.84564,0.76224],[99.82529,0.73591],[99.83087,0.69622],[99.85305,0.68296],[99.91115,0.67986],[99.9252,0.63287],[99.90883,0.62675],[99.95977,0.56954],[99.96468,0.54584],[99.95016,0.52419],[99.96105,0.51358],[99.90423,0.47042],[99.84939,0.46992],[99.83461,0.45838],[99.77683,0.48177],[99.74247,0.47779],[99.72012,0.45236],[99.67632,0.47598],[99.64191,0.54577],[99.57301,0.50955],[99.53049,0.52181],[99.51334,0.53766],[99.51918,0.55198],[99.4373,0.49567],[99.4057,0.48918],[99.31738,0.33465],[99.24869,0.33251],[99.19977,0.28959],[99.16644,0.22989],[99.13953,0.25092],[99.14032,0.2627],[99.15808,0.26648],[99.16052,0.29089],[99.14752,0.33148],[99.10889,0.34589],[99.13409,0.3783],[99.1398,0.42042],[99.11678,0.50899],[99.09187,0.5087],[99.08874,0.5319],[99.10235,0.52953],[99.10934,0.54969],[99.10467,0.58513],[99.07487,0.63017],[99.04892,0.62405],[99.04672,0.644],[99.05858,0.6391],[99.06593,0.65885],[99.04846,0.67153],[99.06215,0.69024],[99.05829,0.74329],[99.01367,0.81873],[99.02289,0.8233],[98.99628,0.82013],[98.9707,0.84528],[98.98572,0.85413],[98.9743,0.92151],[98.90828,1.1294],[98.84412,1.27789],[98.84524,1.2989],[98.86782,1.27922],[98.88191,1.29868],[98.90573,1.29233],[98.92686,1.3218],[98.94762,1.32913]]],[[[99.14972,0.2677],[99.14893,0.26709],[99.1485,0.26727],[99.14972,0.2677]]],[[[99.13672,0.2641],[99.13593,0.26349],[99.13593,0.2641],[99.13672,0.2641]]],[[[99.11108,0.35132],[99.11029,0.35071],[99.11011,0.35107],[99.11108,0.35132]]],[[[99.10366,0.37378],[99.10349,0.36214],[99.089,0.3622],[99.10366,0.37378]]],[[[99.04468,0.7605],[99.04413,0.75989],[99.04449,0.76068],[99.04468,0.7605]]],[[[99.04071,0.76172],[99.03888,0.76251],[99.04108,0.7627],[99.04071,0.76172]]],[[[99.03571,0.76569],[99.03888,0.76508],[99.0387,0.76428],[99.03571,0.76569]]],[[[99.01111,0.77948],[99.00708,0.77753],[99.00812,0.78027],[99.01111,0.77948]]],[[[98.94568,0.85828],[98.95129,0.85992],[98.95227,0.85809],[98.94568,0.85828]]],[[[98.92047,0.87433],[98.92133,0.8717],[98.91913,0.87347],[98.92047,0.87433]]],[[[98.8255,1.27728],[98.81451,1.26648],[98.81488,1.27649],[98.8255,1.27728]]]],"type":"MultiPolygon"},"properties":{"ADM1_EN":"Sumatera Utara","ADM2_EN":"Mandailing Natal","latitude":0.77436902,"longitude":99.36943235},"type":"Feature"},{"geometry":{"coordinates":[[[[102.49765,-1.65121],[102.52991,-1.65759],[102.52308,-1.67654],[102.5081,-1.69467],[102.49673,-1.6866],[102.51401,-1.71472],[102.45978,-1.80045],[102.46582,-1.94517],[102.48819,-1.98342],[102.48774,-2.01122],[102.57782,-2.09952],[102.61475,-2.10216],[102.63076,-2.14782],[102.57464,-2.20232],[102.46099,-2.19576],[102.43694,-2.24447],[102.42406,-2.24699],[102.40379,-2.31368],[102.35222,-2.37942],[102.30106,-2.38625],[102.29223,-2.35095],[102.22209,-2.39745],[102.12316,-2.41618],[102.15646,-2.50864],[102.09392,-2.5649],[102.10372,-2.6017],[102.06351,-2.62195],[102.08792,-2.69008],[102.07521,-2.76564],[102.02893,-2.75668],[101.99013,-2.72314],[101.91248,-2.73902],[101.86323,-2.72524],[101.81486,-2.69138],[101.81533,-2.67286],[101.77457,-2.65031],[101.66913,-2.52964],[101.62106,-2.5474],[101.60317,-2.53689],[101.57466,-2.54435],[101.54661,-2.5706],[101.54698,-2.50516],[101.56169,-2.46064],[101.54987,-2.3518],[101.59496,-2.36139],[101.59838,-2.33679],[101.61707,-2.33208],[101.6395,-2.35094],[101.69617,-2.34567],[101.74277,-2.29027],[101.74812,-2.24989],[101.76635,-2.23773],[101.77534,-2.20498],[101.81208,-2.17771],[101.82943,-2.1897],[101.8373,-2.18181],[101.78875,-2.13947],[101.7871,-2.10916],[101.75833,-2.07869],[101.75829,-2.05722],[101.72112,-2.02529],[101.71854,-1.99757],[101.65566,-1.95491],[101.63129,-1.89146],[101.64244,-1.88066],[101.73109,-1.87646],[101.78121,-1.83571],[101.82716,-1.82148],[101.8852,-1.84835],[101.91896,-1.83624],[101.97843,-1.87475],[101.99498,-1.90991],[102.00688,-1.90064],[102.03375,-1.90687],[102.07111,-1.87214],[102.11405,-1.87759],[102.14307,-1.83474],[102.13515,-1.79159],[102.21612,-1.78359],[102.24314,-1.74636],[102.32436,-1.70416],[102.34519,-1.67872],[102.36256,-1.67674],[102.40739,-1.71494],[102.49765,-1.65121]]],[[[101.55667,-2.44936],[101.55681,-2.44953],[101.55666,-2.44941],[101.55667,-2.44936]]]],"type":"MultiPolygon"},"properties":{"ADM1_EN":"Jambi","ADM2_EN":"Merangin","latitude":-2.19620091,"longitude":102.0644191},"type":"Feature"},{"geometry":{"coordinates":[[[105.35476,-3.79277],[105.421,-3.77895],[105.43618,-3.78726],[105.43235,-3.82639],[105.4802,-3.82187],[105.4924,-3.84086],[105.52413,-3.84049],[105.51233,-3.87255],[105.52307,-3.8926],[105.53325,-3.8978],[105.54831,-3.88176],[105.57355,-3.90127],[105.56297,-3.92888],[105.58692,-3.93918],[105.59968,-3.92686],[105.61138,-3.94057],[105.59012,-3.95375],[105.63071,-4.00582],[105.60676,-4.05832],[105.62044,-4.0598],[105.62544,-4.04348],[105.66051,-4.04821],[105.65097,-4.08623],[105.66312,-4.09553],[105.68423,-4.07947],[105.68714,-4.10129],[105.71103,-4.10835],[105.70201,-4.14],[105.72942,-4.13454],[105.75299,-4.14712],[105.75759,-4.19405],[105.68271,-4.19102],[105.65499,-4.19588],[105.65388,-4.21732],[105.60696,-4.2189],[105.60169,-4.19281],[105.50447,-4.16137],[105.50454,-4.1311],[105.46829,-4.13472],[105.46773,-4.15992],[105.42383,-4.16149],[105.42532,-4.11913],[105.41448,-4.11914],[105.36592,-4.12966],[105.36495,-4.16252],[105.31209,-4.15908],[105.2779,-4.18934],[105.23736,-4.19225],[105.20419,-4.17005],[105.14401,-4.20129],[105.14411,-4.2225],[105.13077,-4.211],[105.10766,-4.22392],[105.11094,-4.2037],[105.08752,-4.20898],[105.08577,-4.21997],[105.06688,-4.21622],[105.07339,-4.17499],[105.05043,-4.13894],[105.09518,-4.04654],[105.11992,-4.04831],[105.10569,-4.01809],[105.14223,-3.97262],[105.13936,-3.93422],[105.16496,-3.93762],[105.1793,-3.90488],[105.20532,-3.89056],[105.22976,-3.88952],[105.24374,-3.90624],[105.27551,-3.87881],[105.29246,-3.84596],[105.28371,-3.79813],[105.30453,-3.79162],[105.32421,-3.7268],[105.34235,-3.73079],[105.35476,-3.79277]]],"type":"Polygon"},"properties":{"ADM1_EN":"Lampung","ADM2_EN":"Mesuji","latitude":-4.02373541,"longitude":105.377875},"type":"Feature"},{"geometry":{"coordinates":[[[[104.61213,-3.01426],[104.69045,-3.05602],[104.61821,-3.11137],[104.57795,-3.09357],[104.51284,-3.08946],[104.47883,-3.11587],[104.51072,-3.20063],[104.56336,-3.21523],[104.57146,-3.24177],[104.53994,-3.26842],[104.52803,-3.30205],[104.52938,-3.32307],[104.5391,-3.31766],[104.53624,-3.3537],[104.51324,-3.38822],[104.50745,-3.37954],[104.46988,-3.40533],[104.46408,-3.42288],[104.4475,-3.42513],[104.44587,-3.4953],[104.4055,-3.50742],[104.30052,-3.49761],[104.29279,-3.47837],[104.34819,-3.37148],[104.29791,-3.35683],[104.24165,-3.37359],[104.21268,-3.36776],[104.20838,-3.34531],[104.2339,-3.29978],[104.23391,-3.25591],[104.20667,-3.2457],[104.23007,-3.21221],[104.2566,-3.03319],[104.3182,-3.0218],[104.35576,-3.04839],[104.34296,-3.01731],[104.40497,-3.01917],[104.44346,-3.03475],[104.47859,-3.03166],[104.48574,-3.06082],[104.49905,-3.06295],[104.53786,-3.02783],[104.58267,-3.03496],[104.59251,-3.0516],[104.61213,-3.01426]]],[[[103.80847,-3.31989],[103.85416,-3.32136],[103.8586,-3.33856],[103.88629,-3.32996],[103.93283,-3.39633],[104.01874,-3.41373],[104.02476,-3.36248],[104.09374,-3.35353],[104.11685,-3.3693],[104.13134,-3.35878],[104.13192,-3.37831],[104.15153,-3.39607],[104.15117,-3.44538],[104.13608,-3.45428],[104.12845,-3.4909],[104.14361,-3.49103],[104.13143,-3.51976],[104.14656,-3.5423],[104.25093,-3.53645],[104.24252,-3.5676],[104.27582,-3.57302],[104.30646,-3.56188],[104.30385,-3.60373],[104.32237,-3.62167],[104.36611,-3.60843],[104.36688,-3.59736],[104.40709,-3.58335],[104.42013,-3.55816],[104.43734,-3.55638],[104.4679,-3.58952],[104.47603,-3.62342],[104.44202,-3.68314],[104.37529,-3.71966],[104.3824,-3.75988],[104.36025,-3.76889],[104.3347,-3.76033],[104.30673,-3.77351],[104.28812,-3.75507],[104.23892,-3.78302],[104.20824,-3.84606],[104.14716,-3.88499],[103.99473,-3.91973],[103.96561,-3.88855],[103.89298,-3.92478],[103.89171,-3.96282],[103.84889,-4.00697],[103.79247,-4.03892],[103.75005,-4.08269],[103.70487,-4.08528],[103.70596,-4.18326],[103.6219,-4.21398],[103.62483,-4.29127],[103.59842,-4.36258],[103.5534,-4.35657],[103.54763,-4.37101],[103.51489,-4.37606],[103.46806,-4.35308],[103.45769,-4.33304],[103.32845,-4.29216],[103.30507,-4.25452],[103.4389,-4.17053],[103.4669,-4.09974],[103.49606,-4.12927],[103.51239,-4.10741],[103.55396,-4.12086],[103.59117,-4.04742],[103.59545,-3.99749],[103.64412,-3.96565],[103.64363,-3.95823],[103.63139,-3.94637],[103.63123,-3.94206],[103.67005,-3.91033],[103.70382,-3.90102],[103.70744,-3.81736],[103.73036,-3.78883],[103.72448,-3.76475],[103.76288,-3.73893],[103.73335,-3.69173],[103.7671,-3.68774],[103.76592,-3.66072],[103.74738,-3.6611],[103.74021,-3.64707],[103.76749,-3.63159],[103.76771,-3.60695],[103.75686,-3.60483],[103.773,-3.58412],[103.7291,-3.57548],[103.6283,-3.51212],[103.57439,-3.54977],[103.53875,-3.54779],[103.54851,-3.52907],[103.54058,-3.49283],[103.561,-3.48138],[103.57224,-3.4554],[103.59057,-3.45718],[103.61413,-3.41959],[103.62472,-3.37568],[103.61749,-3.33],[103.67229,-3.37502],[103.68131,-3.33675],[103.72367,-3.35125],[103.80847,-3.31989]]]],"type":"MultiPolygon"},"properties":{"ADM1_EN":"Sumatera Selatan","ADM2_EN":"Muara Enim","latitude":-3.63583452,"longitude":104.0015653},"type":"Feature"},{"geometry":{"coordinates":[[[103.50946,-1.32096],[103.55222,-1.30698],[103.55961,-1.33086],[103.58319,-1.33748],[103.58461,-1.38251],[104.0728,-1.30269],[104.25383,-1.549],[104.29734,-1.57105],[104.31214,-1.60733],[104.35882,-1.64298],[104.35981,-1.6559],[104.34232,-1.67559],[103.89188,-1.79267],[103.66428,-1.84896],[103.62565,-1.84354],[103.54879,-1.88142],[103.51971,-1.9087],[103.50959,-1.96242],[103.56022,-2.00003],[103.55422,-2.0419],[103.5141,-2.08368],[103.53088,-2.12543],[103.55969,-2.14142],[103.49872,-2.17731],[103.44788,-2.1779],[103.44653,-2.06229],[103.37489,-2.05587],[103.36952,-2.00193],[103.33285,-2.00173],[103.33491,-1.96542],[103.31426,-1.9654],[103.31465,-1.86848],[103.39552,-1.86868],[103.39984,-1.8262],[103.42921,-1.81264],[103.39599,-1.75763],[103.39787,-1.71299],[103.41848,-1.68546],[103.41626,-1.64956],[103.3863,-1.64086],[103.41436,-1.63223],[103.42431,-1.62154],[103.41778,-1.60849],[103.45584,-1.58783],[103.44776,-1.56842],[103.46644,-1.52941],[103.45209,-1.48955],[103.46808,-1.47143],[103.43245,-1.46659],[103.38351,-1.48124],[103.35328,-1.44186],[103.33891,-1.37183],[103.3044,-1.35172],[103.25822,-1.35585],[103.25034,-1.38558],[103.26683,-1.4017],[103.25837,-1.4087],[103.20537,-1.35547],[103.23173,-1.34314],[103.23638,-1.3638],[103.25293,-1.35398],[103.26394,-1.31086],[103.26054,-1.23126],[103.27274,-1.22967],[103.3469,-1.22878],[103.34627,-1.26572],[103.39302,-1.26626],[103.45669,-1.31901],[103.50946,-1.32096]],[[103.60212,-1.54687],[103.56624,-1.57377],[103.54633,-1.56932],[103.53689,-1.58914],[103.54889,-1.60946],[103.52667,-1.67664],[103.5588,-1.67969],[103.57606,-1.66366],[103.62117,-1.69496],[103.63094,-1.67643],[103.60802,-1.65958],[103.65221,-1.6566],[103.67012,-1.64046],[103.68097,-1.61661],[103.6551,-1.60792],[103.65307,-1.55207],[103.60212,-1.54687]]],"type":"Polygon"},"properties":{"ADM1_EN":"Jambi","ADM2_EN":"Muaro Jambi","latitude":-1.60918194,"longitude":103.7451794},"type":"Feature"},{"geometry":{"coordinates":[[[101.28539,-2.27671],[101.55706,-2.44975],[101.54661,-2.5706],[101.57466,-2.54435],[101.60317,-2.53689],[101.62106,-2.5474],[101.65464,-2.52877],[101.6758,-2.53282],[101.73501,-2.6092],[101.81533,-2.67286],[101.81486,-2.69138],[101.84043,-2.69989],[101.86038,-2.73027],[101.86607,-2.78896],[101.84987,-2.82933],[101.80594,-2.87986],[101.80257,-2.92224],[101.78455,-2.93754],[101.79078,-2.983],[101.70204,-3.05391],[101.71341,-3.07608],[101.6687,-3.12583],[101.6221,-3.13804],[101.57579,-3.18456],[101.52075,-3.11576],[101.52509,-3.09997],[101.48814,-3.05268],[101.47924,-3.01246],[101.40384,-2.92727],[101.32051,-2.73759],[101.26215,-2.69205],[101.14224,-2.62838],[101.02232,-2.47882],[101.14679,-2.3878],[101.23699,-2.34236],[101.23766,-2.32001],[101.28539,-2.27671]]],"type":"Polygon"},"properties":{"ADM1_EN":"Bengkulu","ADM2_EN":"Mukomuko","latitude":-2.70139437,"longitude":101.4855958},"type":"Feature"},{"geometry":{"coordinates":[[[104.15272,-1.72488],[104.16282,-1.79324],[104.2125,-1.88883],[104.36038,-2.07093],[104.42835,-2.18545],[104.54494,-2.26328],[104.6242,-2.25215],[104.6569,-2.32205],[104.5771,-2.38301],[104.45936,-2.43834],[104.35999,-2.4552],[104.2754,-2.5185],[104.2224,-2.51102],[104.1169,-2.42767],[104.095,-2.42915],[104.0689,-2.45124],[104.10234,-2.50706],[104.07308,-2.53911],[104.11322,-2.56504],[104.13427,-2.55002],[104.15883,-2.5615],[104.22208,-2.60005],[104.2096,-2.62063],[104.24368,-2.62917],[104.23887,-2.64528],[104.28286,-2.66237],[104.23108,-2.70386],[104.24668,-2.72506],[104.13159,-2.85549],[104.1831,-2.89657],[104.17546,-2.96899],[104.18759,-3.05246],[104.14166,-3.04668],[104.12821,-3.00733],[104.0666,-3.0039],[104.02051,-3.03027],[103.94885,-3.00537],[103.91205,-3.02439],[103.88588,-3.07948],[103.84417,-3.08888],[103.79609,-3.13735],[103.77409,-3.25421],[103.73129,-3.26595],[103.71653,-3.26233],[103.70638,-3.23827],[103.67925,-3.2569],[103.66042,-3.25494],[103.63371,-3.21911],[103.64475,-3.20463],[103.63791,-3.18831],[103.6092,-3.17974],[103.59375,-3.1361],[103.57386,-3.13779],[103.57778,-3.11129],[103.51214,-3.07814],[103.50265,-3.05728],[103.50076,-3.03463],[103.50014,-3.03294],[103.49986,-3.03233],[103.48153,-3.03661],[103.4385,-2.94762],[103.41108,-2.92457],[103.43134,-2.87711],[103.35363,-2.8511],[103.27118,-2.75301],[103.34165,-2.69462],[103.36645,-2.60592],[103.34318,-2.54454],[103.2757,-2.49868],[103.27361,-2.46586],[103.24912,-2.47897],[103.24099,-2.5145],[103.21563,-2.5384],[103.18529,-2.50462],[103.16236,-2.50914],[103.15521,-2.46783],[103.13349,-2.45789],[103.11534,-2.46689],[103.06807,-2.44134],[103.05315,-2.40231],[103.0182,-2.40224],[103.00396,-2.3361],[103.0342,-2.33926],[103.03257,-2.32108],[103.05477,-2.3122],[103.09245,-2.34452],[103.14256,-2.36096],[103.16966,-2.33317],[103.2125,-2.3171],[103.20624,-2.27657],[103.1796,-2.24886],[103.18202,-2.1762],[103.20665,-2.14234],[103.25435,-2.13141],[103.26137,-2.15578],[103.29208,-2.17473],[103.29603,-2.20422],[103.32629,-2.22228],[103.3478,-2.26549],[103.39307,-2.29593],[103.41023,-2.33394],[103.43141,-2.33554],[103.44744,-2.35641],[103.44669,-2.31322],[103.46593,-2.25522],[103.45143,-2.20942],[103.45923,-2.1761],[103.49872,-2.17731],[103.55969,-2.14142],[103.53088,-2.12543],[103.5141,-2.08368],[103.53842,-2.04919],[103.55158,-2.04835],[103.56022,-2.00003],[103.50959,-1.96242],[103.51971,-1.9087],[103.53425,-1.89129],[103.62565,-1.84354],[103.66428,-1.84896],[104.15272,-1.72488]]],"type":"Polygon"},"properties":{"ADM1_EN":"Sumatera Selatan","ADM2_EN":"Musi Banyuasin","latitude":-2.4440841,"longitude":103.829672},"type":"Feature"},{"geometry":{"coordinates":[[[103.27446,-2.7565],[103.35363,-2.8511],[103.43134,-2.87711],[103.41108,-2.92457],[103.4385,-2.94762],[103.48153,-3.03661],[103.49986,-3.03233],[103.51214,-3.07814],[103.57778,-3.11129],[103.57386,-3.13779],[103.59375,-3.1361],[103.6092,-3.17974],[103.63771,-3.18806],[103.64475,-3.20463],[103.63305,-3.21591],[103.64926,-3.24558],[103.60695,-3.28928],[103.62518,-3.35683],[103.61413,-3.41959],[103.59057,-3.45718],[103.57224,-3.4554],[103.561,-3.48138],[103.54058,-3.49283],[103.54851,-3.52907],[103.53896,-3.53603],[103.53837,-3.59346],[103.51124,-3.59301],[103.49295,-3.51003],[103.44517,-3.50951],[103.41815,-3.52991],[103.37449,-3.53475],[103.37007,-3.5261],[103.33706,-3.53009],[103.31732,-3.51062],[103.20111,-3.50208],[103.17604,-3.46388],[103.11183,-3.48759],[103.04758,-3.42651],[102.9916,-3.41209],[102.99931,-3.39477],[102.98943,-3.36974],[102.96595,-3.36207],[102.97038,-3.26075],[102.93778,-3.26121],[102.95606,-3.23543],[102.91621,-3.19055],[102.92384,-3.16964],[102.88106,-3.15667],[102.8603,-3.12926],[102.83608,-3.15132],[102.83213,-3.17498],[102.81045,-3.17731],[102.81602,-3.23642],[102.76401,-3.26921],[102.74368,-3.31578],[102.67526,-3.32224],[102.63649,-3.35276],[102.5843,-3.32646],[102.56037,-3.29369],[102.53142,-3.28905],[102.49807,-3.26297],[102.48978,-3.23938],[102.50574,-3.2152],[102.48745,-3.20499],[102.48631,-3.10789],[102.54889,-3.08982],[102.58612,-3.05836],[102.62365,-3.05301],[102.69035,-3.00922],[102.72956,-3.00394],[102.73763,-3.01306],[102.76963,-2.99236],[102.80631,-2.99911],[102.84821,-2.99041],[102.85942,-2.97523],[102.88106,-2.98113],[102.87577,-2.92403],[102.91509,-2.93241],[102.90383,-2.88342],[103.01698,-2.8517],[103.09835,-2.84726],[103.10103,-2.78213],[103.12898,-2.77019],[103.14754,-2.77989],[103.17435,-2.75809],[103.27446,-2.7565]]],"type":"Polygon"},"properties":{"ADM1_EN":"Sumatera Selatan","ADM2_EN":"Musi Rawas","latitude":-3.16673128,"longitude":103.145221},"type":"Feature"},{"geometry":{"coordinates":[[[102.87713,-2.30459],[103.00464,-2.33604],[103.01914,-2.40323],[103.05315,-2.40231],[103.06807,-2.44134],[103.11534,-2.46689],[103.13349,-2.45789],[103.15521,-2.46783],[103.16122,-2.50835],[103.18529,-2.50462],[103.21563,-2.5384],[103.24099,-2.5145],[103.24912,-2.47897],[103.27847,-2.46865],[103.2757,-2.49868],[103.32394,-2.53701],[103.33411,-2.53214],[103.36637,-2.58464],[103.34165,-2.69462],[103.30896,-2.73124],[103.26329,-2.75715],[103.17435,-2.75809],[103.14754,-2.77989],[103.12898,-2.77019],[103.10103,-2.78213],[103.09835,-2.84726],[103.01698,-2.8517],[102.90383,-2.88342],[102.91509,-2.93241],[102.87577,-2.92403],[102.88106,-2.98113],[102.85942,-2.97523],[102.84821,-2.99041],[102.80631,-2.99911],[102.76963,-2.99236],[102.73763,-3.01306],[102.72956,-3.00394],[102.69035,-3.00922],[102.62365,-3.05301],[102.58612,-3.05836],[102.54889,-3.08982],[102.48524,-3.10789],[102.43556,-3.05517],[102.38992,-3.04427],[102.32054,-3.06982],[102.28363,-3.03803],[102.25691,-3.0368],[102.22523,-2.92846],[102.13317,-2.87608],[102.13028,-2.83643],[102.0723,-2.79339],[102.06939,-2.76518],[102.09148,-2.76989],[102.12571,-2.72932],[102.23453,-2.69135],[102.25097,-2.63115],[102.27651,-2.61391],[102.32777,-2.65499],[102.38722,-2.64696],[102.38973,-2.67593],[102.40625,-2.68911],[102.46824,-2.70353],[102.48986,-2.70525],[102.51886,-2.67652],[102.60204,-2.67539],[102.64057,-2.61101],[102.67755,-2.60374],[102.71593,-2.57037],[102.72831,-2.58611],[102.75988,-2.54993],[102.79624,-2.53321],[102.79355,-2.5047],[102.87538,-2.4098],[102.87189,-2.38509],[102.84984,-2.38596],[102.8396,-2.35882],[102.84064,-2.33785],[102.87713,-2.30459]]],"type":"Polygon"},"properties":{"ADM1_EN":"Sumatera Selatan","ADM2_EN":"Musi Rawas Utara","latitude":-2.74439858,"longitude":102.7358397},"type":"Feature"},{"geometry":{"coordinates":[[[96.58828,4.41578],[96.62858,4.40121],[96.64753,4.37737],[96.77807,4.32696],[96.8218,4.28545],[96.79328,4.2855],[96.80214,4.2234],[96.75389,4.17443],[96.73463,4.13438],[96.7193,4.01248],[96.69702,3.98849],[96.62917,3.95848],[96.61715,3.91895],[96.60119,3.91178],[96.58093,3.84544],[96.61024,3.81259],[96.61724,3.79188],[96.60554,3.77621],[96.62368,3.73896],[96.5443,3.72908],[96.49667,3.7495],[96.38753,3.8465],[96.39067,3.85628],[96.38577,3.84882],[96.24012,4.05712],[96.18943,4.10545],[96.24657,4.12608],[96.27885,4.15512],[96.26649,4.22724],[96.28608,4.26964],[96.29599,4.36831],[96.32913,4.36714],[96.37165,4.39278],[96.37196,4.41735],[96.44149,4.42582],[96.47972,4.45829],[96.44044,4.51004],[96.46307,4.54545],[96.49203,4.55524],[96.49109,4.62277],[96.58155,4.57302],[96.60444,4.4773],[96.58828,4.41578]]],"type":"Polygon"},"properties":{"ADM1_EN":"Aceh","ADM2_EN":"Nagan Raya","latitude":4.15541008,"longitude":96.50678151},"type":"Feature"},{"geometry":{"coordinates":[[[[109.15704,2.59813],[109.16265,2.5857],[109.15693,2.58333],[109.15704,2.59813]]],[[[109.14583,2.54665],[109.14277,2.53822],[109.13571,2.53497],[109.13709,2.54125],[109.14583,2.54665]]],[[[109.14449,2.627],[109.14028,2.62317],[109.1421,2.62883],[109.14449,2.627]]],[[[109.13483,2.6201],[109.13813,2.62194],[109.13705,2.6176],[109.13483,2.6201]]],[[[109.1221,2.46257],[109.13096,2.45954],[109.12857,2.45549],[109.1221,2.46257]]],[[[109.1252,2.55961],[109.12276,2.5608],[109.12504,2.56142],[109.1252,2.55961]]],[[[108.99793,2.55863],[109.06192,2.52404],[109.11919,2.53163],[109.11842,2.50804],[109.08935,2.48876],[109.09469,2.50009],[109.08233,2.48896],[109.05158,2.50304],[109.05446,2.49548],[109.04965,2.49029],[109.01663,2.48203],[109.00687,2.49908],[109.03383,2.51528],[109.00532,2.53215],[108.97968,2.521],[108.97656,2.53139],[108.97596,2.55538],[108.99793,2.55863]]],[[[108.98605,2.50643],[108.9979,2.49384],[108.99401,2.48947],[108.98747,2.49018],[108.98605,2.50643]]],[[[108.99693,2.47675],[108.99586,2.47594],[108.99566,2.47687],[108.99693,2.47675]]],[[[108.99484,2.47076],[108.99043,2.47413],[108.99431,2.47421],[108.99484,2.47076]]],[[[108.98897,2.48925],[108.98812,2.4887],[108.98828,2.48945],[108.98897,2.48925]]],[[[108.98752,2.48185],[108.98557,2.48181],[108.98494,2.48306],[108.98752,2.48185]]],[[[108.98268,2.46335],[108.98152,2.46248],[108.98135,2.46475],[108.98268,2.46335]]],[[[108.96336,2.50112],[108.96107,2.49727],[108.96143,2.50139],[108.96336,2.50112]]],[[[108.9507,2.50087],[108.95538,2.48098],[108.94176,2.47953],[108.9396,2.49618],[108.9507,2.50087]]],[[[108.94943,2.75712],[108.9519,2.75945],[108.95186,2.75621],[108.94943,2.75712]]],[[[108.9518,2.7538],[108.95114,2.75365],[108.95149,2.75411],[108.9518,2.7538]]],[[[108.94604,2.76537],[108.94836,2.77003],[108.9516,2.7636],[108.94604,2.76537]]],[[[108.94553,2.46795],[108.9447,2.46786],[108.9453,2.46836],[108.94553,2.46795]]],[[[108.94382,2.76204],[108.94342,2.76185],[108.9435,2.76235],[108.94382,2.76204]]],[[[108.94062,2.77379],[108.94011,2.77324],[108.94009,2.77374],[108.94062,2.77379]]],[[[108.93847,2.89655],[108.93753,2.89672],[108.93839,2.89712],[108.93847,2.89655]]],[[[108.93626,2.89429],[108.93245,2.89354],[108.93703,2.89677],[108.93626,2.89429]]],[[[108.93076,2.89297],[108.92798,2.89337],[108.92831,2.89459],[108.93076,2.89297]]],[[[108.92238,2.7673],[108.92911,2.75572],[108.91186,2.73381],[108.90476,2.73481],[108.88647,2.72698],[108.92238,2.7673]]],[[[108.92483,2.86988],[108.92261,2.86954],[108.92442,2.87146],[108.92483,2.86988]]],[[[108.92397,2.89648],[108.92253,2.89665],[108.92375,2.89755],[108.92397,2.89648]]],[[[108.92352,2.7736],[108.92288,2.77325],[108.92266,2.77375],[108.92352,2.7736]]],[[[108.90503,2.8629],[108.90969,2.86305],[108.90662,2.85889],[108.90503,2.8629]]],[[[108.90763,2.80831],[108.90589,2.80897],[108.90779,2.80932],[108.90763,2.80831]]],[[[108.90771,2.7322],[108.90647,2.73141],[108.90686,2.73294],[108.90771,2.7322]]],[[[108.88842,2.88001],[108.89227,2.87409],[108.88605,2.87451],[108.88842,2.88001]]],[[[108.86827,3.00983],[108.8901,2.9998],[108.88703,2.94849],[108.87572,2.94091],[108.88598,2.93764],[108.87653,2.9177],[108.88761,2.9135],[108.87681,2.88786],[108.88472,2.88051],[108.8853,2.87508],[108.86445,2.8787],[108.84761,2.85051],[108.81962,2.84304],[108.78841,2.86292],[108.77426,2.89205],[108.83364,2.94328],[108.84223,3.00196],[108.86827,3.00983]]],[[[108.88549,2.70056],[108.87669,2.70027],[108.87818,2.70625],[108.88549,2.70056]]],[[[108.87742,2.76583],[108.8647,2.75879],[108.87699,2.76711],[108.87742,2.76583]]],[[[108.86967,3.05221],[108.87032,3.0484],[108.86733,3.04659],[108.86967,3.05221]]],[[[108.84119,3.05463],[108.86875,3.04283],[108.86404,3.01312],[108.84326,3.01173],[108.85234,3.02302],[108.83489,3.04368],[108.84119,3.05463]]],[[[108.86584,2.75591],[108.86445,2.75526],[108.86577,2.75623],[108.86584,2.75591]]],[[[108.85942,2.75131],[108.84996,2.74318],[108.83175,2.73896],[108.85942,2.75131]]],[[[108.83256,2.75053],[108.83083,2.74969],[108.83266,2.75124],[108.83256,2.75053]]],[[[108.8318,2.73663],[108.83116,2.73601],[108.83164,2.73684],[108.8318,2.73663]]],[[[108.82923,2.74622],[108.82835,2.74611],[108.82916,2.74683],[108.82923,2.74622]]],[[[108.82917,2.73243],[108.82823,2.73249],[108.82873,2.73327],[108.82917,2.73243]]],[[[108.82871,2.74471],[108.82781,2.7442],[108.82815,2.74511],[108.82871,2.74471]]],[[[108.82852,2.74037],[108.8279,2.73993],[108.82797,2.74029],[108.82852,2.74037]]],[[[108.82825,2.73678],[108.82775,2.73655],[108.82786,2.7368],[108.82825,2.73678]]],[[[108.82485,2.73998],[108.82514,2.73722],[108.8271,2.73224],[108.8237,2.73598],[108.82485,2.73998]]],[[[108.82665,2.74056],[108.82604,2.74083],[108.82655,2.74096],[108.82665,2.74056]]],[[[108.81407,2.75295],[108.81306,2.75239],[108.81395,2.7543],[108.81407,2.75295]]],[[[108.81247,2.75451],[108.80961,2.75275],[108.8121,2.75506],[108.81247,2.75451]]],[[[108.80718,2.95281],[108.8038,2.95442],[108.80479,2.95604],[108.80718,2.95281]]],[[[108.78219,2.96065],[108.79028,2.9574],[108.79166,2.95485],[108.78219,2.96065]]],[[[108.77113,2.73299],[108.76967,2.73305],[108.76967,2.73362],[108.77113,2.73299]]],[[[108.76012,2.71466],[108.75859,2.71501],[108.76008,2.71582],[108.76012,2.71466]]],[[[108.75858,2.72648],[108.75703,2.7258],[108.75671,2.72733],[108.75858,2.72648]]],[[[108.7523,2.72197],[108.75739,2.71993],[108.7521,2.72137],[108.7523,2.72197]]],[[[108.75733,2.71618],[108.75629,2.71611],[108.75672,2.71686],[108.75733,2.71618]]],[[[108.75533,2.73561],[108.75624,2.73136],[108.75308,2.73248],[108.75533,2.73561]]],[[[108.75567,2.7193],[108.75523,2.71615],[108.75284,2.71827],[108.75567,2.7193]]],[[[108.75198,2.72991],[108.7545,2.7254],[108.75219,2.72435],[108.75198,2.72991]]],[[[108.75121,2.91769],[108.74701,2.91494],[108.75027,2.91985],[108.75121,2.91769]]],[[[108.72945,2.90889],[108.71881,2.90098],[108.72676,2.91722],[108.72945,2.90889]]],[[[108.56802,2.65664],[108.5688,2.6845],[108.58419,2.70357],[108.58246,2.68353],[108.56802,2.65664]]],[[[108.41615,4.01223],[108.42006,4.00622],[108.41575,4.00281],[108.41615,4.01223]]],[[[108.41624,3.86397],[108.41495,3.85932],[108.41196,3.86096],[108.41624,3.86397]]],[[[108.41324,3.79672],[108.41036,3.79681],[108.41237,3.79818],[108.41324,3.79672]]],[[[108.21994,4.22943],[108.24235,4.21586],[108.22441,4.18443],[108.2336,4.12814],[108.26557,4.09134],[108.2991,4.0864],[108.29215,4.05806],[108.34587,4.01582],[108.34726,3.9982],[108.40338,3.96438],[108.38202,3.93157],[108.39407,3.91658],[108.39028,3.89565],[108.3623,3.90368],[108.35269,3.87368],[108.36273,3.873],[108.36668,3.89305],[108.3831,3.87058],[108.37729,3.85454],[108.40774,3.8866],[108.3989,3.86068],[108.41001,3.85866],[108.39556,3.84689],[108.38687,3.79353],[108.36614,3.78333],[108.3518,3.76374],[108.33747,3.76562],[108.30973,3.73083],[108.29601,3.65772],[108.20193,3.65943],[108.15618,3.62988],[108.14368,3.66449],[108.093,3.67725],[108.09354,3.69151],[108.12125,3.72371],[108.118,3.7439],[108.14163,3.75131],[108.14971,3.7403],[108.15023,3.76125],[108.18841,3.7834],[108.20458,3.77799],[108.25974,3.73045],[108.26502,3.71781],[108.27615,3.71047],[108.27677,3.71226],[108.27494,3.7202],[108.26616,3.73634],[108.25578,3.74516],[108.25498,3.76097],[108.2237,3.78276],[108.23499,3.79164],[108.23341,3.81732],[108.21835,3.82891],[108.23056,3.81039],[108.22322,3.78865],[108.20735,3.80192],[108.15452,3.80425],[108.11783,3.82601],[108.09297,3.82062],[108.08595,3.8332],[108.06321,3.83412],[108.04539,3.86426],[108.01929,3.87822],[108.02763,3.9072],[107.98882,3.9431],[107.99378,3.98213],[107.98253,3.9992],[107.96192,4.00164],[108.01414,4.02713],[108.03257,4.05697],[108.07388,4.0674],[108.08942,4.10331],[108.14604,4.13719],[108.21994,4.22943]]],[[[108.39815,3.76934],[108.39594,3.76908],[108.39806,3.77033],[108.39815,3.76934]]],[[[108.3838,3.87333],[108.38247,3.87338],[108.38328,3.87427],[108.3838,3.87333]]],[[[108.37711,3.88596],[108.38316,3.88447],[108.3799,3.87891],[108.37711,3.88596]]],[[[108.38004,3.87623],[108.37941,3.87598],[108.37959,3.8764],[108.38004,3.87623]]],[[[108.37218,3.89343],[108.37475,3.89066],[108.37287,3.89008],[108.37218,3.89343]]],[[[108.36785,3.89905],[108.3696,3.89663],[108.36748,3.89771],[108.36785,3.89905]]],[[[108.36691,3.78101],[108.3663,3.78071],[108.36642,3.78114],[108.36691,3.78101]]],[[[108.36195,4.01353],[108.35889,4.0124],[108.35968,4.01762],[108.36195,4.01353]]],[[[108.3614,3.88367],[108.3577,3.88265],[108.35932,3.8849],[108.3614,3.88367]]],[[[108.33727,3.7577],[108.33642,3.75681],[108.33691,3.75796],[108.33727,3.7577]]],[[[108.2996,4.06462],[108.29942,4.06424],[108.29919,4.06437],[108.2996,4.06462]]],[[[108.29823,4.06503],[108.29751,4.06391],[108.29725,4.06454],[108.29823,4.06503]]],[[[108.27273,3.71316],[108.27615,3.71226],[108.27503,3.7113],[108.27273,3.71316]]],[[[108.21926,4.24112],[108.22198,4.23899],[108.21983,4.23544],[108.21926,4.24112]]],[[[108.2096,4.26549],[108.19946,4.24752],[108.18621,4.23485],[108.19864,4.26391],[108.2096,4.26549]]],[[[108.1715,3.7906],[108.17035,3.79051],[108.17131,3.79116],[108.1715,3.7906]]],[[[108.13907,3.62401],[108.13322,3.62212],[108.13792,3.62752],[108.13907,3.62401]]],[[[108.12743,3.62374],[108.12911,3.62525],[108.12832,3.62317],[108.12743,3.62374]]],[[[108.11681,3.76259],[108.12608,3.75719],[108.12566,3.75528],[108.11455,3.75267],[108.11681,3.76259]]],[[[108.1037,3.63675],[108.12515,3.62295],[108.12124,3.60687],[108.10316,3.60146],[108.10386,3.5858],[108.08798,3.59787],[108.06946,3.58292],[108.07525,3.61078],[108.1037,3.63675]]],[[[108.11684,3.76976],[108.11092,3.76702],[108.11284,3.77258],[108.11684,3.76976]]],[[[108.11518,4.15416],[108.11608,4.15249],[108.11337,4.152],[108.11518,4.15416]]],[[[108.08102,3.57385],[108.0949,3.57563],[108.09594,3.57279],[108.08102,3.57385]]],[[[108.08856,4.10289],[108.08748,4.10242],[108.08833,4.10351],[108.08856,4.10289]]],[[[108.08647,3.69318],[108.08524,3.68232],[108.07726,3.68111],[108.07293,3.68999],[108.08647,3.69318]]],[[[108.04493,3.6642],[108.07478,3.66436],[108.08205,3.63401],[108.05094,3.6305],[108.04493,3.6642]]],[[[108.06352,3.75239],[108.06175,3.74473],[108.05792,3.7446],[108.06352,3.75239]]],[[[108.05648,3.59199],[108.05365,3.59225],[108.05579,3.59371],[108.05648,3.59199]]],[[[108.03264,3.57375],[108.05024,3.58326],[108.04316,3.55669],[108.03264,3.57375]]],[[[108.04305,3.85191],[108.04527,3.84959],[108.04366,3.84946],[108.04305,3.85191]]],[[[108.04234,3.61745],[108.04442,3.61768],[108.04464,3.61593],[108.04234,3.61745]]],[[[108.04138,3.60583],[108.03832,3.60575],[108.04438,3.61343],[108.04138,3.60583]]],[[[108.00218,3.81806],[108.0283,3.80751],[108.03978,3.76661],[108.01255,3.77961],[108.01563,3.80376],[107.99175,3.81022],[108.00218,3.81806]]],[[[108.03741,3.697],[108.03654,3.69656],[108.03656,3.6974],[108.03741,3.697]]],[[[108.03582,3.86431],[108.03732,3.86197],[108.03537,3.86238],[108.03582,3.86431]]],[[[108.03462,3.86463],[108.03399,3.86419],[108.03411,3.86472],[108.03462,3.86463]]],[[[108.02928,3.86835],[108.02802,3.86807],[108.02862,3.86879],[108.02928,3.86835]]],[[[108.0219,4.79401],[108.00996,4.77927],[108.00762,4.7811],[108.01071,4.7939],[108.0219,4.79401]]],[[[108.01682,4.07735],[108.0203,4.07543],[108.01495,4.07533],[108.01682,4.07735]]],[[[108.01615,4.07824],[108.01485,4.07664],[108.01454,4.07668],[108.01615,4.07824]]],[[[108.00737,4.77457],[107.97702,4.68055],[107.96482,4.66863],[107.92854,4.68038],[107.92758,4.69371],[107.95831,4.70779],[107.99216,4.76944],[108.00737,4.77457]]],[[[108.00482,3.86367],[108.00259,3.86298],[108.00052,3.86474],[108.00482,3.86367]]],[[[107.99468,4.10352],[107.99325,4.10398],[107.99493,4.10476],[107.99468,4.10352]]],[[[107.99367,3.80667],[107.99265,3.80626],[107.99294,3.80696],[107.99367,3.80667]]],[[[107.99139,3.93128],[107.99324,3.93069],[107.99111,3.9302],[107.99139,3.93128]]],[[[107.97656,3.95965],[107.97838,3.96214],[107.98136,3.96231],[107.98205,3.95937],[107.97656,3.95965]]],[[[107.97948,3.96307],[107.9792,3.96289],[107.97916,3.96306],[107.97948,3.96307]]],[[[107.97598,3.96662],[107.97912,3.96473],[107.97468,3.96581],[107.97598,3.96662]]],[[[107.97804,3.95868],[107.97735,3.95863],[107.97788,3.95883],[107.97804,3.95868]]],[[[107.97596,3.96417],[107.9755,3.96413],[107.97561,3.96436],[107.97596,3.96417]]],[[[107.96255,3.93117],[107.95995,3.93092],[107.96019,3.93438],[107.96255,3.93117]]],[[[107.94576,3.941],[107.95718,3.93961],[107.95839,3.93751],[107.94576,3.941]]],[[[107.95068,4.01128],[107.95761,4.01162],[107.95815,4.00882],[107.95068,4.01128]]],[[[107.95072,4.01416],[107.94944,4.01347],[107.94971,4.01451],[107.95072,4.01416]]],[[[107.92828,3.87424],[107.92645,3.87487],[107.92585,3.87688],[107.92828,3.87424]]],[[[107.89817,3.91336],[107.92086,3.90081],[107.91347,3.88259],[107.89479,3.89255],[107.89817,3.91336]]],[[[107.91055,4.03649],[107.91625,4.03632],[107.91442,4.03277],[107.91055,4.03649]]],[[[107.89629,4.03681],[107.9031,4.0293],[107.90136,4.02742],[107.89629,4.03681]]],[[[107.86117,4.15841],[107.86249,4.12603],[107.84382,4.11203],[107.84602,4.13886],[107.86117,4.15841]]],[[[107.78684,3.02046],[107.80434,3.01177],[107.81394,2.98041],[107.75759,2.97187],[107.74806,3.00642],[107.78684,3.02046]]],[[[107.72347,4.52005],[107.73158,4.51156],[107.72399,4.51346],[107.72347,4.52005]]]],"type":"MultiPolygon"},"properties":{"ADM1_EN":"Kepulauan Riau","ADM2_EN":"Natuna","latitude":3.78591517,"longitude":108.2647987},"type":"Feature"},{"geometry":{"coordinates":[[[[97.97668,1.03308],[97.9765,1.03271],[97.97632,1.03308],[97.97668,1.03308]]],[[[97.96631,1.02332],[97.96448,1.02252],[97.9649,1.02368],[97.96631,1.02332]]],[[[97.9563,1.02588],[97.95392,1.02332],[97.95209,1.02551],[97.9563,1.02588]]],[[[97.58319,1.26249],[97.56528,1.25817],[97.56032,1.22118],[97.57834,1.21508],[97.5813,1.19425],[97.61559,1.19992],[97.62628,1.17394],[97.60595,1.13009],[97.58619,1.12043],[97.59316,1.11011],[97.63025,1.11657],[97.64599,1.10011],[97.67741,1.11164],[97.68075,1.12184],[97.64358,1.12017],[97.69019,1.1785],[97.75043,1.16891],[97.76964,1.15113],[97.80523,1.1464],[97.86768,1.05511],[97.89911,1.05188],[97.94721,0.95805],[97.90196,0.88463],[97.85719,0.8846],[97.84886,0.93163],[97.80974,0.9198],[97.75133,0.95019],[97.69446,0.93277],[97.68494,1.00693],[97.64846,1.00095],[97.61279,1.03022],[97.62464,1.05164],[97.65086,1.06131],[97.63585,1.06819],[97.61247,1.05471],[97.61066,1.07957],[97.5704,1.09531],[97.57196,1.13058],[97.5159,1.15321],[97.49999,1.14159],[97.49096,1.15051],[97.48352,1.21423],[97.50134,1.23778],[97.49366,1.26059],[97.54116,1.28488],[97.58319,1.26249]],[[97.6321,1.09553],[97.64331,1.08062],[97.65527,1.08279],[97.6321,1.09553]]],[[[97.93048,1.08008],[97.92889,1.08032],[97.93011,1.08069],[97.93048,1.08008]]],[[[97.90588,1.07788],[97.90228,1.07391],[97.90088,1.0769],[97.90588,1.07788]]]],"type":"MultiPolygon"},"properties":{"ADM1_EN":"Sumatera Utara","ADM2_EN":"Nias","latitude":1.06593813,"longitude":97.72837293},"type":"Feature"},{"geometry":{"coordinates":[[[[97.50804,1.15405],[97.57196,1.13058],[97.5704,1.09531],[97.61066,1.07957],[97.61247,1.05471],[97.63585,1.06819],[97.65086,1.06131],[97.62464,1.05164],[97.61279,1.03022],[97.59012,1.03475],[97.59632,1.02063],[97.58074,1.00657],[97.53663,1.00849],[97.54888,0.96414],[97.54072,0.93832],[97.56706,0.92469],[97.54431,0.88665],[97.48392,0.93911],[97.4187,0.94989],[97.40613,0.93988],[97.39765,1.01496],[97.36945,1.07877],[97.44967,1.09655],[97.44628,1.11924],[97.47754,1.08739],[97.48888,1.0928],[97.4702,1.13895],[97.48901,1.15332],[97.49999,1.14159],[97.50804,1.15405]]],[[[97.43268,0.9187],[97.42853,0.9187],[97.43091,0.92169],[97.43268,0.9187]]],[[[97.42731,0.93707],[97.42987,0.9303],[97.42529,0.9303],[97.42731,0.93707]]],[[[97.37567,0.83929],[97.38391,0.84009],[97.38232,0.83472],[97.37567,0.83929]]],[[[97.37128,0.86291],[97.38129,0.84711],[97.36371,0.85211],[97.37128,0.86291]]],[[[97.37152,0.8819],[97.37189,0.87811],[97.36987,0.88068],[97.37152,0.8819]]],[[[97.34625,0.84305],[97.36181,0.82113],[97.35917,0.81107],[97.33215,0.82844],[97.34625,0.84305]]],[[[97.35529,0.87469],[97.35291,0.87073],[97.3493,0.87433],[97.35529,0.87469]]],[[[97.33534,0.87027],[97.35479,0.86724],[97.33019,0.85894],[97.33534,0.87027]]],[[[97.3103,0.85809],[97.3304,0.84588],[97.30969,0.85052],[97.3103,0.85809]]],[[[97.28192,0.86969],[97.29187,0.86768],[97.2901,0.86328],[97.28192,0.86969]]],[[[97.27368,0.91528],[97.28448,0.9007],[97.28387,0.8963],[97.26593,0.9079],[97.27368,0.91528]]]],"type":"MultiPolygon"},"properties":{"ADM1_EN":"Sumatera Utara","ADM2_EN":"Nias Barat","latitude":1.02536658,"longitude":97.48965258},"type":"Feature"},{"geometry":{"coordinates":[[[[98.92886,0.05463],[98.92847,0.04803],[98.9278,0.05443],[98.92886,0.05463]]],[[[98.89813,0.08847],[98.89398,0.0909],[98.89678,0.09187],[98.89813,0.08847]]],[[[98.85706,0.11725],[98.85813,0.11426],[98.85623,0.11725],[98.85706,0.11725]]],[[[98.61275,0.18128],[98.68063,0.16847],[98.70881,0.17829],[98.72272,0.15722],[98.79786,0.17147],[98.85354,0.11801],[98.85402,0.08067],[98.78318,0.0963],[98.74899,0.07105],[98.67337,0.081],[98.65555,0.07296],[98.53678,0.10145],[98.52644,0.14346],[98.56627,0.1735],[98.61275,0.18128]]],[[[98.78799,0.17506],[98.78656,0.17243],[98.78739,0.17506],[98.78799,0.17506]]],[[[98.639,0.06862],[98.62928,0.06877],[98.6395,0.0732],[98.639,0.06862]]],[[[98.57638,-0.32565],[98.5778,-0.33506],[98.57067,-0.33395],[98.57638,-0.32565]]],[[[98.38604,0.00637],[98.39591,-0.01433],[98.41528,0.00207],[98.41873,-0.03726],[98.47033,-0.09259],[98.46855,-0.10779],[98.48768,-0.13592],[98.47507,-0.14753],[98.49591,-0.18903],[98.49329,-0.20959],[98.51971,-0.2218],[98.51111,-0.22778],[98.54665,-0.24567],[98.57325,-0.27983],[98.56849,-0.32974],[98.5415,-0.34815],[98.55387,-0.39203],[98.49633,-0.27841],[98.36809,-0.1078],[98.3811,-0.1047],[98.36226,-0.0587],[98.34217,-0.03288],[98.29412,-0.02063],[98.34567,0.00407],[98.38604,0.00637]]],[[[98.52704,-0.03131],[98.54641,-0.06243],[98.54594,-0.07129],[98.52573,-0.05573],[98.52704,-0.03131]]],[[[98.53699,-0.39426],[98.53271,-0.39498],[98.53354,-0.39151],[98.53699,-0.39426]]],[[[98.53229,-0.22339],[98.53247,-0.23059],[98.52991,-0.22321],[98.53229,-0.22339]]],[[[98.52703,-0.14214],[98.518,-0.14274],[98.51467,-0.13604],[98.52703,-0.14214]]],[[[98.52497,-0.4967],[98.51665,-0.49909],[98.52295,-0.49287],[98.52497,-0.4967]]],[[[98.41335,-0.24284],[98.44604,-0.24631],[98.4464,-0.25684],[98.49063,-0.30138],[98.492,-0.31409],[98.50132,-0.33693],[98.52439,-0.372],[98.51037,-0.37124],[98.52224,-0.38036],[98.51558,-0.39616],[98.50382,-0.38804],[98.50001,-0.39725],[98.51439,-0.41423],[98.50571,-0.49394],[98.48122,-0.5156],[98.50594,-0.55546],[98.49132,-0.57245],[98.48633,-0.55151],[98.46671,-0.57425],[98.47432,-0.53248],[98.42547,-0.54293],[98.41762,-0.59798],[98.39491,-0.56351],[98.28644,-0.52264],[98.32026,-0.50761],[98.32834,-0.52246],[98.34927,-0.51399],[98.35489,-0.4706],[98.37609,-0.45794],[98.37242,-0.38154],[98.38387,-0.34256],[98.40859,-0.31357],[98.42359,-0.31683],[98.44081,-0.30077],[98.41335,-0.24284]]],[[[98.50178,-0.59472],[98.52092,-0.62021],[98.51783,-0.63876],[98.48953,-0.61925],[98.50178,-0.59472]]],[[[98.5182,-0.47539],[98.51879,-0.47934],[98.51784,-0.47934],[98.5182,-0.47539]]],[[[98.51689,-0.45457],[98.51546,-0.45744],[98.51427,-0.45576],[98.51689,-0.45457]]],[[[98.51408,-0.10875],[98.51467,-0.11557],[98.51099,-0.10935],[98.51408,-0.10875]]],[[[98.5144,-0.33693],[98.50977,-0.33956],[98.50929,-0.33406],[98.5144,-0.33693]]],[[[98.50167,-0.53404],[98.50523,-0.53104],[98.50535,-0.53296],[98.50167,-0.53404]]],[[[98.49969,-0.03335],[98.49969,-0.07069],[98.49197,-0.0282],[98.49969,-0.03335]]],[[[98.48757,-0.09846],[98.49815,-0.11449],[98.49327,-0.11509],[98.48852,-0.10959],[98.48757,-0.09846]]],[[[98.49551,-0.31097],[98.49694,-0.31492],[98.49384,-0.31373],[98.49551,-0.31097]]],[[[98.49158,-0.28581],[98.49134,-0.29],[98.48611,-0.28342],[98.49158,-0.28581]]],[[[98.48448,-0.12227],[98.47936,-0.12048],[98.47853,-0.11473],[98.47068,-0.10875],[98.47211,-0.09989],[98.48448,-0.12227]]],[[[98.46769,-0.27591],[98.46971,-0.27782],[98.46757,-0.2777],[98.46769,-0.27591]]],[[[98.46033,0.03442],[98.457,0.03059],[98.45652,0.03921],[98.46033,0.03442]]],[[[98.45214,-0.01982],[98.45083,-0.02234],[98.44988,-0.01851],[98.45214,-0.01982]]],[[[98.41211,-0.17102],[98.40869,-0.17011],[98.4129,-0.16949],[98.41211,-0.17102]]],[[[98.41133,-0.30843],[98.40705,-0.30998],[98.40752,-0.30699],[98.41133,-0.30843]]],[[[98.40848,-0.23231],[98.40372,-0.2353],[98.39814,-0.23147],[98.40848,-0.23231]]],[[[98.38993,-0.27587],[98.38137,-0.26941],[98.38292,-0.26007],[98.38934,-0.26378],[98.38993,-0.27587]]],[[[98.38768,-0.21188],[98.38423,-0.21603],[98.38316,-0.21483],[98.38768,-0.21188]]],[[[98.37146,-0.19769],[98.37412,-0.19689],[98.37306,-0.19836],[98.37146,-0.19769]]],[[[98.35785,-0.07336],[98.36189,-0.07707],[98.35797,-0.07611],[98.35785,-0.07336]]],[[[98.36096,-0.09313],[98.35985,-0.09499],[98.35911,-0.093],[98.36096,-0.09313]]],[[[98.31257,-0.04643],[98.33229,-0.06007],[98.33114,-0.07324],[98.34358,-0.06701],[98.34123,-0.07475],[98.34632,-0.07216],[98.34537,-0.08101],[98.35725,-0.08939],[98.3481,-0.09729],[98.29553,-0.07091],[98.29699,-0.0588],[98.31375,-0.06785],[98.32148,-0.06321],[98.31257,-0.04643]]],[[[98.34858,-0.07946],[98.34798,-0.08125],[98.34763,-0.08006],[98.34858,-0.07946]]],[[[98.33458,-0.09478],[98.33562,-0.12661],[98.34727,-0.14265],[98.32028,-0.1253],[98.32236,-0.11324],[98.31831,-0.10322],[98.33458,-0.09478]]],[[[98.30423,-0.11187],[98.31621,-0.09708],[98.31659,-0.10492],[98.32158,-0.11306],[98.32013,-0.1155],[98.30423,-0.11187]]],[[[98.3034,-0.09454],[98.31089,-0.08975],[98.3122,-0.09358],[98.3034,-0.09454]]],[[[98.29994,0.05318],[98.29596,0.04848],[98.29279,0.05097],[98.29994,0.05318]]],[[[98.26989,-0.03325],[98.29077,-0.07996],[98.28297,-0.09394],[98.26314,-0.058],[98.26989,-0.03325]]],[[[98.28031,-0.10182],[98.28931,-0.10144],[98.28537,-0.10976],[98.28031,-0.10182]]],[[[98.26453,-0.09884],[98.25898,-0.09486],[98.26342,-0.09164],[98.26453,-0.09884]]],[[[98.24908,-0.00079],[98.25417,0.01235],[98.26393,0.01457],[98.26379,0.00806],[98.24908,-0.00079]]],[[[98.26037,-0.0375],[98.25455,-0.03937],[98.2572,-0.03537],[98.26037,-0.0375]]],[[[98.25846,-0.02552],[98.25491,-0.02772],[98.25542,-0.0245],[98.25846,-0.02552]]],[[[98.2399,0.05878],[98.22932,0.05543],[98.22778,0.06381],[98.2399,0.05878]]],[[[98.23465,0.00723],[98.22475,-0.00661],[98.21719,-0.00757],[98.22145,0.00682],[98.23465,0.00723]]],[[[98.22875,-0.10403],[98.22267,-0.11014],[98.22132,-0.10097],[98.22875,-0.10403]]],[[[98.21856,0.02273],[98.21169,0.02121],[98.21128,0.02384],[98.21856,0.02273]]],[[[98.21636,0.0536],[98.21155,0.05014],[98.21348,0.05581],[98.21636,0.0536]]],[[[98.18958,-0.14294],[98.18233,-0.11796],[98.19904,-0.10691],[98.20697,-0.12595],[98.18958,-0.14294]]],[[[97.59012,1.03475],[97.66108,0.99747],[97.68494,1.00693],[97.69446,0.93277],[97.75133,0.95019],[97.80974,0.9198],[97.84886,0.93163],[97.85719,0.8846],[97.90308,0.88312],[97.89485,0.82647],[97.91191,0.7986],[97.88698,0.74275],[97.90064,0.62617],[97.85268,0.58834],[97.83669,0.55844],[97.81972,0.56774],[97.82714,0.54433],[97.80379,0.55958],[97.79592,0.55053],[97.79338,0.5617],[97.78093,0.55306],[97.78058,0.56778],[97.78892,0.56448],[97.78056,0.58009],[97.76687,0.55756],[97.74405,0.55371],[97.74216,0.58003],[97.71048,0.56126],[97.68375,0.58487],[97.69562,0.61724],[97.66133,0.67723],[97.66615,0.70076],[97.65219,0.71408],[97.65475,0.74383],[97.63546,0.76087],[97.63175,0.80022],[97.60599,0.81381],[97.60243,0.83881],[97.54479,0.88715],[97.56706,0.92469],[97.54072,0.93832],[97.54888,0.96414],[97.53663,1.00849],[97.58074,1.00657],[97.59632,1.02063],[97.59012,1.03475]]],[[[97.88981,-0.06208],[97.89935,-0.09414],[97.88854,-0.10623],[97.83659,-0.06709],[97.88981,-0.06208]]]],"type":"MultiPolygon"},"properties":{"ADM1_EN":"Sumatera Utara","ADM2_EN":"Nias Selatan","latitude":0.32042574,"longitude":98.10360627},"type":"Feature"},{"geometry":{"coordinates":[[[[97.35094,1.5414],[97.39516,1.49942],[97.41065,1.50336],[97.41341,1.52247],[97.42227,1.51784],[97.44168,1.47247],[97.48344,1.47889],[97.52125,1.42345],[97.48638,1.38674],[97.47071,1.34666],[97.51022,1.27448],[97.49366,1.26059],[97.50134,1.23778],[97.48352,1.21423],[97.49011,1.15605],[97.46984,1.13692],[97.48888,1.0928],[97.47754,1.08739],[97.44628,1.11924],[97.44967,1.09655],[97.36945,1.07877],[97.32009,1.15886],[97.29582,1.16823],[97.28542,1.2044],[97.25743,1.21631],[97.26333,1.23859],[97.24956,1.2586],[97.23212,1.25568],[97.21753,1.27393],[97.20691,1.26752],[97.21099,1.28003],[97.15143,1.36567],[97.10052,1.40613],[97.08252,1.40729],[97.07373,1.38989],[97.05988,1.40851],[97.1355,1.43188],[97.17356,1.40745],[97.17121,1.39543],[97.18883,1.41795],[97.20714,1.40109],[97.27551,1.41852],[97.29039,1.44898],[97.34513,1.4808],[97.35152,1.50344],[97.33465,1.5241],[97.35094,1.5414]]],[[[97.25873,1.46552],[97.2345,1.45093],[97.23151,1.45288],[97.23688,1.46228],[97.25873,1.46552]]],[[[97.2547,1.45508],[97.25452,1.45428],[97.25372,1.45508],[97.2547,1.45508]]],[[[97.24432,1.42969],[97.24268,1.42749],[97.24249,1.42969],[97.24432,1.42969]]],[[[97.23169,1.44189],[97.22931,1.43988],[97.22888,1.44153],[97.23169,1.44189]]],[[[97.22852,1.41913],[97.22491,1.41748],[97.22748,1.41992],[97.22852,1.41913]]],[[[97.22528,1.41412],[97.2251,1.41388],[97.22528,1.41431],[97.22528,1.41412]]],[[[97.22247,1.41333],[97.22351,1.41431],[97.22351,1.41388],[97.22247,1.41333]]],[[[97.2157,1.42047],[97.22211,1.42389],[97.22211,1.4209],[97.2157,1.42047]]],[[[97.11169,1.35889],[97.10632,1.35248],[97.10107,1.35352],[97.10132,1.35968],[97.11169,1.35889]]],[[[97.0965,1.21527],[97.10431,1.19647],[97.0993,1.19128],[97.09351,1.19928],[97.0965,1.21527]]],[[[97.08228,1.23108],[97.08612,1.20929],[97.08228,1.20868],[97.08228,1.23108]]]],"type":"MultiPolygon"},"properties":{"ADM1_EN":"Sumatera Utara","ADM2_EN":"Nias Utara","latitude":1.31278214,"longitude":97.35547737},"type":"Feature"},{"geometry":{"coordinates":[[[104.77426,-3.0324],[104.79939,-3.05477],[104.78991,-3.07652],[104.80978,-3.08241],[104.79306,-3.13105],[104.81826,-3.1441],[104.79606,-3.18072],[104.81615,-3.21708],[104.8043,-3.22594],[104.79819,-3.29883],[104.81562,-3.31233],[104.80462,-3.42832],[104.81407,-3.45772],[104.77437,-3.46086],[104.73911,-3.48654],[104.70862,-3.46527],[104.67882,-3.49331],[104.66957,-3.54163],[104.65091,-3.56725],[104.64361,-3.65364],[104.55903,-3.80692],[104.46483,-3.76117],[104.4641,-3.77552],[104.4104,-3.78475],[104.38519,-3.77287],[104.37441,-3.7637],[104.38374,-3.75686],[104.37529,-3.71966],[104.44202,-3.68314],[104.47695,-3.61033],[104.43734,-3.55638],[104.42242,-3.55688],[104.40709,-3.58335],[104.36688,-3.59736],[104.36611,-3.60843],[104.31555,-3.61932],[104.30385,-3.60373],[104.31229,-3.54122],[104.30095,-3.4976],[104.4055,-3.50742],[104.44587,-3.4953],[104.4475,-3.42513],[104.46408,-3.42288],[104.46988,-3.40533],[104.50745,-3.37954],[104.51324,-3.38822],[104.53624,-3.3537],[104.53095,-3.29146],[104.57151,-3.23953],[104.56336,-3.21523],[104.51072,-3.20063],[104.47883,-3.11587],[104.51284,-3.08946],[104.57795,-3.09357],[104.61821,-3.11137],[104.69045,-3.05602],[104.71791,-3.06962],[104.7194,-3.09452],[104.75074,-3.03942],[104.77426,-3.0324]]],"type":"Polygon"},"properties":{"ADM1_EN":"Sumatera Selatan","ADM2_EN":"Ogan Ilir","latitude":-3.40997805,"longitude":104.6009031},"type":"Feature"},{"geometry":{"coordinates":[[[[106.16452,-3.29644],[106.17846,-3.30182],[106.1888,-3.31672],[106.17159,-3.30865],[106.16452,-3.29644]]],[[[105.63329,-2.41758],[105.60343,-2.53857],[105.6087,-2.59411],[105.62768,-2.63226],[105.68893,-2.68208],[105.78263,-2.68131],[105.79675,-2.69221],[105.80661,-2.76416],[105.79819,-2.8769],[105.83178,-2.92914],[105.90172,-2.9736],[105.97892,-2.95317],[105.98876,-2.97091],[106.05132,-2.98709],[106.07063,-3.06511],[106.06013,-3.1188],[106.0981,-3.22822],[106.08761,-3.25606],[105.98732,-3.31146],[105.93307,-3.36077],[105.93242,-3.37819],[105.89079,-3.42456],[105.83364,-3.56764],[105.81991,-3.63902],[105.82959,-3.7118],[105.85032,-3.74931],[105.86507,-3.73781],[105.90689,-3.76126],[105.96045,-3.82309],[105.93752,-3.89773],[105.87218,-4.01213],[105.84764,-4.16531],[105.83616,-4.17011],[105.80827,-4.12347],[105.77674,-4.11252],[105.75012,-4.14877],[105.72942,-4.13454],[105.70819,-4.14315],[105.69742,-4.12791],[105.71103,-4.10835],[105.68714,-4.10129],[105.68423,-4.07947],[105.66312,-4.09553],[105.65097,-4.08623],[105.66051,-4.04821],[105.62544,-4.04348],[105.62044,-4.0598],[105.60676,-4.05832],[105.63071,-4.00582],[105.59012,-3.95375],[105.60994,-3.93836],[105.59968,-3.92686],[105.58692,-3.93918],[105.56297,-3.92888],[105.57355,-3.90127],[105.54831,-3.88176],[105.53325,-3.8978],[105.52307,-3.8926],[105.51233,-3.87255],[105.52327,-3.83983],[105.4924,-3.84086],[105.4802,-3.82187],[105.43235,-3.82639],[105.43273,-3.78376],[105.39023,-3.77949],[105.35732,-3.7964],[105.35118,-3.75013],[105.33323,-3.72382],[105.31875,-3.73193],[105.30453,-3.79162],[105.28371,-3.79813],[105.29246,-3.84596],[105.27551,-3.87881],[105.24374,-3.90624],[105.22976,-3.88952],[105.20532,-3.89056],[105.1793,-3.90488],[105.16496,-3.93762],[105.13936,-3.93422],[105.14223,-3.97262],[105.10569,-4.01809],[105.11992,-4.04831],[105.09518,-4.04654],[105.04996,-4.14127],[105.02864,-4.14403],[105.01309,-4.17373],[104.96731,-4.17178],[104.94588,-4.19218],[104.87628,-4.21768],[104.87442,-4.23398],[104.81988,-4.24086],[104.79062,-4.26439],[104.75576,-4.2458],[104.74774,-4.22307],[104.78775,-4.17074],[104.79406,-4.12541],[104.83411,-4.09945],[104.83288,-4.06149],[104.87535,-4.0213],[104.91281,-4.0063],[104.93045,-3.95002],[104.90003,-3.94211],[104.86913,-3.96242],[104.85163,-3.94027],[104.87342,-3.90987],[104.85481,-3.88851],[104.8739,-3.86163],[104.87811,-3.81091],[104.85753,-3.77636],[104.77277,-3.72503],[104.774,-3.68608],[104.70462,-3.6493],[104.64263,-3.65506],[104.64182,-3.62478],[104.67882,-3.49331],[104.70862,-3.46527],[104.73911,-3.48654],[104.77437,-3.46086],[104.81407,-3.45772],[104.80462,-3.42832],[104.81562,-3.31233],[104.79819,-3.29883],[104.8043,-3.22594],[104.81615,-3.21708],[104.79606,-3.18072],[104.81826,-3.1441],[104.79306,-3.13105],[104.80978,-3.08241],[104.78991,-3.07652],[104.79416,-3.06297],[104.8282,-3.06865],[104.8546,-3.10138],[104.8793,-3.09913],[104.8887,-3.12215],[104.9079,-3.13014],[104.89849,-3.15572],[104.93017,-3.16976],[104.96025,-3.16941],[104.97992,-3.1468],[105.00163,-3.14513],[104.99955,-3.13163],[105.03126,-3.10472],[105.04141,-3.01283],[105.01958,-3.00734],[105.03548,-2.98207],[105.00977,-2.97114],[105.09597,-2.93175],[105.09375,-2.91507],[105.0671,-2.90332],[105.0906,-2.84173],[105.075,-2.77156],[105.0906,-2.7458],[105.0878,-2.72146],[105.09652,-2.71147],[105.1769,-2.73299],[105.20795,-2.72977],[105.2159,-2.68541],[105.1964,-2.65506],[105.1746,-2.64548],[105.20954,-2.62542],[105.20367,-2.58325],[105.22836,-2.58707],[105.2856,-2.51014],[105.3132,-2.49827],[105.3108,-2.48437],[105.33643,-2.44792],[105.3737,-2.444],[105.4002,-2.45644],[105.42849,-2.44738],[105.4717,-2.4626],[105.53273,-2.41778],[105.58168,-2.41491],[105.61689,-2.38841],[105.63329,-2.41758]]],[[[104.64177,-3.65551],[104.64045,-3.6562],[104.64067,-3.65583],[104.64177,-3.65551]]]],"type":"MultiPolygon"},"properties":{"ADM1_EN":"Sumatera Selatan","ADM2_EN":"Ogan Komering Ilir","latitude":-3.3431731,"longitude":105.3906809},"type":"Feature"},{"geometry":{"coordinates":[[[104.30247,-3.77151],[104.37847,-3.76309],[104.4104,-3.78475],[104.4641,-3.77552],[104.46483,-3.76117],[104.49639,-3.77034],[104.49953,-3.78657],[104.5516,-3.80098],[104.55783,-3.82494],[104.50986,-3.86923],[104.50517,-3.93539],[104.45425,-3.95372],[104.43002,-3.97911],[104.40459,-3.98208],[104.39875,-4.00502],[104.35164,-4.01365],[104.33908,-4.05469],[104.30823,-4.07652],[104.33564,-4.17855],[104.32686,-4.19659],[104.29425,-4.2047],[104.28035,-4.24029],[104.24128,-4.24625],[104.22536,-4.2356],[104.23267,-4.27401],[104.21923,-4.35275],[104.15871,-4.4028],[104.0451,-4.45845],[104.01374,-4.44559],[103.97136,-4.46596],[103.90342,-4.38321],[103.85105,-4.37682],[103.84189,-4.27761],[103.7991,-4.21005],[103.7443,-4.2412],[103.69899,-4.28531],[103.63697,-4.28746],[103.62157,-4.30593],[103.6219,-4.21398],[103.70596,-4.18326],[103.70487,-4.08528],[103.75005,-4.08269],[103.79247,-4.03892],[103.84889,-4.00697],[103.89171,-3.96282],[103.89298,-3.92478],[103.96561,-3.88855],[103.99473,-3.91973],[104.12291,-3.89559],[104.20824,-3.84606],[104.23892,-3.78302],[104.28812,-3.75507],[104.30247,-3.77151]]],"type":"Polygon"},"properties":{"ADM1_EN":"Sumatera Selatan","ADM2_EN":"Ogan Komering Ulu","latitude":-4.10066996,"longitude":104.0938296},"type":"Feature"},{"geometry":{"coordinates":[[[103.84722,-4.30053],[103.85105,-4.37682],[103.90342,-4.38321],[103.97136,-4.46596],[104.01374,-4.44559],[104.0451,-4.45845],[104.15871,-4.4028],[104.15478,-4.41172],[104.20591,-4.4419],[104.22988,-4.49885],[104.26214,-4.5136],[104.2547,-4.52007],[104.27944,-4.55197],[104.32599,-4.55769],[104.33429,-4.60545],[104.29515,-4.64628],[104.28726,-4.68334],[104.29304,-4.70476],[104.31579,-4.69205],[104.29482,-4.7126],[104.3287,-4.81221],[104.34822,-4.82362],[104.37169,-4.81791],[104.33345,-4.87221],[104.3093,-4.8833],[104.28662,-4.85569],[104.26951,-4.87685],[104.24307,-4.88162],[104.21726,-4.85898],[104.19443,-4.86203],[104.18657,-4.89161],[104.15212,-4.9253],[104.08854,-4.9166],[104.05761,-4.89001],[104.0473,-4.90086],[103.95981,-4.91086],[103.93563,-4.8839],[103.97805,-4.86787],[103.99475,-4.88223],[104.01579,-4.86486],[103.97687,-4.82462],[103.94071,-4.81247],[103.91274,-4.81684],[103.87495,-4.88405],[103.86375,-4.84415],[103.82369,-4.82081],[103.82514,-4.80066],[103.779,-4.79499],[103.74544,-4.74119],[103.70285,-4.72507],[103.67289,-4.73194],[103.70455,-4.69841],[103.69992,-4.67203],[103.68586,-4.63366],[103.66183,-4.60979],[103.64073,-4.59485],[103.5966,-4.59504],[103.63014,-4.55625],[103.61843,-4.53296],[103.57059,-4.5248],[103.53019,-4.56879],[103.48478,-4.57907],[103.43699,-4.53129],[103.39774,-4.5168],[103.42354,-4.45796],[103.42859,-4.40525],[103.46806,-4.35308],[103.5197,-4.37679],[103.54763,-4.37101],[103.5534,-4.35657],[103.59842,-4.36258],[103.63697,-4.28746],[103.69899,-4.28531],[103.7443,-4.2412],[103.7991,-4.21005],[103.84722,-4.30053]]],"type":"Polygon"},"properties":{"ADM1_EN":"Sumatera Selatan","ADM2_EN":"Ogan Komering Ulu Selatan","latitude":-4.59024708,"longitude":103.9152406},"type":"Feature"},{"geometry":{"coordinates":[[[104.72851,-3.6567],[104.74007,-3.6749],[104.774,-3.68608],[104.77277,-3.72503],[104.85753,-3.77636],[104.87393,-3.79946],[104.87518,-3.85601],[104.85481,-3.88851],[104.87342,-3.90987],[104.85163,-3.94027],[104.86913,-3.96242],[104.89244,-3.9437],[104.92754,-3.94625],[104.91372,-4.00516],[104.87535,-4.0213],[104.83288,-4.06149],[104.83411,-4.09945],[104.79406,-4.12541],[104.78775,-4.17074],[104.74774,-4.22307],[104.75584,-4.24961],[104.71687,-4.26349],[104.66256,-4.26143],[104.64933,-4.24612],[104.62307,-4.24241],[104.63043,-4.22318],[104.62102,-4.21288],[104.59107,-4.24317],[104.53663,-4.25996],[104.49161,-4.29802],[104.48349,-4.29138],[104.47212,-4.31119],[104.44692,-4.29988],[104.41201,-4.33702],[104.3843,-4.34737],[104.37881,-4.37379],[104.33581,-4.42348],[104.33335,-4.50027],[104.31351,-4.5226],[104.32562,-4.56062],[104.28154,-4.55377],[104.25881,-4.52888],[104.26214,-4.5136],[104.22988,-4.49885],[104.20591,-4.4419],[104.15243,-4.408],[104.21923,-4.35275],[104.23267,-4.27401],[104.22489,-4.23649],[104.24128,-4.24625],[104.28035,-4.24029],[104.29425,-4.2047],[104.32686,-4.19659],[104.33564,-4.17855],[104.30823,-4.07652],[104.33908,-4.05469],[104.35665,-4.00907],[104.39875,-4.00502],[104.40459,-3.98208],[104.43002,-3.97911],[104.45425,-3.95372],[104.50517,-3.93539],[104.50986,-3.86923],[104.55783,-3.82494],[104.55568,-3.80524],[104.5887,-3.76762],[104.63695,-3.6593],[104.7014,-3.6493],[104.72851,-3.6567]]],"type":"Polygon"},"properties":{"ADM1_EN":"Sumatera Selatan","ADM2_EN":"Ogan Komering Ulu Timur","latitude":-4.06887277,"longitude":104.5679224},"type":"Feature"},{"geometry":{"coordinates":[[[99.89922,1.54638],[99.91949,1.52551],[99.95433,1.36757],[99.9929,1.38199],[100.02536,1.35692],[100.0294,1.3261],[100.07445,1.27611],[100.11999,1.25515],[100.12149,1.19692],[100.13543,1.16827],[100.18391,1.12454],[100.13466,1.11208],[100.12091,1.07366],[100.12926,1.0551],[100.14021,1.06075],[100.14024,1.02938],[100.16658,0.99841],[100.13955,0.98415],[100.14786,0.96584],[100.12841,0.93681],[100.14277,0.88358],[100.13786,0.84419],[100.12388,0.8469],[100.12002,0.82628],[100.17862,0.76438],[99.96751,0.85072],[99.95169,0.87933],[99.87256,0.90722],[99.83087,0.8805],[99.84017,0.81744],[99.80002,0.85729],[99.74456,0.86506],[99.73414,0.89242],[99.68965,0.93306],[99.64045,0.91997],[99.58642,0.96981],[99.59732,1.00642],[99.57313,1.03326],[99.56809,1.06556],[99.54669,1.07087],[99.54387,1.0913],[99.5097,1.13319],[99.43085,1.18665],[99.42117,1.23059],[99.46124,1.2396],[99.47521,1.26171],[99.56242,1.2794],[99.57851,1.30452],[99.62612,1.31503],[99.67737,1.37032],[99.70284,1.37843],[99.71626,1.41493],[99.74362,1.41965],[99.83756,1.49764],[99.84945,1.52477],[99.89922,1.54638]]],"type":"Polygon"},"properties":{"ADM1_EN":"Sumatera Utara","ADM2_EN":"Padang Lawas","latitude":1.1404036,"longitude":99.84412085},"type":"Feature"},{"geometry":{"coordinates":[[[99.61633,2.04021],[99.65489,2.02914],[99.6835,2.03646],[99.69063,1.96964],[99.67746,1.93731],[99.70474,1.92989],[99.71398,1.9631],[99.73856,1.97698],[99.74684,2.0037],[99.79137,2.02471],[99.8465,2.01667],[99.82835,1.99363],[99.84183,1.97923],[99.83468,1.91479],[99.80861,1.90362],[99.83936,1.79941],[99.78051,1.80854],[99.74554,1.82984],[99.70613,1.81894],[99.69521,1.8055],[99.70219,1.76284],[99.73347,1.72412],[99.81664,1.67297],[99.84628,1.63697],[99.89944,1.71654],[99.91283,1.7156],[99.95451,1.62457],[100.00288,1.64001],[100.04901,1.7205],[100.0766,1.72173],[100.14531,1.63122],[100.16452,1.62231],[100.17296,1.5953],[100.31208,1.50945],[100.31678,1.47608],[100.28585,1.47886],[100.27941,1.46616],[100.34539,1.43631],[100.30753,1.417],[100.26568,1.42296],[100.20078,1.39877],[100.05103,1.39484],[100.03165,1.38156],[100.02536,1.35692],[99.9929,1.38199],[99.95433,1.36757],[99.91949,1.52551],[99.89746,1.5487],[99.84945,1.52477],[99.83756,1.49764],[99.74362,1.41965],[99.71626,1.41493],[99.70284,1.37843],[99.67737,1.37032],[99.62612,1.31503],[99.57851,1.30452],[99.56242,1.2794],[99.47521,1.26171],[99.46124,1.2396],[99.42117,1.23059],[99.41921,1.27843],[99.39083,1.31444],[99.34591,1.42933],[99.36647,1.43246],[99.39979,1.41362],[99.40357,1.48363],[99.4382,1.51806],[99.39062,1.57215],[99.42931,1.57463],[99.45416,1.59272],[99.43489,1.62516],[99.43943,1.66371],[99.46451,1.67218],[99.47745,1.70218],[99.51142,1.72626],[99.55064,1.71753],[99.57079,1.81052],[99.54808,1.86329],[99.57636,1.90967],[99.55524,1.92134],[99.54513,1.95118],[99.55808,1.97984],[99.55466,2.00916],[99.57235,2.02946],[99.60348,1.99925],[99.62411,1.99669],[99.61633,2.04021]],[[99.42666,1.47714],[99.41903,1.44634],[99.44177,1.43347],[99.43671,1.47546],[99.42666,1.47714]]],"type":"Polygon"},"properties":{"ADM1_EN":"Sumatera Utara","ADM2_EN":"Padang Lawas Utara","latitude":1.59325623,"longitude":99.75745193},"type":"Feature"},{"geometry":{"coordinates":[[[100.13108,-0.31629],[100.15777,-0.39022],[100.18836,-0.41439],[100.21686,-0.41493],[100.21559,-0.43199],[100.24647,-0.46758],[100.28529,-0.46183],[100.31569,-0.42918],[100.31874,-0.47389],[100.33174,-0.48864],[100.3929,-0.49109],[100.38263,-0.5256],[100.39652,-0.56367],[100.41286,-0.56617],[100.41797,-0.59937],[100.37563,-0.62192],[100.43105,-0.6377],[100.45789,-0.72528],[100.38067,-0.76059],[100.33739,-0.80109],[100.29135,-0.80611],[100.29091,-0.81714],[100.15422,-0.66829],[100.17277,-0.65207],[100.18219,-0.61541],[100.14666,-0.58837],[100.14955,-0.5707],[100.13115,-0.57142],[100.13391,-0.55171],[100.09047,-0.56824],[99.96181,-0.43418],[99.98592,-0.39544],[99.99987,-0.39813],[99.98526,-0.36869],[99.99329,-0.35975],[100.04826,-0.36351],[100.06274,-0.33338],[100.08393,-0.32476],[100.11588,-0.33095],[100.13108,-0.31629]]],"type":"Polygon"},"properties":{"ADM1_EN":"Sumatera Barat","ADM2_EN":"Padang Pariaman","latitude":-0.56234211,"longitude":100.2277024},"type":"Feature"},{"geometry":{"coordinates":[[[98.11691,2.78504],[98.24583,2.71047],[98.27159,2.72031],[98.32863,2.69691],[98.3564,2.66088],[98.41991,2.63798],[98.46554,2.56041],[98.4491,2.52588],[98.3997,2.52013],[98.41506,2.48033],[98.40357,2.46611],[98.36286,2.46581],[98.33816,2.42515],[98.28869,2.42126],[98.29326,2.33788],[98.24172,2.35928],[98.25283,2.27552],[98.18866,2.3232],[98.1474,2.42365],[98.08228,2.51401],[98.08458,2.60172],[98.1126,2.61338],[98.10383,2.68208],[98.07499,2.72625],[98.06956,2.76397],[98.11691,2.78504]]],"type":"Polygon"},"properties":{"ADM1_EN":"Sumatera Utara","ADM2_EN":"Pakpak Bharat","latitude":2.55417752,"longitude":98.24060471},"type":"Feature"},{"geometry":{"coordinates":[[[99.87437,0.90653],[99.95169,0.87933],[99.96751,0.85072],[100.13599,0.77554],[100.19329,0.76382],[100.20722,0.73785],[100.23987,0.73315],[100.24077,0.67935],[100.18675,0.62658],[100.1765,0.57387],[100.1841,0.56095],[100.23497,0.54569],[100.21659,0.51165],[100.24204,0.49076],[100.23763,0.4751],[100.25901,0.43231],[100.33328,0.35215],[100.30867,0.30021],[100.35132,0.17586],[100.32404,0.13669],[100.31582,0.08779],[100.33765,0.04276],[100.31234,0.00224],[100.26171,-0.01949],[100.25134,-0.06459],[100.23676,-0.06246],[100.1601,-0.10761],[100.10699,-0.07576],[100.03746,-0.0815],[100.03075,-0.05817],[100.04764,-0.03258],[99.96174,0.05077],[99.95893,0.0617],[99.99449,0.08903],[100.01207,0.13084],[100.01072,0.18748],[100.03084,0.23585],[100.01286,0.27495],[99.96803,0.27764],[99.91362,0.30403],[99.86681,0.29155],[99.82485,0.30765],[99.79515,0.29832],[99.78729,0.32057],[99.76836,0.30994],[99.75468,0.32004],[99.75367,0.33587],[99.77684,0.3586],[99.74367,0.3822],[99.75005,0.39728],[99.77435,0.40148],[99.77823,0.41869],[99.82541,0.41697],[99.82033,0.46052],[99.90423,0.47042],[99.96105,0.51358],[99.95016,0.52419],[99.96468,0.54584],[99.95977,0.56954],[99.90883,0.62675],[99.9252,0.63287],[99.91115,0.67986],[99.85305,0.68296],[99.83087,0.69622],[99.82529,0.73591],[99.84564,0.76224],[99.84683,0.7911],[99.83087,0.8805],[99.87437,0.90653]]],"type":"Polygon"},"properties":{"ADM1_EN":"Sumatera Barat","ADM2_EN":"Pasaman","latitude":0.3872921,"longitude":100.08276},"type":"Feature"},{"geometry":{"coordinates":[[[[99.51334,0.53766],[99.57477,0.5095],[99.6383,0.54696],[99.66113,0.52463],[99.67632,0.47598],[99.71769,0.45326],[99.74247,0.47779],[99.80418,0.4731],[99.83046,0.42793],[99.82174,0.41435],[99.77823,0.41869],[99.77435,0.40148],[99.75005,0.39728],[99.74367,0.3822],[99.77684,0.3586],[99.75367,0.33587],[99.75664,0.31716],[99.76836,0.30994],[99.78729,0.32057],[99.79515,0.29832],[99.83332,0.30683],[99.86307,0.29155],[99.91362,0.30403],[99.96803,0.27764],[100.01286,0.27495],[100.02712,0.25667],[100.01082,0.1269],[99.99449,0.08903],[99.9589,0.06155],[99.97584,0.03009],[100.04821,-0.0341],[100.03075,-0.05817],[100.03816,-0.08329],[100.01529,-0.09773],[100.00106,-0.14376],[99.96929,-0.13837],[99.9147,-0.16271],[99.83785,-0.16299],[99.80453,-0.17616],[99.76788,-0.17093],[99.74567,-0.14412],[99.75931,-0.11169],[99.7557,-0.04923],[99.65365,0.04177],[99.47787,0.13279],[99.39826,0.15118],[99.39242,0.18654],[99.37389,0.19086],[99.37749,0.20731],[99.35336,0.23192],[99.30398,0.23527],[99.26744,0.22241],[99.26263,0.20225],[99.24359,0.2168],[99.23698,0.20774],[99.20951,0.21582],[99.18814,0.25404],[99.16859,0.22633],[99.19977,0.28959],[99.24869,0.33251],[99.31738,0.33465],[99.40747,0.49095],[99.4373,0.49567],[99.51961,0.55208],[99.51334,0.53766]]],[[[99.36247,0.1255],[99.35962,0.12514],[99.3617,0.12676],[99.36247,0.1255]]],[[[99.31124,0.19503],[99.31205,0.18461],[99.30446,0.18163],[99.3022,0.18694],[99.31124,0.19503]]],[[[99.30052,0.22394],[99.30116,0.22489],[99.30161,0.22381],[99.30052,0.22394]]],[[[99.29692,0.18692],[99.29858,0.18472],[99.29673,0.18477],[99.29692,0.18692]]],[[[99.28798,0.22769],[99.29614,0.21654],[99.2919,0.20909],[99.27968,0.21938],[99.28798,0.22769]]],[[[99.29482,0.14355],[99.29247,0.13985],[99.29369,0.14438],[99.29482,0.14355]]],[[[99.27852,0.17511],[99.28358,0.17499],[99.28371,0.1716],[99.27852,0.17511]]],[[[99.19167,0.23441],[99.19119,0.23429],[99.19118,0.23476],[99.19167,0.23441]]],[[[99.19166,0.24706],[99.19102,0.24682],[99.19138,0.24742],[99.19166,0.24706]]]],"type":"MultiPolygon"},"properties":{"ADM1_EN":"Sumatera Barat","ADM2_EN":"Pasaman Barat","latitude":0.20695257,"longitude":99.67811642},"type":"Feature"},{"geometry":{"coordinates":[[[[102.90427,0.72217],[102.96181,0.65609],[103.02756,0.60084],[103.06179,0.54489],[103.10557,0.50872],[103.12144,0.46303],[102.95482,0.38071],[102.89999,0.33602],[102.79423,0.29347],[102.80719,0.26156],[102.85049,0.24516],[102.98603,0.31505],[103.05697,0.3699],[103.1438,0.39277],[103.16752,0.40717],[103.18882,0.43183],[103.21187,0.48353],[103.26468,0.50924],[103.30278,0.51178],[103.33148,0.54735],[103.35726,0.53738],[103.33888,0.48762],[103.25599,0.4464],[103.14502,0.34047],[103.00393,0.29086],[102.87037,0.16212],[102.81412,0.12643],[102.71736,0.10536],[102.59339,0.10128],[102.55115,0.08467],[102.50008,0.02333],[102.47546,-0.0978],[102.40716,-0.16644],[102.36808,-0.17883],[102.20952,-0.17102],[102.19058,-0.18627],[102.16525,-0.26356],[102.09717,-0.27556],[102.04743,-0.31203],[101.96393,-0.4047],[101.87796,-0.39192],[101.85036,-0.40454],[101.82874,-0.37679],[101.80459,-0.38069],[101.74769,-0.35211],[101.7599,-0.33135],[101.75466,-0.31233],[101.73303,-0.31089],[101.71255,-0.26533],[101.66703,-0.25423],[101.66083,-0.23933],[101.63941,-0.24639],[101.62303,-0.23092],[101.61097,-0.23507],[101.59243,-0.19819],[101.56012,-0.17044],[101.54458,-0.13018],[101.52295,-0.11755],[101.51474,-0.03761],[101.53401,0.0296],[101.5686,0.05191],[101.5921,0.19379],[101.56518,0.21841],[101.57433,0.25395],[101.58052,0.26797],[101.68269,0.2759],[101.65875,0.32184],[101.6874,0.38308],[101.61419,0.39463],[101.57076,0.46094],[101.57219,0.47226],[101.58855,0.47411],[101.57987,0.49673],[101.59058,0.52982],[101.62471,0.54196],[101.66458,0.53742],[101.67163,0.40779],[101.69215,0.41938],[101.69752,0.44576],[101.71788,0.44986],[101.79426,0.4075],[101.84425,0.44961],[101.8499,0.47516],[101.8312,0.50707],[101.8855,0.51055],[101.87814,0.44931],[101.90843,0.45429],[101.91983,0.52091],[101.97341,0.55023],[101.97746,0.57193],[102.11855,0.59678],[102.84823,0.66672],[102.87983,0.7112],[102.90427,0.72217]]],[[[103.22544,0.52286],[103.16552,0.49964],[103.13828,0.55347],[103.14946,0.66665],[103.19123,0.7004],[103.22323,0.70105],[103.25072,0.68525],[103.27862,0.65736],[103.30214,0.60151],[103.30088,0.55458],[103.28494,0.52843],[103.22544,0.52286]]],[[[103.27494,0.72908],[103.27042,0.7298],[103.27168,0.73288],[103.27494,0.72908]]],[[[103.27475,0.72691],[103.27475,0.72294],[103.27277,0.7251],[103.27475,0.72691]]],[[[103.18047,0.42436],[103.17392,0.42124],[103.18337,0.43004],[103.18047,0.42436]]],[[[103.10969,0.6684],[103.10433,0.63078],[103.09334,0.65047],[103.10969,0.6684]]],[[[103.07094,0.56543],[103.02738,0.64243],[103.03424,0.66085],[103.0514,0.65976],[103.07942,0.60561],[103.07094,0.56543]]],[[[103.04467,0.58225],[103.07609,0.53826],[103.05591,0.55778],[103.04467,0.58225]]],[[[102.99405,0.33684],[102.94918,0.31689],[102.94496,0.32725],[102.98638,0.35601],[102.99405,0.33684]]],[[[102.97929,0.6492],[102.96966,0.65478],[102.96467,0.66156],[102.97048,0.65908],[102.97929,0.6492]]],[[[102.94441,0.32858],[102.94249,0.34764],[102.97772,0.35693],[102.95098,0.33691],[102.94441,0.32858]]],[[[102.97086,0.67445],[102.97176,0.66841],[102.96559,0.67509],[102.97086,0.67445]]],[[[102.96487,0.68168],[102.96623,0.67857],[102.9625,0.68187],[102.96487,0.68168]]],[[[102.85637,0.2586],[102.83221,0.25898],[102.82914,0.27777],[102.94305,0.32265],[102.94535,0.30692],[102.85637,0.2586]]]],"type":"MultiPolygon"},"properties":{"ADM1_EN":"Riau","ADM2_EN":"Pelalawan","latitude":0.21942406,"longitude":102.2676238},"type":"Feature"},{"geometry":{"coordinates":[[[104.0817,-3.00314],[104.12821,-3.00733],[104.14131,-3.04639],[104.16812,-3.05093],[104.15424,-3.09444],[104.23235,-3.03099],[104.2571,-3.04653],[104.23007,-3.21221],[104.20667,-3.2457],[104.23802,-3.26606],[104.22807,-3.26549],[104.23232,-3.30518],[104.21005,-3.33424],[104.21268,-3.36776],[104.13007,-3.33667],[104.13708,-3.35722],[104.11941,-3.35828],[104.11685,-3.3693],[104.09374,-3.35353],[104.02476,-3.36248],[104.01874,-3.41373],[103.93283,-3.39633],[103.88629,-3.32996],[103.8586,-3.33856],[103.84958,-3.32007],[103.81451,-3.32761],[103.80428,-3.31653],[103.76234,-3.34367],[103.72367,-3.35125],[103.68131,-3.33675],[103.67229,-3.37502],[103.61749,-3.33],[103.61045,-3.27876],[103.64926,-3.24558],[103.67925,-3.2569],[103.70638,-3.23827],[103.71653,-3.26233],[103.74133,-3.26678],[103.77409,-3.25421],[103.79349,-3.14127],[103.84417,-3.08888],[103.88588,-3.07948],[103.91205,-3.02439],[103.94885,-3.00537],[104.02298,-3.03014],[104.0817,-3.00314]]],"type":"Polygon"},"properties":{"ADM1_EN":"Sumatera Selatan","ADM2_EN":"Penukal Abab Lematang Ilir","latitude":-3.20988458,"longitude":103.9882792},"type":"Feature"},{"geometry":{"coordinates":[[[[105.35125,-5.8259],[105.35216,-5.82589],[105.3513,-5.82638],[105.35125,-5.8259]]],[[[105.34753,-5.81914],[105.34195,-5.8234],[105.34013,-5.81166],[105.34753,-5.81914]]],[[[105.33289,-5.83375],[105.33164,-5.83402],[105.33341,-5.83254],[105.33289,-5.83375]]],[[[105.3328,-5.80627],[105.33152,-5.80707],[105.33251,-5.80575],[105.3328,-5.80627]]],[[[105.30628,-5.79356],[105.3305,-5.8062],[105.33193,-5.82116],[105.30628,-5.79356]]],[[[105.31106,-5.82662],[105.32186,-5.82817],[105.31084,-5.82852],[105.31106,-5.82662]]],[[[105.32152,-5.82037],[105.32073,-5.82135],[105.32102,-5.82049],[105.32152,-5.82037]]],[[[105.32142,-5.78418],[105.32111,-5.7861],[105.32103,-5.78425],[105.32142,-5.78418]]],[[[105.31646,-5.82012],[105.31761,-5.81946],[105.318,-5.81997],[105.31646,-5.82012]]],[[[105.31315,-5.81275],[105.31384,-5.81438],[105.31275,-5.81427],[105.31315,-5.81275]]],[[[105.31205,-5.78137],[105.31145,-5.78152],[105.31166,-5.78092],[105.31205,-5.78137]]],[[[105.29141,-5.78745],[105.30824,-5.81444],[105.28535,-5.83811],[105.22826,-5.82995],[105.27101,-5.80509],[105.27908,-5.81282],[105.29141,-5.78745]]],[[[105.30791,-5.80639],[105.30743,-5.80694],[105.3071,-5.80645],[105.30791,-5.80639]]],[[[105.29206,-5.84227],[105.29046,-5.84339],[105.29143,-5.84158],[105.29206,-5.84227]]],[[[105.26968,-5.56215],[105.28245,-5.57077],[105.27011,-5.5718],[105.26968,-5.56215]]],[[[105.27668,-5.79328],[105.28025,-5.79142],[105.27878,-5.79355],[105.27668,-5.79328]]],[[[105.27819,-5.80604],[105.27796,-5.80624],[105.27803,-5.80604],[105.27819,-5.80604]]],[[[105.27682,-5.80676],[105.27683,-5.80701],[105.27672,-5.80697],[105.27682,-5.80676]]],[[[105.2717,-5.51009],[105.27089,-5.5146],[105.27085,-5.51004],[105.2717,-5.51009]]],[[[105.26605,-5.51987],[105.26706,-5.51879],[105.26724,-5.51974],[105.26605,-5.51987]]],[[[105.20856,-5.14021],[105.21058,-5.15483],[105.24017,-5.17116],[105.20218,-5.18042],[105.16254,-5.21035],[105.17678,-5.27716],[105.1414,-5.25873],[105.10851,-5.30427],[105.17779,-5.32797],[105.21761,-5.36015],[105.20749,-5.38955],[105.19753,-5.3851],[105.1757,-5.40812],[105.20459,-5.42126],[105.2059,-5.44191],[105.23243,-5.47678],[105.22836,-5.49474],[105.25039,-5.48417],[105.26542,-5.51976],[105.25496,-5.52575],[105.24912,-5.51397],[105.24302,-5.51648],[105.24474,-5.54705],[105.26143,-5.54474],[105.2386,-5.56501],[105.24419,-5.58794],[105.20362,-5.57661],[105.16624,-5.60424],[105.18443,-5.62022],[105.18813,-5.64833],[105.20872,-5.64627],[105.17786,-5.67026],[105.19297,-5.70297],[105.21861,-5.71806],[105.20999,-5.72884],[105.20078,-5.71407],[105.18035,-5.7212],[105.15422,-5.74669],[105.17344,-5.77796],[105.20547,-5.76654],[105.22217,-5.77871],[105.18627,-5.80395],[105.1723,-5.80084],[105.17209,-5.78099],[105.11838,-5.77209],[105.08331,-5.72609],[105.09356,-5.67344],[105.07669,-5.67285],[105.00282,-5.59664],[104.94629,-5.57146],[104.94539,-5.53284],[104.92485,-5.50117],[104.95035,-5.42782],[104.99907,-5.40949],[104.974,-5.40293],[104.97324,-5.39895],[105.02929,-5.38359],[105.06336,-5.39226],[105.07366,-5.37148],[105.05441,-5.32413],[105.03391,-5.32292],[105.0323,-5.28747],[105.04531,-5.24893],[105.06574,-5.23176],[105.06641,-5.21552],[105.03786,-5.20916],[105.07611,-5.15998],[105.08322,-5.12469],[105.08639,-5.14365],[105.10004,-5.13699],[105.09467,-5.16525],[105.13001,-5.15079],[105.14765,-5.15638],[105.15346,-5.13924],[105.17701,-5.13568],[105.17965,-5.12078],[105.20856,-5.14021]]],[[[105.26402,-5.54357],[105.26243,-5.54389],[105.26298,-5.54286],[105.26402,-5.54357]]],[[[105.25866,-5.52639],[105.25869,-5.52731],[105.25755,-5.52667],[105.25866,-5.52639]]],[[[105.24222,-5.59136],[105.25305,-5.59745],[105.25318,-5.5987],[105.24222,-5.59136]]],[[[105.24426,-5.7941],[105.24816,-5.79617],[105.24321,-5.79607],[105.24426,-5.7941]]],[[[105.2403,-5.67514],[105.24353,-5.6726],[105.2425,-5.6754],[105.2403,-5.67514]]],[[[105.22376,-5.61694],[105.24184,-5.63372],[105.2422,-5.64137],[105.21316,-5.63761],[105.22376,-5.61694]]],[[[105.20476,-5.67276],[105.24023,-5.66784],[105.2156,-5.68991],[105.20476,-5.67276]]],[[[105.22972,-5.72874],[105.23178,-5.73206],[105.22709,-5.73227],[105.22972,-5.72874]]],[[[105.21673,-5.72775],[105.22199,-5.728],[105.22045,-5.73189],[105.21673,-5.72775]]],[[[105.20733,-5.72982],[105.21358,-5.73419],[105.20422,-5.73422],[105.20733,-5.72982]]],[[[105.20215,-5.72928],[105.20226,-5.7296],[105.20183,-5.72935],[105.20215,-5.72928]]],[[[105.20077,-5.72813],[105.20047,-5.7282],[105.20047,-5.7281],[105.20077,-5.72813]]],[[[105.19859,-5.73427],[105.19802,-5.73412],[105.19804,-5.73393],[105.19859,-5.73427]]],[[[105.19786,-5.72989],[105.19668,-5.73038],[105.19536,-5.72991],[105.19786,-5.72989]]],[[[105.19746,-5.73248],[105.19752,-5.73296],[105.19686,-5.73247],[105.19746,-5.73248]]],[[[105.17702,-5.75236],[105.18239,-5.75594],[105.17645,-5.7539],[105.17702,-5.75236]]],[[[105.17333,-5.74751],[105.17505,-5.74467],[105.17662,-5.74693],[105.17333,-5.74751]]],[[[105.17266,-5.73981],[105.17397,-5.73962],[105.17395,-5.74043],[105.17266,-5.73981]]]],"type":"MultiPolygon"},"properties":{"ADM1_EN":"Lampung","ADM2_EN":"Pesawaran","latitude":-5.47349038,"longitude":105.1102185},"type":"Feature"},{"geometry":{"coordinates":[[[[103.82009,-4.90621],[103.8728,-4.96494],[103.94059,-4.97728],[104.00965,-5.02242],[104.0227,-5.0438],[104.00878,-5.0821],[104.01683,-5.09303],[104.02949,-5.08351],[104.05826,-5.0921],[104.08632,-5.1158],[104.08359,-5.141],[104.1301,-5.18127],[104.22272,-5.21928],[104.28652,-5.31442],[104.40955,-5.45337],[104.44075,-5.5232],[104.48773,-5.5466],[104.5096,-5.58556],[104.53959,-5.602],[104.53256,-5.62019],[104.57034,-5.62542],[104.62284,-5.6847],[104.62981,-5.69625],[104.61151,-5.71731],[104.61344,-5.74847],[104.58745,-5.75511],[104.61472,-5.79867],[104.65418,-5.82045],[104.63366,-5.8405],[104.65903,-5.93682],[104.58452,-5.94314],[104.55618,-5.92588],[104.55505,-5.91295],[104.57624,-5.90367],[104.56535,-5.86739],[104.45281,-5.76409],[104.41603,-5.7072],[104.30103,-5.64187],[104.29939,-5.62901],[104.3123,-5.63142],[104.32024,-5.6152],[104.29906,-5.57609],[104.23924,-5.53051],[104.21399,-5.5256],[104.21372,-5.51003],[104.18938,-5.48877],[104.1207,-5.45743],[104.10836,-5.4291],[104.06914,-5.40774],[104.0585,-5.37973],[104.02688,-5.35887],[104.02752,-5.33402],[103.99531,-5.31825],[104.00854,-5.28933],[103.98698,-5.25704],[103.90485,-5.23001],[103.90339,-5.21151],[103.93589,-5.18279],[103.92851,-5.13885],[103.86712,-5.1107],[103.83821,-5.06634],[103.78753,-5.03284],[103.74844,-5.04418],[103.73883,-5.02361],[103.74905,-5.01499],[103.7462,-4.98885],[103.71031,-4.96126],[103.68978,-4.96285],[103.67032,-4.99053],[103.65317,-4.98702],[103.65912,-4.96149],[103.64192,-4.93727],[103.7007,-4.90321],[103.75161,-4.91837],[103.77216,-4.94463],[103.79322,-4.93511],[103.7929,-4.90065],[103.81762,-4.87532],[103.82009,-4.90621]]],[[[103.85179,-5.11506],[103.84152,-5.12431],[103.83931,-5.11952],[103.85179,-5.11506]]]],"type":"MultiPolygon"},"properties":{"ADM1_EN":"Lampung","ADM2_EN":"Pesisir Barat","latitude":-5.38274194,"longitude":104.2053716},"type":"Feature"},{"geometry":{"coordinates":[[[[100.55039,-0.98071],[100.55299,-1.03142],[100.57893,-1.06965],[100.62082,-1.06109],[100.62152,-1.09583],[100.6374,-1.10994],[100.7009,-1.09052],[100.72065,-1.09633],[100.7365,-1.1181],[100.73675,-1.15379],[100.77668,-1.16204],[100.80845,-1.24029],[100.79877,-1.28036],[100.82056,-1.28171],[100.83696,-1.3056],[100.85902,-1.29792],[100.89588,-1.32985],[100.91049,-1.37645],[100.89383,-1.38772],[100.9417,-1.42289],[100.93441,-1.46275],[100.97752,-1.4867],[100.98311,-1.5254],[101.02017,-1.5655],[101.01733,-1.60588],[101.06272,-1.63469],[101.0678,-1.6592],[101.13163,-1.68521],[101.12863,-1.76394],[101.17864,-1.86108],[101.16361,-1.89437],[101.14183,-1.90242],[101.14278,-1.92588],[101.2061,-1.98113],[101.20678,-2.0093],[101.26469,-2.10181],[101.28328,-2.28489],[101.23766,-2.32001],[101.23699,-2.34236],[101.14679,-2.3878],[101.02279,-2.47846],[100.98951,-2.4279],[100.8918,-2.32812],[100.87509,-2.24512],[100.82323,-2.17359],[100.82286,-2.14373],[100.8662,-2.09713],[100.87907,-2.05493],[100.8668,-1.93574],[100.83898,-1.87868],[100.78667,-1.82005],[100.68874,-1.66484],[100.64418,-1.62171],[100.61926,-1.52715],[100.62326,-1.50129],[100.59756,-1.49241],[100.56142,-1.441],[100.58404,-1.42071],[100.55834,-1.40654],[100.59258,-1.39417],[100.57844,-1.3699],[100.56059,-1.372],[100.57462,-1.35833],[100.56814,-1.33682],[100.54318,-1.31016],[100.49022,-1.29907],[100.45399,-1.25878],[100.42227,-1.27731],[100.41826,-1.2681],[100.40077,-1.2707],[100.40678,-1.23678],[100.43256,-1.25485],[100.43596,-1.23156],[100.42137,-1.22473],[100.43183,-1.2009],[100.38114,-1.17841],[100.38005,-1.14568],[100.35558,-1.16116],[100.36813,-1.13832],[100.42074,-1.10852],[100.41339,-1.08599],[100.47906,-1.00342],[100.51982,-0.99081],[100.53661,-0.95707],[100.55039,-0.98071]]],[[[100.64037,-1.90922],[100.63742,-1.90958],[100.63882,-1.90726],[100.64037,-1.90922]]],[[[100.62824,-1.58595],[100.62888,-1.58622],[100.6282,-1.58661],[100.62824,-1.58595]]],[[[100.61696,-1.54731],[100.61639,-1.5474],[100.61681,-1.54705],[100.61696,-1.54731]]],[[[100.58027,-1.38175],[100.58059,-1.38188],[100.57989,-1.38234],[100.58027,-1.38175]]],[[[100.57156,-1.88786],[100.56944,-1.88829],[100.57008,-1.88732],[100.57156,-1.88786]]],[[[100.56467,-1.35356],[100.56348,-1.35366],[100.56464,-1.35299],[100.56467,-1.35356]]],[[[100.55953,-1.35228],[100.55826,-1.3556],[100.55751,-1.35538],[100.55953,-1.35228]]],[[[100.55601,-1.40753],[100.55502,-1.40765],[100.55679,-1.40709],[100.55601,-1.40753]]],[[[100.5552,-1.60456],[100.55344,-1.60486],[100.55451,-1.60409],[100.5552,-1.60456]]],[[[100.52057,-1.34558],[100.51905,-1.34604],[100.51967,-1.34492],[100.52057,-1.34558]]],[[[100.5199,-1.34209],[100.51859,-1.34242],[100.51939,-1.34173],[100.5199,-1.34209]]],[[[100.5094,-1.66252],[100.50637,-1.66214],[100.5079,-1.66058],[100.5094,-1.66252]]],[[[100.4934,-1.41125],[100.49387,-1.4112],[100.49395,-1.4114],[100.4934,-1.41125]]],[[[100.49079,-1.40756],[100.49365,-1.40972],[100.49205,-1.41219],[100.49079,-1.40756]]],[[[100.49329,-1.30232],[100.49352,-1.30236],[100.49328,-1.30242],[100.49329,-1.30232]]],[[[100.4934,-1.41125],[100.49339,-1.41126],[100.49339,-1.41125],[100.4934,-1.41125]]],[[[100.48284,-1.3869],[100.49229,-1.39281],[100.49149,-1.39858],[100.48284,-1.3869]]],[[[100.49222,-1.40131],[100.49178,-1.40167],[100.49193,-1.40103],[100.49222,-1.40131]]],[[[100.48827,-1.39834],[100.48789,-1.39866],[100.48792,-1.39825],[100.48827,-1.39834]]],[[[100.48541,-1.30211],[100.48596,-1.30234],[100.48523,-1.30248],[100.48541,-1.30211]]],[[[100.47417,-1.33024],[100.47176,-1.3219],[100.47484,-1.31831],[100.47745,-1.32111],[100.47417,-1.33024]]],[[[100.47211,-1.32946],[100.47147,-1.32952],[100.47189,-1.32885],[100.47211,-1.32946]]],[[[100.43912,-1.4986],[100.43652,-1.50127],[100.43644,-1.49853],[100.43912,-1.4986]]],[[[100.43673,-1.31536],[100.43458,-1.31591],[100.43594,-1.31417],[100.43673,-1.31536]]],[[[100.42344,-1.24678],[100.4234,-1.24699],[100.42333,-1.24679],[100.42344,-1.24678]]],[[[100.41881,-1.27113],[100.41948,-1.27147],[100.4188,-1.27201],[100.41859,-1.27274],[100.41881,-1.27113]]],[[[100.41891,-1.27208],[100.41948,-1.27246],[100.41896,-1.27253],[100.41891,-1.27208]]],[[[100.41829,-1.27425],[100.41857,-1.27455],[100.41801,-1.27563],[100.41829,-1.27425]]],[[[100.41712,-1.21792],[100.41663,-1.2186],[100.41696,-1.21781],[100.41712,-1.21792]]],[[[100.41558,-1.21511],[100.4161,-1.21658],[100.41506,-1.21604],[100.41558,-1.21511]]],[[[100.41482,-1.23674],[100.41519,-1.23657],[100.41516,-1.23676],[100.41482,-1.23674]]],[[[100.41118,-1.23514],[100.41116,-1.23522],[100.41112,-1.23517],[100.41118,-1.23514]]],[[[100.4111,-1.22383],[100.4107,-1.22411],[100.41113,-1.22356],[100.4111,-1.22383]]],[[[100.40832,-1.22978],[100.40597,-1.22852],[100.40766,-1.2275],[100.40832,-1.22978]]],[[[100.40233,-1.22448],[100.40308,-1.22575],[100.40234,-1.22596],[100.40233,-1.22448]]],[[[100.3924,-1.18809],[100.38439,-1.20776],[100.39806,-1.20147],[100.40136,-1.22067],[100.37901,-1.227],[100.37602,-1.21818],[100.382,-1.20133],[100.38095,-1.1907],[100.3924,-1.18809]]],[[[100.39636,-1.23089],[100.39556,-1.23085],[100.39652,-1.2299],[100.39636,-1.23089]]],[[[100.39335,-1.19743],[100.3951,-1.19813],[100.39467,-1.19833],[100.39335,-1.19743]]],[[[100.38088,-1.20005],[100.38055,-1.19995],[100.3808,-1.19968],[100.38088,-1.20005]]],[[[100.36936,-1.15889],[100.36936,-1.15891],[100.36935,-1.15889],[100.36936,-1.15889]]],[[[100.36929,-1.15889],[100.36933,-1.15889],[100.36929,-1.1589],[100.36929,-1.15889]]],[[[100.36932,-1.15893],[100.36932,-1.15894],[100.36931,-1.15894],[100.36932,-1.15893]]],[[[100.3693,-1.15895],[100.36927,-1.15896],[100.36928,-1.15894],[100.3693,-1.15895]]],[[[100.35737,-1.1677],[100.34864,-1.17122],[100.35553,-1.16143],[100.35737,-1.1677]]],[[[100.34919,-1.15638],[100.34822,-1.16247],[100.34582,-1.16288],[100.34919,-1.15638]]],[[[100.33976,-1.21405],[100.33917,-1.21408],[100.33942,-1.21309],[100.33976,-1.21405]]],[[[100.32768,-1.20466],[100.3378,-1.19158],[100.33886,-1.21211],[100.32768,-1.20466]]],[[[100.33803,-1.16963],[100.33762,-1.16967],[100.33768,-1.16937],[100.33803,-1.16963]]],[[[100.33436,-1.21315],[100.3339,-1.21337],[100.33389,-1.21308],[100.33436,-1.21315]]],[[[100.33383,-1.18953],[100.33396,-1.18938],[100.33426,-1.18934],[100.33383,-1.18953]]],[[[100.32847,-1.19804],[100.32876,-1.19826],[100.32836,-1.19836],[100.32847,-1.19804]]],[[[100.32859,-1.20644],[100.32814,-1.20658],[100.32812,-1.20633],[100.32859,-1.20644]]],[[[100.29944,-1.26624],[100.2955,-1.26655],[100.29697,-1.26423],[100.29944,-1.26624]]]],"type":"MultiPolygon"},"properties":{"ADM1_EN":"Sumatera Barat","ADM2_EN":"Pesisir Selatan","latitude":-1.73828254,"longitude":100.8807023},"type":"Feature"},{"geometry":{"coordinates":[[[[95.74997,5.56569],[95.88701,5.50388],[95.89053,5.46208],[95.90699,5.43126],[95.92743,5.41077],[96.04966,5.32659],[96.07886,5.29258],[96.10506,5.28711],[96.05208,5.29289],[96.05253,5.25413],[96.03976,5.23969],[96.05164,5.18043],[96.02108,5.1454],[96.08971,5.09158],[96.16692,5.0684],[96.19269,5.07674],[96.20619,5.03888],[96.18978,4.9957],[96.21145,4.95875],[96.27912,4.90942],[96.32389,4.91606],[96.35052,4.94493],[96.3735,4.93105],[96.4234,4.94095],[96.44959,4.92514],[96.376,4.84222],[96.35049,4.77568],[96.28073,4.77903],[96.27306,4.79707],[96.21915,4.76337],[96.17961,4.76755],[96.14311,4.75452],[96.11869,4.76796],[96.11691,4.73967],[96.08688,4.69034],[96.04245,4.65757],[96.03198,4.66983],[95.99116,4.7866],[95.95576,4.83127],[95.90182,4.8664],[95.87906,4.91494],[95.78394,5.00899],[95.7624,5.05571],[95.74323,5.06118],[95.82124,5.08535],[95.84111,5.13501],[95.77505,5.25201],[95.79121,5.28051],[95.76389,5.29047],[95.76726,5.31022],[95.74832,5.31803],[95.76562,5.40212],[95.75365,5.41983],[95.79133,5.4533],[95.72499,5.49718],[95.73735,5.51332],[95.72454,5.52494],[95.72787,5.54808],[95.74997,5.56569]]],[[[95.90797,5.43278],[95.90838,5.43228],[95.90789,5.43254],[95.90797,5.43278]]]],"type":"MultiPolygon"},"properties":{"ADM1_EN":"Aceh","ADM2_EN":"Pidie","latitude":5.06823418,"longitude":96.00719606},"type":"Feature"},{"geometry":{"coordinates":[[[96.05208,5.29289],[96.19095,5.25967],[96.26051,5.26339],[96.34201,5.2271],[96.33505,5.15087],[96.35616,5.09172],[96.35013,5.06915],[96.36636,5.04559],[96.32544,4.96242],[96.34421,4.94314],[96.32389,4.91606],[96.26469,4.91343],[96.21145,4.95875],[96.18978,4.9957],[96.20619,5.03888],[96.19269,5.07674],[96.16692,5.0684],[96.08971,5.09158],[96.02108,5.1454],[96.05164,5.18043],[96.03976,5.23969],[96.05253,5.25413],[96.05208,5.29289]]],"type":"Polygon"},"properties":{"ADM1_EN":"Aceh","ADM2_EN":"Pidie Jaya","latitude":5.12471438,"longitude":96.21353373},"type":"Feature"},{"geometry":{"coordinates":[[[104.77947,-5.16426],[104.86178,-5.21455],[104.88407,-5.25118],[104.9051,-5.24865],[104.91346,-5.26711],[105.00994,-5.23819],[105.03786,-5.20916],[105.06641,-5.21552],[105.03254,-5.29399],[105.03391,-5.32292],[105.05441,-5.32413],[105.07366,-5.37148],[105.06336,-5.39226],[105.02929,-5.38359],[104.97324,-5.39895],[104.99907,-5.40949],[104.95035,-5.42782],[104.92485,-5.50117],[104.94539,-5.53284],[104.94516,-5.57394],[104.89485,-5.55009],[104.87888,-5.51414],[104.9065,-5.45649],[104.8895,-5.42676],[104.90356,-5.41063],[104.87273,-5.37986],[104.86383,-5.38473],[104.85784,-5.34375],[104.81037,-5.31806],[104.79353,-5.28026],[104.76108,-5.25273],[104.7742,-5.21352],[104.76353,-5.18173],[104.77947,-5.16426]]],"type":"Polygon"},"properties":{"ADM1_EN":"Lampung","ADM2_EN":"Pringsewu","latitude":-5.33084523,"longitude":104.9200154},"type":"Feature"},{"geometry":{"coordinates":[[[102.72219,-3.5526],[102.65504,-3.54066],[102.6282,-3.51644],[102.59438,-3.52564],[102.51175,-3.49397],[102.47204,-3.53093],[102.44292,-3.52753],[102.39646,-3.42239],[102.36689,-3.40533],[102.38236,-3.36545],[102.4412,-3.34726],[102.44859,-3.32082],[102.49748,-3.31997],[102.48696,-3.28387],[102.49808,-3.26006],[102.63649,-3.35276],[102.67526,-3.32224],[102.74368,-3.31578],[102.75065,-3.29489],[102.77313,-3.28044],[102.79069,-3.28962],[102.81311,-3.33663],[102.87,-3.3445],[102.89477,-3.32803],[102.88293,-3.34715],[102.89235,-3.3759],[102.95765,-3.36041],[102.98943,-3.36974],[102.99931,-3.39477],[102.99213,-3.51354],[102.9466,-3.53576],[102.93545,-3.57826],[102.90278,-3.61626],[102.84758,-3.53711],[102.81886,-3.52763],[102.77492,-3.54691],[102.72219,-3.5526]]],"type":"Polygon"},"properties":{"ADM1_EN":"Bengkulu","ADM2_EN":"Rejang Lebong","latitude":-3.43079009,"longitude":102.6988938},"type":"Feature"},{"geometry":{"coordinates":[[[[100.32275,2.54493],[100.36138,2.39275],[100.37977,2.37865],[100.39775,2.31467],[100.44061,2.2593],[100.5677,2.15598],[100.77363,2.08105],[100.86446,1.98762],[100.88903,1.9957],[100.88388,2.03269],[100.78921,2.11836],[100.78156,2.18337],[100.76583,2.21149],[100.76368,2.26921],[100.79675,2.29263],[100.89671,2.30538],[101.05216,2.29123],[101.06182,2.2753],[101.00962,2.12726],[101.01871,2.07554],[101.07308,1.9291],[101.28178,1.63162],[101.33303,1.49634],[101.31763,1.47484],[101.16848,1.44161],[101.0114,1.3507],[100.94754,1.35122],[100.95339,1.40448],[100.93192,1.39786],[100.82959,1.32361],[100.78597,1.24329],[100.69998,1.24623],[100.66429,1.29064],[100.61673,1.22265],[100.45902,1.32699],[100.44929,1.33641],[100.45836,1.34323],[100.4119,1.38274],[100.38117,1.39179],[100.33357,1.43336],[100.34427,1.43716],[100.27941,1.46616],[100.28585,1.47886],[100.32178,1.47752],[100.32368,1.45946],[100.38817,1.45553],[100.41306,1.46502],[100.42578,1.50203],[100.41253,1.54125],[100.41865,1.5667],[100.40395,1.58592],[100.4148,1.60949],[100.40343,1.62401],[100.40702,1.67276],[100.36897,1.66701],[100.3203,1.6805],[100.35234,1.73778],[100.35375,1.78215],[100.29616,1.79123],[100.27768,1.81348],[100.28151,1.86511],[100.30507,1.88229],[100.3144,1.90961],[100.31554,2.05241],[100.36359,2.16887],[100.36512,2.21076],[100.30082,2.34014],[100.2999,2.45955],[100.32275,2.54493]]],[[[100.98506,2.3061],[101.03739,2.30519],[100.97961,2.30174],[100.98506,2.3061]]],[[[100.88103,2.00433],[100.86653,2.00195],[100.84394,2.0231],[100.79592,2.09483],[100.82051,2.08782],[100.87042,2.04242],[100.88103,2.00433]]],[[[100.73305,2.27184],[100.75176,2.25393],[100.76455,2.2039],[100.77839,2.18462],[100.77674,2.1586],[100.78483,2.12105],[100.74202,2.14292],[100.72028,2.17734],[100.70423,2.24708],[100.71778,2.26983],[100.73305,2.27184]]],[[[100.73788,2.27659],[100.75657,2.27827],[100.75154,2.259],[100.73788,2.27659]]],[[[100.68435,2.86934],[100.68442,2.86877],[100.68409,2.86885],[100.68435,2.86934]]],[[[100.64244,2.21954],[100.67052,2.19625],[100.68389,2.16282],[100.63547,2.19323],[100.63177,2.21302],[100.64244,2.21954]]],[[[100.64228,2.73896],[100.64148,2.73858],[100.64174,2.73932],[100.64228,2.73896]]],[[[100.63884,2.80022],[100.63829,2.79983],[100.63851,2.8005],[100.63884,2.80022]]],[[[100.62523,2.87438],[100.62482,2.87383],[100.62479,2.87434],[100.62523,2.87438]]],[[[100.59757,2.91885],[100.59715,2.91823],[100.59723,2.91913],[100.59757,2.91885]]],[[[100.5712,2.8821],[100.57203,2.88151],[100.57184,2.88113],[100.5712,2.8821]]],[[[100.56148,2.88223],[100.56651,2.88047],[100.56602,2.87635],[100.56148,2.88223]]],[[[100.55731,2.86976],[100.55453,2.86684],[100.55443,2.86861],[100.55731,2.86976]]],[[[100.55492,2.87462],[100.55403,2.87601],[100.55508,2.87929],[100.55492,2.87462]]],[[[100.55321,2.86933],[100.5525,2.86889],[100.55268,2.86969],[100.55321,2.86933]]]],"type":"MultiPolygon"},"properties":{"ADM1_EN":"Riau","ADM2_EN":"Rokan Hilir","latitude":1.77366193,"longitude":100.7450461},"type":"Feature"},{"geometry":{"coordinates":[[[100.74499,0.86979],[100.77643,0.8796],[100.74001,0.88737],[100.73406,0.87604],[100.75043,0.8491],[100.70331,0.83211],[100.6917,0.80392],[100.63524,0.83341],[100.61752,0.82323],[100.61255,0.80744],[100.67807,0.77863],[100.65659,0.74589],[100.59397,0.70013],[100.67679,0.58949],[100.77159,0.5282],[100.79317,0.54491],[100.80857,0.52944],[100.8408,0.46661],[100.83477,0.37043],[100.80546,0.35353],[100.77271,0.38984],[100.73506,0.38081],[100.57174,0.53216],[100.5121,0.45776],[100.47725,0.45114],[100.4479,0.41885],[100.41979,0.4239],[100.37577,0.38931],[100.34719,0.38429],[100.31957,0.40299],[100.28962,0.39845],[100.25668,0.43583],[100.23763,0.4751],[100.24125,0.49221],[100.21659,0.51165],[100.23718,0.54256],[100.1765,0.57387],[100.18675,0.62658],[100.24077,0.67935],[100.23987,0.73315],[100.20722,0.73785],[100.11935,0.83],[100.12388,0.8469],[100.13786,0.84419],[100.14138,0.89979],[100.12841,0.93681],[100.14786,0.96584],[100.13955,0.98415],[100.16658,0.99841],[100.14024,1.02938],[100.14021,1.06075],[100.12353,1.06299],[100.12234,1.09103],[100.14177,1.11719],[100.18399,1.12425],[100.13543,1.16827],[100.12149,1.19692],[100.11999,1.25515],[100.07465,1.27592],[100.0275,1.3293],[100.03287,1.38327],[100.08027,1.40008],[100.20078,1.39877],[100.26568,1.42296],[100.30753,1.417],[100.33357,1.43336],[100.38117,1.39179],[100.4119,1.38274],[100.45836,1.34323],[100.44929,1.33641],[100.45902,1.32699],[100.61673,1.22265],[100.66429,1.29064],[100.69998,1.24623],[100.78597,1.24329],[100.82959,1.32361],[100.90195,1.38164],[100.95339,1.40448],[100.90761,1.03082],[100.7715,0.86533],[100.75928,0.8558],[100.74499,0.86979]]],"type":"Polygon"},"properties":{"ADM1_EN":"Riau","ADM2_EN":"Rokan Hulu","latitude":0.94008555,"longitude":100.474806},"type":"Feature"},{"geometry":{"coordinates":[[[[98.73485,2.75941],[98.75805,2.74054],[98.7969,2.73239],[98.83035,2.68453],[98.86364,2.67254],[98.85167,2.66405],[98.8882,2.62204],[98.90768,2.56535],[98.97234,2.51055],[98.9915,2.46205],[98.92377,2.43331],[98.87448,2.4308],[98.81906,2.47307],[98.8011,2.4652],[98.79542,2.49716],[98.77984,2.50904],[98.75699,2.50206],[98.72518,2.53624],[98.6829,2.64201],[98.69624,2.7303],[98.73485,2.75941]]],[[[98.57908,2.73462],[98.59455,2.73313],[98.62679,2.68448],[98.61573,2.64303],[98.6315,2.64675],[98.63399,2.6343],[98.67322,2.62858],[98.69258,2.61025],[98.67299,2.57689],[98.68949,2.56566],[98.65623,2.56068],[98.69364,2.53309],[98.71539,2.55055],[98.7493,2.49112],[98.76851,2.47913],[98.77929,2.4379],[98.79113,2.44332],[98.80752,2.42858],[98.80881,2.39525],[98.84168,2.36327],[98.83832,2.35086],[98.74923,2.43935],[98.65955,2.42582],[98.61461,2.39812],[98.61087,2.45336],[98.58184,2.48657],[98.5106,2.48708],[98.47371,2.4646],[98.44581,2.48708],[98.41506,2.48033],[98.40167,2.52228],[98.4491,2.52588],[98.46685,2.55282],[98.49048,2.54688],[98.55408,2.58368],[98.57908,2.73462]]],[[[98.74367,2.75673],[98.7478,2.75541],[98.74364,2.75627],[98.74367,2.75673]]],[[[98.64802,2.64267],[98.64414,2.64179],[98.64369,2.6463],[98.64802,2.64267]]]],"type":"MultiPolygon"},"properties":{"ADM1_EN":"Sumatera Utara","ADM2_EN":"Samosir","latitude":2.55872221,"longitude":98.72129092},"type":"Feature"},{"geometry":{"coordinates":[[[102.51242,-1.91379],[102.5996,-1.91086],[102.65229,-1.92458],[102.71173,-1.95958],[102.73259,-1.94917],[102.8146,-1.94904],[102.8114,-1.99255],[102.85825,-2.00939],[102.90475,-2.00498],[102.91436,-1.98217],[102.9463,-1.98254],[102.97943,-1.94344],[103.00187,-1.94978],[103.05144,-1.93745],[103.08354,-1.9553],[103.12333,-1.95772],[103.19535,-1.93757],[103.16068,-1.98145],[103.15964,-2.00905],[103.20111,-2.0614],[103.22028,-2.11578],[103.22206,-2.14179],[103.18853,-2.16025],[103.17877,-2.2084],[103.17979,-2.24956],[103.20624,-2.27657],[103.2125,-2.3171],[103.16966,-2.33317],[103.14256,-2.36096],[103.09245,-2.34452],[103.05477,-2.3122],[103.03257,-2.32108],[103.0342,-2.33926],[102.9929,-2.3406],[102.87694,-2.30451],[102.84064,-2.33785],[102.8396,-2.35882],[102.84984,-2.38596],[102.87189,-2.38509],[102.87538,-2.4098],[102.79355,-2.5047],[102.79624,-2.53321],[102.75988,-2.54993],[102.72831,-2.58611],[102.71593,-2.57037],[102.67755,-2.60374],[102.64057,-2.61101],[102.60204,-2.67539],[102.51886,-2.67652],[102.48986,-2.70525],[102.46824,-2.70353],[102.40625,-2.68911],[102.38973,-2.67593],[102.38722,-2.64696],[102.32777,-2.65499],[102.27651,-2.61391],[102.25097,-2.63115],[102.23453,-2.69135],[102.12571,-2.72932],[102.09148,-2.76989],[102.07255,-2.76489],[102.08792,-2.69008],[102.06351,-2.62195],[102.10372,-2.6017],[102.09392,-2.5649],[102.15646,-2.50864],[102.12316,-2.41618],[102.22209,-2.39745],[102.29223,-2.35095],[102.30106,-2.38625],[102.35222,-2.37942],[102.40379,-2.31368],[102.42406,-2.24699],[102.43694,-2.24447],[102.46099,-2.19576],[102.57464,-2.20232],[102.63076,-2.14782],[102.61475,-2.10216],[102.57782,-2.09952],[102.48774,-2.01122],[102.4595,-1.89734],[102.51242,-1.91379]]],"type":"Polygon"},"properties":{"ADM1_EN":"Jambi","ADM2_EN":"Sarolangun","latitude":-2.30911282,"longitude":102.6645664},"type":"Feature"},{"geometry":{"coordinates":[[[102.57354,-3.80289],[102.66929,-3.82446],[102.68996,-3.86163],[102.77569,-3.91578],[102.78297,-3.94487],[102.81679,-3.96679],[102.81642,-3.98155],[102.84503,-3.97694],[102.86003,-3.99266],[102.91175,-3.97108],[102.96111,-4.01972],[102.99745,-4.01909],[102.95672,-4.056],[102.93054,-4.04739],[102.91395,-4.06305],[102.91964,-4.09659],[102.97048,-4.12405],[102.99987,-4.1587],[102.93496,-4.18542],[102.90143,-4.17905],[102.88074,-4.2371],[102.88532,-4.26321],[102.86179,-4.28317],[102.8461,-4.34017],[102.80043,-4.36031],[102.33212,-4.00981],[102.2772,-3.95699],[102.26914,-3.92373],[102.30329,-3.94476],[102.31557,-3.91195],[102.40065,-3.86138],[102.5329,-3.82956],[102.55219,-3.83549],[102.57354,-3.80289]]],"type":"Polygon"},"properties":{"ADM1_EN":"Bengkulu","ADM2_EN":"Seluma","latitude":-4.05231265,"longitude":102.6578194},"type":"Feature"},{"geometry":{"coordinates":[[[98.95515,3.68238],[98.96816,3.66033],[99.05605,3.61912],[99.12199,3.56866],[99.18467,3.54542],[99.24581,3.49502],[99.27295,3.48972],[99.281,3.47211],[99.28442,3.4807],[99.29664,3.47901],[99.29229,3.46364],[99.31481,3.44313],[99.23521,3.25238],[99.20029,3.20424],[99.17197,3.19691],[99.17547,3.18562],[99.15722,3.16717],[99.13783,3.16742],[99.1129,3.143],[99.0326,3.10926],[99.00708,3.07032],[98.99964,3.02698],[98.92755,3.01594],[98.98073,3.07853],[98.97716,3.11884],[98.98683,3.12398],[98.96486,3.14375],[99.00517,3.2055],[98.93987,3.20746],[98.96485,3.27303],[98.95527,3.28178],[98.90909,3.25387],[98.86494,3.26086],[98.8633,3.24128],[98.84068,3.22237],[98.76112,3.22035],[98.7501,3.209],[98.74807,3.22123],[98.79606,3.29835],[98.83011,3.31529],[98.84477,3.33744],[98.91908,3.36702],[98.91429,3.44897],[98.93683,3.51508],[98.9188,3.59995],[98.93852,3.62454],[98.94441,3.67658],[98.95515,3.68238]],[[99.17737,3.36806],[99.15457,3.36717],[99.16633,3.35571],[99.15436,3.34158],[99.12891,3.34985],[99.11443,3.33711],[99.12889,3.3279],[99.1324,3.30827],[99.11899,3.30164],[99.13631,3.27759],[99.13879,3.30957],[99.19265,3.31088],[99.18244,3.33214],[99.19382,3.35152],[99.16774,3.35039],[99.17737,3.36806]]],"type":"Polygon"},"properties":{"ADM1_EN":"Sumatera Utara","ADM2_EN":"Serdang Bedagai","latitude":3.36716783,"longitude":99.05853853},"type":"Feature"},{"geometry":{"coordinates":[[[101.23044,1.00694],[101.28239,1.0604],[101.33981,1.02815],[101.43348,1.01609],[101.45595,1.00334],[101.45595,0.98486],[101.51826,0.95142],[101.53942,0.9254],[101.71185,1.19713],[101.81386,1.16892],[101.87389,1.09999],[101.87841,1.01428],[101.84057,0.94686],[101.96899,0.96048],[102.13187,1.17693],[102.16333,1.19105],[102.17945,1.23035],[102.20828,1.19055],[102.19196,1.08724],[102.22593,1.00011],[102.26271,0.95623],[102.33489,0.90452],[102.41095,0.8081],[102.52879,0.74437],[102.59387,0.73664],[102.6952,0.75492],[102.76739,0.73121],[102.84959,0.73879],[102.90065,0.72097],[102.87983,0.7112],[102.84823,0.66672],[102.11855,0.59678],[101.97746,0.57193],[101.97341,0.55023],[101.91983,0.52091],[101.90843,0.45429],[101.87814,0.44931],[101.8855,0.51055],[101.8312,0.50707],[101.8499,0.47516],[101.84425,0.44961],[101.79426,0.4075],[101.71788,0.44986],[101.69752,0.44576],[101.69215,0.41938],[101.67163,0.40779],[101.66458,0.53742],[101.62057,0.54149],[101.59302,0.52927],[101.57759,0.54337],[101.5785,0.59709],[101.59143,0.60659],[101.57104,0.63903],[101.5498,0.63843],[101.54028,0.65801],[101.48908,0.65127],[101.44074,0.66598],[101.39727,0.69242],[101.37819,0.6626],[101.31761,0.69467],[101.31119,0.70864],[101.32346,0.72247],[101.33483,0.79744],[101.30566,0.80076],[100.90687,1.02991],[100.93259,1.24848],[101.23044,1.00694]]],"type":"Polygon"},"properties":{"ADM1_EN":"Riau","ADM2_EN":"Siak","latitude":0.82647076,"longitude":101.824895},"type":"Feature"},{"geometry":{"coordinates":[[[100.94766,-0.31083],[101.00064,-0.32045],[101.03799,-0.3573],[101.04291,-0.38232],[101.02577,-0.39803],[101.07127,-0.50309],[101.09191,-0.5116],[101.10967,-0.50205],[101.13499,-0.52794],[101.16787,-0.5396],[101.20759,-0.59378],[101.24963,-0.62554],[101.30745,-0.62927],[101.3575,-0.66796],[101.36112,-0.68916],[101.41101,-0.71756],[101.43201,-0.75436],[101.47961,-0.78231],[101.49498,-0.80546],[101.48603,-0.82044],[101.464,-0.83973],[101.43971,-0.84027],[101.43282,-0.86658],[101.40582,-0.88796],[101.41005,-0.92114],[101.42789,-0.93131],[101.37515,-0.93964],[101.35163,-0.92372],[101.35311,-0.94782],[101.33787,-0.95837],[101.33218,-0.94908],[101.27339,-0.94957],[101.19433,-0.90589],[101.1879,-0.95033],[101.0697,-0.98638],[101.05269,-0.97297],[101.06884,-0.94869],[101.04265,-0.88156],[100.99905,-0.87575],[100.99227,-0.84927],[100.92516,-0.80674],[100.88798,-0.82488],[100.85002,-0.77929],[100.82833,-0.78265],[100.8116,-0.76997],[100.8221,-0.75833],[100.79085,-0.66837],[100.80157,-0.66391],[100.81436,-0.61545],[100.8013,-0.59485],[100.81355,-0.58247],[100.7978,-0.56454],[100.81347,-0.54059],[100.85218,-0.52204],[100.8406,-0.49462],[100.81647,-0.48788],[100.81876,-0.43456],[100.83704,-0.39307],[100.82474,-0.34736],[100.85869,-0.33257],[100.9032,-0.33488],[100.94766,-0.31083]]],"type":"Polygon"},"properties":{"ADM1_EN":"Sumatera Barat","ADM2_EN":"Sijunjung","latitude":-0.68408578,"longitude":101.0895108},"type":"Feature"},{"geometry":{"coordinates":[[[[98.73015,3.22027],[98.75152,3.20904],[98.76112,3.22035],[98.84068,3.22237],[98.8633,3.24128],[98.86494,3.26086],[98.90909,3.25387],[98.95787,3.28019],[98.96483,3.26799],[98.93987,3.20746],[99.00517,3.2055],[98.96486,3.14375],[98.98683,3.12398],[98.97716,3.11884],[98.98073,3.07853],[98.92755,3.01594],[98.9592,3.01578],[98.99999,3.02731],[99.00708,3.07032],[99.0326,3.10926],[99.1129,3.143],[99.13783,3.16742],[99.15722,3.16717],[99.17547,3.18562],[99.17197,3.19691],[99.19067,3.19455],[99.20797,3.22357],[99.23045,3.19974],[99.23346,3.25105],[99.2622,3.25542],[99.26925,3.27675],[99.29448,3.27285],[99.30864,3.29975],[99.34417,3.28773],[99.3419,3.23877],[99.35916,3.21435],[99.37254,3.24582],[99.40702,3.25158],[99.36317,3.15105],[99.42187,3.14672],[99.49152,3.12189],[99.48206,3.11188],[99.54653,3.09819],[99.56588,3.07749],[99.54408,3.03759],[99.50031,3.00545],[99.49664,2.98299],[99.45476,2.95648],[99.44382,2.9304],[99.39827,2.91487],[99.37129,2.88331],[99.3335,2.89443],[99.26562,2.86049],[99.24832,2.81252],[99.16953,2.74835],[99.11933,2.6811],[99.08906,2.66827],[99.07407,2.64436],[99.0741,2.60464],[99.04232,2.63367],[98.97724,2.60161],[98.96097,2.61392],[98.95817,2.64714],[98.92481,2.67417],[98.91559,2.69287],[98.9241,2.69672],[98.89557,2.70096],[98.81932,2.77093],[98.80967,2.76495],[98.79167,2.79357],[98.69184,2.85074],[98.68034,2.87323],[98.66884,2.85991],[98.63558,2.85836],[98.60479,2.86867],[98.59468,2.88648],[98.57351,2.88349],[98.5327,2.90433],[98.55361,2.9689],[98.5562,3.02656],[98.58591,3.06119],[98.58374,3.07993],[98.60705,3.10434],[98.6247,3.06355],[98.67337,3.07134],[98.69071,3.05045],[98.70427,3.05977],[98.73047,3.17522],[98.72353,3.20733],[98.73015,3.22027]],[[99.11051,3.01585],[99.03792,3.00742],[99.02138,2.98285],[99.01908,2.94907],[99.04131,2.92497],[99.01716,2.89326],[99.10597,2.94146],[99.09663,2.94359],[99.09827,2.96292],[99.0814,2.95665],[99.0902,2.97238],[99.08149,2.97859],[99.0947,2.98118],[99.09578,3.00588],[99.11051,3.01585]]],[[[98.74807,3.21839],[98.74807,3.21884],[98.74831,3.2185],[98.74807,3.21839]]]],"type":"MultiPolygon"},"properties":{"ADM1_EN":"Sumatera Utara","ADM2_EN":"Simalungun","latitude":2.97702448,"longitude":99.03323495},"type":"Feature"},{"geometry":{"coordinates":[[[[96.66509,2.12018],[96.68495,2.08258],[96.64841,2.05634],[96.62876,2.062],[96.61194,2.08257],[96.61347,2.11146],[96.66509,2.12018]]],[[[96.63463,2.18639],[96.66196,2.16658],[96.65789,2.15576],[96.63611,2.14939],[96.60835,2.18197],[96.63463,2.18639]]],[[[96.49389,2.43589],[96.51635,2.4271],[96.50997,2.41482],[96.47952,2.42482],[96.49389,2.43589]]],[[[96.4996,2.41414],[96.50255,2.41183],[96.49914,2.41325],[96.4996,2.41414]]],[[[95.80514,2.92983],[95.80201,2.90708],[95.81668,2.91421],[95.83809,2.88449],[95.83286,2.91323],[95.87068,2.91473],[95.90336,2.89637],[95.91627,2.86933],[95.91049,2.84741],[95.8815,2.87291],[95.87057,2.86995],[95.88103,2.85982],[95.86388,2.85893],[95.86451,2.84859],[95.88538,2.84417],[95.88065,2.82589],[95.90836,2.82857],[95.91481,2.84527],[95.93169,2.82402],[95.97232,2.81271],[96.00846,2.76596],[96.09882,2.75677],[96.08573,2.75482],[96.08424,2.73237],[96.09126,2.75005],[96.1319,2.73108],[96.13208,2.71986],[96.11236,2.7301],[96.1126,2.71461],[96.12872,2.70101],[96.14675,2.71301],[96.14254,2.69126],[96.14816,2.69395],[96.15165,2.68894],[96.12951,2.68248],[96.11247,2.68694],[96.11977,2.69021],[96.11907,2.69386],[96.09283,2.67678],[96.10249,2.67341],[96.10565,2.63666],[96.12371,2.63394],[96.12335,2.6481],[96.14345,2.65452],[96.14387,2.6359],[96.14619,2.63599],[96.14751,2.6413],[96.15326,2.64832],[96.1549,2.64773],[96.17801,2.61617],[96.19183,2.61725],[96.18387,2.65114],[96.16271,2.66854],[96.16307,2.67932],[96.22293,2.62021],[96.23978,2.61939],[96.25293,2.58567],[96.34984,2.54619],[96.34468,2.54248],[96.34403,2.53026],[96.33957,2.53026],[96.34538,2.52528],[96.33944,2.52417],[96.37078,2.51231],[96.36907,2.48838],[96.38241,2.47126],[96.39251,2.47475],[96.38407,2.45636],[96.4072,2.46062],[96.40422,2.51261],[96.42523,2.47736],[96.42766,2.49177],[96.45376,2.47613],[96.4987,2.36323],[96.44225,2.32771],[96.40706,2.33208],[96.38735,2.34899],[96.36735,2.33681],[96.34465,2.34124],[96.31405,2.35949],[96.33396,2.37191],[96.33564,2.38795],[96.31342,2.38554],[96.31281,2.4197],[96.22821,2.44181],[96.21597,2.46547],[96.16992,2.49036],[96.16055,2.51192],[96.1284,2.52019],[96.1196,2.54186],[96.07531,2.56979],[96.05748,2.56369],[96.04947,2.57931],[96.00752,2.59082],[95.99632,2.56584],[95.97987,2.58779],[95.94961,2.57025],[95.9177,2.59884],[95.88559,2.6032],[95.88881,2.61959],[95.86163,2.63749],[95.84442,2.63685],[95.83817,2.62275],[95.81881,2.64631],[95.79572,2.63041],[95.78966,2.67043],[95.75457,2.69987],[95.76305,2.71473],[95.72174,2.74139],[95.73351,2.7568],[95.70365,2.74726],[95.69214,2.77262],[95.71854,2.82539],[95.75025,2.83038],[95.77895,2.81792],[95.78169,2.832],[95.78791,2.82633],[95.79644,2.84225],[95.76477,2.8484],[95.76371,2.8805],[95.78402,2.92558],[95.80514,2.92983]]],[[[96.47741,2.44019],[96.4818,2.43317],[96.47566,2.43663],[96.47741,2.44019]]],[[[96.36541,2.66387],[96.39713,2.64492],[96.35238,2.65566],[96.36541,2.66387]]],[[[96.38168,2.52461],[96.37922,2.5152],[96.38743,2.51818],[96.39048,2.51039],[96.36286,2.52076],[96.38168,2.52461]]],[[[96.35934,2.54003],[96.35674,2.53735],[96.35569,2.53915],[96.35934,2.54003]]],[[[96.35347,2.5233],[96.35294,2.52059],[96.35103,2.5203],[96.35347,2.5233]]],[[[96.34764,2.53824],[96.35214,2.54064],[96.35344,2.53968],[96.34764,2.53824]]],[[[96.34627,2.53419],[96.35075,2.52937],[96.34474,2.53207],[96.34627,2.53419]]],[[[96.34986,2.54223],[96.34918,2.54164],[96.34869,2.5424],[96.34986,2.54223]]],[[[96.34579,2.52742],[96.34975,2.52609],[96.34975,2.52527],[96.34579,2.52742]]],[[[96.34675,2.54057],[96.345,2.53927],[96.34481,2.54025],[96.34675,2.54057]]],[[[96.34498,2.53435],[96.34447,2.53458],[96.34558,2.53548],[96.34498,2.53435]]],[[[96.3266,2.63929],[96.32637,2.63766],[96.32621,2.63975],[96.3266,2.63929]]],[[[96.30455,2.63027],[96.30541,2.62928],[96.30441,2.62989],[96.30455,2.63027]]],[[[96.25896,2.35971],[96.23535,2.34452],[96.21759,2.35891],[96.25554,2.37409],[96.25896,2.35971]]],[[[96.23208,2.41455],[96.22933,2.41414],[96.23117,2.41609],[96.23208,2.41455]]],[[[96.21973,2.6532],[96.21234,2.65083],[96.20972,2.65412],[96.21973,2.6532]]],[[[96.19189,2.35573],[96.20625,2.35552],[96.19425,2.34796],[96.19189,2.35573]]],[[[96.15304,2.66901],[96.15759,2.66282],[96.15199,2.66808],[96.15304,2.66901]]],[[[96.14732,2.67528],[96.14347,2.67488],[96.14425,2.6782],[96.14732,2.67528]]],[[[96.13383,2.7229],[96.13815,2.72367],[96.1388,2.71991],[96.13383,2.7229]]],[[[96.10402,2.74462],[96.12785,2.73995],[96.12941,2.73791],[96.12786,2.73443],[96.10402,2.74462]]],[[[96.10164,2.74818],[96.10479,2.74553],[96.09909,2.74889],[96.10164,2.74818]]],[[[96.00865,2.78265],[96.01399,2.77972],[96.00972,2.77901],[96.00865,2.78265]]],[[[95.9645,2.84513],[95.96061,2.84409],[95.96241,2.84754],[95.9645,2.84513]]],[[[95.96403,2.82746],[95.96158,2.82512],[95.96019,2.8281],[95.96403,2.82746]]],[[[95.93552,2.54245],[95.95976,2.52959],[95.95764,2.52339],[95.91656,2.52491],[95.93552,2.54245]]],[[[95.94181,2.85518],[95.9394,2.85228],[95.93977,2.85522],[95.94181,2.85518]]],[[[95.9294,2.86512],[95.92881,2.86111],[95.92653,2.8653],[95.9294,2.86512]]],[[[95.86957,2.6059],[95.86488,2.60871],[95.87248,2.614],[95.86957,2.6059]]],[[[95.78914,2.83607],[95.78683,2.83402],[95.7883,2.83649],[95.78914,2.83607]]],[[[95.78622,2.83714],[95.78445,2.83807],[95.78649,2.83826],[95.78622,2.83714]]],[[[95.77369,2.8403],[95.78098,2.83806],[95.78089,2.83615],[95.77369,2.8403]]],[[[95.76305,2.8354],[95.77163,2.83076],[95.76353,2.82887],[95.76305,2.8354]]],[[[95.76267,2.93146],[95.76098,2.92878],[95.76109,2.931],[95.76267,2.93146]]],[[[95.76221,2.89535],[95.76085,2.89047],[95.75704,2.89442],[95.76221,2.89535]]],[[[95.75956,2.90683],[95.75832,2.90547],[95.75809,2.90599],[95.75956,2.90683]]],[[[95.74182,2.71996],[95.73121,2.70176],[95.71339,2.71159],[95.74182,2.71996]]],[[[95.41254,3.01716],[95.40624,3.02019],[95.41283,3.01852],[95.41254,3.01716]]],[[[95.40643,2.97589],[95.39731,2.9676],[95.39085,2.98936],[95.40643,2.97589]]]],"type":"MultiPolygon"},"properties":{"ADM1_EN":"Aceh","ADM2_EN":"Simeulue","latitude":2.61330186,"longitude":96.08567398},"type":"Feature"},{"geometry":{"coordinates":[[[100.6785,-0.55146],[100.69856,-0.55528],[100.70727,-0.57392],[100.69704,-0.59435],[100.70321,-0.61671],[100.69068,-0.62862],[100.70997,-0.66062],[100.69583,-0.72422],[100.71409,-0.73452],[100.74664,-0.72392],[100.78906,-0.77013],[100.85002,-0.77929],[100.88798,-0.82488],[100.92516,-0.80674],[100.99227,-0.84927],[100.99905,-0.87575],[101.04103,-0.88027],[101.06884,-0.94869],[101.05269,-0.97297],[101.0697,-0.98638],[101.19544,-0.95225],[101.20261,-0.97804],[101.18824,-0.9875],[101.18163,-1.02863],[101.14573,-1.03489],[101.16231,-1.0591],[101.17659,-1.13444],[101.24544,-1.21375],[101.2339,-1.24641],[101.16745,-1.2275],[101.14879,-1.19536],[101.09337,-1.15009],[101.05868,-1.13346],[101.00701,-1.1332],[100.99665,-1.13576],[101.01921,-1.16875],[101.02211,-1.20172],[101.00893,-1.24113],[100.96448,-1.2782],[100.91149,-1.29023],[100.87597,-1.32046],[100.85902,-1.29792],[100.83696,-1.3056],[100.82056,-1.28171],[100.8001,-1.28257],[100.80898,-1.24488],[100.80048,-1.203],[100.77419,-1.16007],[100.73675,-1.15379],[100.7365,-1.1181],[100.72065,-1.09633],[100.7009,-1.09052],[100.6374,-1.10994],[100.62152,-1.09583],[100.62082,-1.06109],[100.58569,-1.07361],[100.55829,-1.04572],[100.53607,-0.95099],[100.56512,-0.89648],[100.53131,-0.84448],[100.54256,-0.81777],[100.63615,-0.7952],[100.67506,-0.80835],[100.67263,-0.76888],[100.68888,-0.74652],[100.64288,-0.74451],[100.6269,-0.77029],[100.57079,-0.78674],[100.54137,-0.80908],[100.50452,-0.78632],[100.50251,-0.75679],[100.4791,-0.75246],[100.47769,-0.73443],[100.45614,-0.72904],[100.44173,-0.66416],[100.43,-0.65684],[100.48579,-0.65897],[100.52051,-0.6355],[100.54388,-0.66809],[100.56152,-0.67188],[100.56207,-0.69098],[100.58649,-0.69751],[100.59869,-0.68579],[100.57172,-0.6084],[100.59949,-0.55469],[100.61249,-0.55951],[100.63723,-0.53841],[100.66632,-0.53461],[100.67932,-0.53821],[100.6785,-0.55146]]],"type":"Polygon"},"properties":{"ADM1_EN":"Sumatera Barat","ADM2_EN":"Solok","latitude":-0.96242511,"longitude":100.8187208},"type":"Feature"},{"geometry":{"coordinates":[[[101.45502,-1.04364],[101.40302,-1.159],[101.41933,-1.19415],[101.44949,-1.21014],[101.44732,-1.24119],[101.46649,-1.25975],[101.46761,-1.28238],[101.52377,-1.30403],[101.51447,-1.33828],[101.58598,-1.32605],[101.67094,-1.39069],[101.62687,-1.41103],[101.60735,-1.43752],[101.55888,-1.44537],[101.55558,-1.46287],[101.5257,-1.48571],[101.53922,-1.51317],[101.50844,-1.57244],[101.44007,-1.62834],[101.42837,-1.6786],[101.4112,-1.6721],[101.39718,-1.68966],[101.33548,-1.68678],[101.30884,-1.70118],[101.26727,-1.69607],[101.23258,-1.7241],[101.21514,-1.7241],[101.19715,-1.71059],[101.19038,-1.67765],[101.16885,-1.71066],[101.12058,-1.67598],[101.0678,-1.6592],[101.06272,-1.63469],[101.01733,-1.60588],[101.02017,-1.5655],[100.98311,-1.5254],[100.97752,-1.4867],[100.9351,-1.46408],[100.9417,-1.42289],[100.89522,-1.39016],[100.91043,-1.37354],[100.89669,-1.3313],[100.8783,-1.31531],[100.91149,-1.29023],[100.96448,-1.2782],[101.01381,-1.23405],[101.02102,-1.17543],[100.99665,-1.13576],[101.05868,-1.13346],[101.14879,-1.19536],[101.16745,-1.2275],[101.23301,-1.2469],[101.24544,-1.21375],[101.17659,-1.13444],[101.16827,-1.10213],[101.19555,-1.10792],[101.23233,-1.15108],[101.26123,-1.14069],[101.30813,-1.14567],[101.35071,-1.13146],[101.34352,-1.04467],[101.40494,-1.03773],[101.42939,-1.00479],[101.45578,-1.01502],[101.45502,-1.04364]]],"type":"Polygon"},"properties":{"ADM1_EN":"Sumatera Barat","ADM2_EN":"Solok Selatan","latitude":-1.40635645,"longitude":101.2525787},"type":"Feature"},{"geometry":{"coordinates":[[[100.54075,-0.2844],[100.57952,-0.28837],[100.58,-0.30888],[100.60086,-0.31407],[100.608,-0.35224],[100.66172,-0.3493],[100.67392,-0.32494],[100.75435,-0.36623],[100.77375,-0.36043],[100.77782,-0.34656],[100.82578,-0.35222],[100.83704,-0.39307],[100.81876,-0.43456],[100.81647,-0.48788],[100.8406,-0.49462],[100.85114,-0.52448],[100.81347,-0.54059],[100.79774,-0.56465],[100.78497,-0.54943],[100.77988,-0.56161],[100.73167,-0.55358],[100.70727,-0.57392],[100.69856,-0.55528],[100.6777,-0.55433],[100.67792,-0.53668],[100.63723,-0.53841],[100.61727,-0.55754],[100.59949,-0.55469],[100.57172,-0.6084],[100.54327,-0.55322],[100.49573,-0.5354],[100.48328,-0.54468],[100.48547,-0.57489],[100.52051,-0.6355],[100.48579,-0.65897],[100.43104,-0.65729],[100.43042,-0.63724],[100.37563,-0.62192],[100.4163,-0.60219],[100.41913,-0.58282],[100.38777,-0.54475],[100.3929,-0.49109],[100.3206,-0.47879],[100.31341,-0.44413],[100.32311,-0.41119],[100.33327,-0.39209],[100.38112,-0.38394],[100.46933,-0.39028],[100.5096,-0.30344],[100.54075,-0.2844]],[[100.39873,-0.45003],[100.36783,-0.47903],[100.43333,-0.48874],[100.43246,-0.46281],[100.39873,-0.45003]]],"type":"Polygon"},"properties":{"ADM1_EN":"Sumatera Barat","ADM2_EN":"Tanah Datar","latitude":-0.46053825,"longitude":100.5860473},"type":"Feature"},{"geometry":{"coordinates":[[[[104.56025,-5.11349],[104.60694,-5.15453],[104.63714,-5.15047],[104.66868,-5.17279],[104.69939,-5.16721],[104.72798,-5.13316],[104.75111,-5.1321],[104.76681,-5.14925],[104.78339,-5.14234],[104.79454,-5.17099],[104.77947,-5.16426],[104.76353,-5.18173],[104.7742,-5.21352],[104.76108,-5.25273],[104.79353,-5.28026],[104.81037,-5.31806],[104.85784,-5.34375],[104.86383,-5.38473],[104.87273,-5.37986],[104.90356,-5.41063],[104.8895,-5.42676],[104.9065,-5.45649],[104.89544,-5.48714],[104.87926,-5.49579],[104.89217,-5.54657],[105.00282,-5.59664],[105.07669,-5.67285],[105.09356,-5.67344],[105.08331,-5.72609],[105.11838,-5.77209],[105.17209,-5.78099],[105.17188,-5.80088],[105.15076,-5.80864],[105.12775,-5.79871],[105.1168,-5.7754],[105.08866,-5.7953],[105.10837,-5.7727],[105.08948,-5.77469],[105.09372,-5.75644],[105.07441,-5.75289],[105.06348,-5.76443],[105.05423,-5.74389],[105.02876,-5.75262],[105.02687,-5.72785],[105.01236,-5.7328],[105.006,-5.71708],[104.96259,-5.71853],[104.95091,-5.69352],[104.93731,-5.7023],[104.90601,-5.67601],[104.92895,-5.66559],[104.88489,-5.66557],[104.82873,-5.62136],[104.77667,-5.60454],[104.70709,-5.52115],[104.60898,-5.50008],[104.60672,-5.49092],[104.56739,-5.50639],[104.53042,-5.54437],[104.54599,-5.55457],[104.56414,-5.60185],[104.63953,-5.68573],[104.65528,-5.72637],[104.64484,-5.74265],[104.71048,-5.83114],[104.69822,-5.87758],[104.73305,-5.92737],[104.65664,-5.93528],[104.65747,-5.90004],[104.63366,-5.8405],[104.65418,-5.82045],[104.61472,-5.79867],[104.58745,-5.75511],[104.61302,-5.74922],[104.61151,-5.71731],[104.6292,-5.6945],[104.57057,-5.62559],[104.53256,-5.62019],[104.53959,-5.602],[104.5096,-5.58556],[104.48773,-5.5466],[104.44075,-5.5232],[104.4139,-5.48203],[104.41098,-5.4555],[104.34898,-5.38157],[104.38185,-5.32971],[104.4102,-5.20319],[104.40587,-5.16873],[104.43907,-5.17448],[104.44122,-5.16223],[104.53289,-5.10713],[104.56025,-5.11349]]],[[[104.78277,-5.76558],[104.85071,-5.80106],[104.85475,-5.84024],[104.81439,-5.82477],[104.78277,-5.76558]]]],"type":"MultiPolygon"},"properties":{"ADM1_EN":"Lampung","ADM2_EN":"Tanggamus","latitude":-5.4358634,"longitude":104.6752099},"type":"Feature"},{"geometry":{"coordinates":[[[103.53519,-0.80495],[103.5576,-0.83504],[103.54985,-0.85623],[103.57406,-0.87523],[103.56053,-0.90674],[103.56599,-0.94157],[103.54357,-0.96655],[103.54909,-0.97806],[103.47576,-1.02763],[103.44112,-1.06927],[103.4357,-1.19537],[103.40177,-1.22823],[103.26054,-1.23126],[103.26216,-1.33255],[103.24665,-1.36108],[103.22039,-1.34423],[103.16886,-1.3861],[103.14756,-1.3678],[103.11782,-1.39962],[103.0598,-1.38849],[103.071,-1.40403],[103.05191,-1.41574],[103.04245,-1.45168],[103.0283,-1.43688],[102.96142,-1.42025],[102.89302,-1.36968],[102.82364,-1.39565],[102.82264,-1.41814],[102.81106,-1.42115],[102.78001,-1.30771],[102.75676,-1.2707],[102.69995,-1.24058],[102.68447,-1.1911],[102.64632,-1.13766],[102.64939,-1.11865],[102.67156,-1.11002],[102.68566,-1.08451],[102.73199,-1.07684],[102.7332,-1.05406],[102.7566,-1.0456],[102.75811,-1.02772],[102.78178,-1.03307],[102.77371,-1.01384],[102.78342,-0.99847],[102.92805,-0.86749],[103.00858,-0.75815],[103.13891,-0.74917],[103.34525,-0.7929],[103.3572,-0.80669],[103.43972,-0.77124],[103.44276,-0.73871],[103.45573,-0.73329],[103.48197,-0.75505],[103.48837,-0.79656],[103.53519,-0.80495]]],"type":"Polygon"},"properties":{"ADM1_EN":"Jambi","ADM2_EN":"Tanjung Jabung Barat","latitude":-1.07107005,"longitude":103.1133107},"type":"Feature"},{"geometry":{"coordinates":[[[[103.59299,-0.87596],[103.67409,-0.9513],[103.7117,-0.95109],[103.74255,-0.97467],[103.7504,-0.98475],[103.74701,-0.99334],[103.74728,-1.00655],[103.74768,-1.01132],[103.75309,-1.01827],[103.74064,-1.01486],[103.72881,-1.02865],[103.75351,-1.01984],[103.74985,-0.99178],[103.80218,-0.99391],[103.80864,-1.01434],[103.84291,-1.00857],[103.84891,-1.02875],[103.84422,-1.00788],[103.90846,-0.9819],[104.03091,-1.00172],[104.13455,-1.05053],[104.17282,-1.05012],[104.18029,-1.03628],[104.20507,-1.0315],[104.33363,-1.04804],[104.36415,-1.01876],[104.3914,-1.06635],[104.40613,-1.12653],[104.39278,-1.21661],[104.4561,-1.33333],[104.458,-1.4258],[104.44332,-1.45801],[104.43998,-1.5158],[104.46988,-1.62707],[104.49796,-1.67294],[104.4527,-1.63322],[104.4076,-1.62544],[104.35847,-1.64286],[104.32086,-1.61668],[104.29734,-1.57105],[104.25383,-1.549],[104.17092,-1.44632],[104.11109,-1.34165],[104.0728,-1.30269],[103.58461,-1.38251],[103.58319,-1.33748],[103.55961,-1.33086],[103.55222,-1.30698],[103.51127,-1.32106],[103.45669,-1.31901],[103.39302,-1.26626],[103.34627,-1.26572],[103.3469,-1.22878],[103.40177,-1.22823],[103.4357,-1.19537],[103.44112,-1.06927],[103.47576,-1.02763],[103.54909,-0.97806],[103.54374,-0.96587],[103.56599,-0.94157],[103.56819,-0.88183],[103.59299,-0.87596]]],[[[104.40787,-0.86319],[104.40394,-0.86134],[104.409,-0.85951],[104.40787,-0.86319]]]],"type":"MultiPolygon"},"properties":{"ADM1_EN":"Jambi","ADM2_EN":"Tanjung Jabung Timur","latitude":-1.21982064,"longitude":103.9673523},"type":"Feature"},{"geometry":{"coordinates":[[[[99.4595,2.12644],[99.51163,2.12329],[99.52257,2.09133],[99.5508,2.07841],[99.54627,2.06194],[99.56583,2.02952],[99.54502,1.95178],[99.55524,1.92134],[99.57636,1.90967],[99.54808,1.86329],[99.57079,1.81052],[99.55064,1.71753],[99.51142,1.72626],[99.47745,1.70218],[99.46451,1.67218],[99.43943,1.66371],[99.43489,1.62516],[99.45416,1.59272],[99.42931,1.57463],[99.39062,1.57215],[99.4382,1.51806],[99.40357,1.48363],[99.39979,1.41362],[99.36647,1.43246],[99.34584,1.42896],[99.39083,1.31444],[99.41921,1.27843],[99.43101,1.18622],[99.51021,1.1308],[99.4435,1.11188],[99.42799,1.09229],[99.42427,1.07156],[99.4455,1.03898],[99.44343,0.98202],[99.43186,0.97569],[99.3764,1.02269],[99.33628,1.02442],[99.27652,1.09549],[99.26145,1.05302],[99.24052,1.04206],[99.22103,1.04449],[99.21042,1.08084],[99.18729,1.09593],[99.13259,1.11058],[99.11804,1.10108],[99.13863,1.1592],[99.04959,1.20454],[99.02952,1.27207],[99.0146,1.27043],[98.99186,1.29924],[98.97057,1.29995],[98.95209,1.32844],[98.92686,1.3218],[98.90573,1.29233],[98.88827,1.30037],[98.86782,1.27922],[98.85264,1.286],[98.84232,1.30082],[98.85442,1.31491],[98.83722,1.35448],[98.77968,1.43157],[98.84294,1.43086],[98.832,1.45111],[98.85607,1.46743],[98.90256,1.43928],[98.98492,1.44682],[98.98293,1.45836],[98.96189,1.46001],[99.01198,1.48182],[99.01374,1.49796],[98.98828,1.52247],[99.05705,1.643],[99.05174,1.70012],[99.07761,1.69882],[99.11635,1.64894],[99.14277,1.6399],[99.23307,1.71819],[99.267,1.76079],[99.28773,1.83734],[99.31187,1.83021],[99.34658,1.85353],[99.33939,1.90448],[99.36465,1.93691],[99.45757,1.95518],[99.44986,2.08104],[99.4595,2.12644]],[[99.23991,1.46915],[99.22577,1.45566],[99.22175,1.4096],[99.24659,1.36284],[99.27807,1.3581],[99.31047,1.3039],[99.34932,1.3116],[99.30827,1.3876],[99.3058,1.40646],[99.32575,1.40411],[99.30184,1.4386],[99.29869,1.46668],[99.23991,1.46915]]],[[[99.43555,1.47686],[99.44432,1.44522],[99.43544,1.4321],[99.4189,1.44688],[99.42306,1.47649],[99.43555,1.47686]]],[[[99.32404,1.30954],[99.32438,1.30949],[99.32401,1.30952],[99.32404,1.30954]]]],"type":"MultiPolygon"},"properties":{"ADM1_EN":"Sumatera Utara","ADM2_EN":"Tapanuli Selatan","latitude":1.49275162,"longitude":99.25806494},"type":"Feature"},{"geometry":{"coordinates":[[[[98.26571,2.2638],[98.26581,2.22112],[98.27978,2.22252],[98.28277,2.20899],[98.27543,2.188],[98.30382,2.16132],[98.33368,2.15991],[98.38627,2.11853],[98.4497,2.09266],[98.55394,2.07404],[98.59199,2.08303],[98.61281,2.01782],[98.64442,2.00341],[98.65532,2.01806],[98.71633,1.96338],[98.78328,1.9518],[98.78849,1.86154],[98.81582,1.86855],[98.84233,1.82416],[98.87203,1.80209],[98.89178,1.75441],[98.98529,1.77192],[98.98354,1.71256],[98.96955,1.67836],[98.97731,1.66179],[98.99318,1.66067],[99.01007,1.69232],[99.05273,1.7132],[99.06182,1.69917],[99.05166,1.69918],[99.05705,1.643],[98.98828,1.52247],[99.01374,1.49796],[99.01198,1.48182],[98.96189,1.46001],[98.98293,1.45836],[98.98492,1.44682],[98.90256,1.43928],[98.85607,1.46743],[98.832,1.45111],[98.84294,1.43086],[98.77968,1.43157],[98.76469,1.49465],[98.71203,1.56444],[98.73113,1.56825],[98.76625,1.52849],[98.78263,1.58093],[98.80729,1.56788],[98.79554,1.58347],[98.80068,1.5979],[98.82057,1.6009],[98.84011,1.62912],[98.83806,1.64773],[98.81875,1.66125],[98.82542,1.67777],[98.8114,1.68923],[98.79479,1.68283],[98.78174,1.70095],[98.78488,1.72247],[98.80858,1.72952],[98.79481,1.7564],[98.76872,1.75638],[98.7411,1.78232],[98.72779,1.77452],[98.70714,1.78555],[98.69793,1.77091],[98.67862,1.77441],[98.66892,1.76973],[98.70226,1.76921],[98.71792,1.75376],[98.73164,1.76666],[98.73603,1.72037],[98.68506,1.73448],[98.60688,1.83922],[98.56203,1.86878],[98.54322,1.90712],[98.447,1.99966],[98.37724,2.01652],[98.35695,2.00332],[98.36875,2.01809],[98.33999,2.04636],[98.31008,2.03324],[98.28331,2.04284],[98.26614,2.02672],[98.27162,2.04561],[98.26093,2.06416],[98.1305,2.16597],[98.1788,2.23991],[98.17247,2.25061],[98.19707,2.3117],[98.26571,2.2638]]],[[[98.4821,1.70343],[98.50543,1.68137],[98.49191,1.65602],[98.53437,1.641],[98.54509,1.68185],[98.57168,1.67059],[98.57076,1.64805],[98.58708,1.6659],[98.58615,1.64571],[98.61088,1.61332],[98.58476,1.62458],[98.56376,1.61519],[98.5381,1.63349],[98.50031,1.62409],[98.46019,1.63723],[98.44152,1.66962],[98.45597,1.70202],[98.4821,1.70343]]],[[[98.54918,1.853],[98.54338,1.84782],[98.54417,1.85327],[98.54918,1.853]]],[[[98.4975,1.93484],[98.49567,1.93697],[98.49939,1.93846],[98.4975,1.93484]]],[[[98.18306,2.09481],[98.17482,2.09216],[98.17894,2.0981],[98.18306,2.09481]]]],"type":"MultiPolygon"},"properties":{"ADM1_EN":"Sumatera Utara","ADM2_EN":"Tapanuli Tengah","latitude":1.83389917,"longitude":98.65973923},"type":"Feature"},{"geometry":{"coordinates":[[[[98.9467,2.35684],[98.97844,2.33843],[98.98714,2.34696],[99.00246,2.25309],[99.08433,2.27216],[99.10266,2.25506],[99.13775,2.25662],[99.16015,2.23606],[99.19878,2.23092],[99.21206,2.21292],[99.208,2.18633],[99.24742,2.12724],[99.29189,2.11169],[99.33442,2.12332],[99.38956,2.16914],[99.43568,2.12383],[99.45949,2.12626],[99.44535,2.02566],[99.4572,1.95458],[99.36465,1.93691],[99.33939,1.90448],[99.34658,1.85353],[99.31187,1.83021],[99.28773,1.83734],[99.25799,1.74432],[99.14277,1.6399],[99.11635,1.64894],[99.05162,1.71414],[99.01007,1.69232],[98.99318,1.66067],[98.97731,1.66179],[98.96955,1.67836],[98.98354,1.71256],[98.98529,1.77192],[98.89178,1.75441],[98.87203,1.80209],[98.84233,1.82416],[98.81582,1.86855],[98.78849,1.86154],[98.78598,1.94929],[98.72748,1.95789],[98.67807,1.98801],[98.72503,2.12617],[98.81652,2.1611],[98.81105,2.18813],[98.92164,2.22933],[98.94068,2.26247],[98.97243,2.27253],[98.95387,2.32129],[98.85651,2.33879],[98.86611,2.35088],[98.90496,2.33437],[98.91173,2.34896],[98.9467,2.35684]]],[[[98.89655,2.38197],[98.91119,2.35365],[98.89866,2.3466],[98.88413,2.36336],[98.89655,2.38197]]]],"type":"MultiPolygon"},"properties":{"ADM1_EN":"Sumatera Utara","ADM2_EN":"Tapanuli Utara","latitude":1.98976534,"longitude":99.06973806},"type":"Feature"},{"geometry":{"coordinates":[[[102.00777,-0.8786],[102.04794,-0.8971],[102.06237,-0.88952],[102.11708,-0.92097],[102.13931,-0.89941],[102.165,-0.89873],[102.18767,-0.91804],[102.18789,-0.94247],[102.20359,-0.94853],[102.25433,-0.92154],[102.30864,-0.91828],[102.32633,-0.96334],[102.38623,-0.99338],[102.37538,-1.00577],[102.38245,-1.02669],[102.44252,-1.02545],[102.48194,-1.07992],[102.54337,-1.08285],[102.55861,-1.09732],[102.61681,-1.09463],[102.64957,-1.11852],[102.64632,-1.13766],[102.68447,-1.1911],[102.69995,-1.24058],[102.76742,-1.28625],[102.8248,-1.45263],[102.82313,-1.49877],[102.80234,-1.5395],[102.80532,-1.57851],[102.74448,-1.68937],[102.70651,-1.70447],[102.71397,-1.71825],[102.69575,-1.72423],[102.68699,-1.77391],[102.66227,-1.8157],[102.59749,-1.87604],[102.56344,-1.88063],[102.52066,-1.85731],[102.50806,-1.87095],[102.50973,-1.91187],[102.4595,-1.89734],[102.46973,-1.85953],[102.45978,-1.80045],[102.51401,-1.71472],[102.49673,-1.6866],[102.5081,-1.69467],[102.52991,-1.65759],[102.51858,-1.63858],[102.48903,-1.64605],[102.47996,-1.56984],[102.31947,-1.57163],[102.30946,-1.55892],[102.32317,-1.50264],[102.29622,-1.45765],[102.25532,-1.47838],[102.21194,-1.47461],[102.18723,-1.4503],[102.15286,-1.45981],[102.12408,-1.42217],[102.09808,-1.41843],[102.07714,-1.39493],[102.03891,-1.39537],[101.90157,-1.35362],[101.87518,-1.32195],[101.87235,-1.30543],[101.90533,-1.25902],[101.96206,-1.252],[101.97189,-1.21455],[101.95257,-1.21453],[101.94534,-1.19697],[101.97204,-1.15462],[101.96263,-1.15307],[101.96584,-1.13828],[101.9393,-1.14536],[101.94314,-1.12989],[101.91456,-1.14023],[101.89056,-1.12159],[101.88672,-1.13763],[101.89292,-1.10256],[101.8789,-1.09377],[101.86783,-1.11109],[101.85176,-1.09949],[101.83699,-1.11031],[101.82473,-1.0875],[101.82199,-0.99577],[101.85925,-0.96545],[101.90716,-0.95056],[101.92787,-0.90518],[101.95906,-0.9097],[101.97772,-0.88284],[102.00777,-0.8786]]],"type":"Polygon"},"properties":{"ADM1_EN":"Jambi","ADM2_EN":"Tebo","latitude":-1.31020035,"longitude":102.3612754},"type":"Feature"},{"geometry":{"coordinates":[[[98.9248,2.65381],[98.95817,2.64714],[98.96097,2.61392],[98.97478,2.60257],[99.04232,2.63367],[99.09806,2.57293],[99.16137,2.56804],[99.18111,2.55259],[99.18368,2.53294],[99.21361,2.52375],[99.23035,2.54478],[99.25544,2.54065],[99.30389,2.57427],[99.30876,2.55411],[99.32655,2.56617],[99.38633,2.56382],[99.42566,2.59759],[99.41535,2.56054],[99.45851,2.6008],[99.4429,2.56247],[99.46121,2.55082],[99.4506,2.5018],[99.41919,2.46],[99.50308,2.39528],[99.5196,2.39943],[99.50984,2.41413],[99.52402,2.46025],[99.51983,2.35125],[99.58279,2.3281],[99.58481,2.31301],[99.54891,2.30692],[99.53699,2.24809],[99.48203,2.24269],[99.41711,2.2134],[99.40919,2.18283],[99.36937,2.14361],[99.29189,2.11169],[99.24742,2.12724],[99.208,2.18633],[99.21206,2.21292],[99.19878,2.23092],[99.16015,2.23606],[99.13775,2.25662],[99.10266,2.25506],[99.08433,2.27216],[99.00246,2.25309],[98.98925,2.33711],[98.99912,2.32146],[99.02826,2.36395],[99.05755,2.33502],[99.10575,2.36143],[99.10585,2.35926],[99.11058,2.35064],[99.11399,2.37594],[99.14754,2.38464],[99.15449,2.41965],[99.12999,2.43795],[99.09888,2.40596],[99.04834,2.39558],[99.04172,2.41001],[99.05852,2.44286],[99.03352,2.52388],[99.01136,2.52816],[98.99346,2.55053],[98.9888,2.54167],[98.98031,2.56097],[98.97347,2.55326],[98.96559,2.56557],[98.94834,2.56396],[98.92399,2.58581],[98.92651,2.60798],[98.91546,2.59855],[98.9085,2.63018],[98.9248,2.65381]],[[99.11158,2.34846],[99.11234,2.34677],[99.11173,2.34812],[99.11158,2.34846]]],"type":"Polygon"},"properties":{"ADM1_EN":"Sumatera Utara","ADM2_EN":"Toba Samosir","latitude":2.37973398,"longitude":99.26420807},"type":"Feature"},{"geometry":{"coordinates":[[[[104.92923,-4.19248],[104.96731,-4.17178],[105.01309,-4.17373],[105.04257,-4.13851],[105.07339,-4.17499],[105.06886,-4.21788],[105.11094,-4.2037],[105.10766,-4.22392],[105.13077,-4.211],[105.14411,-4.2225],[105.14401,-4.20129],[105.20419,-4.17005],[105.23068,-4.18883],[105.21369,-4.22818],[105.19037,-4.23433],[105.19038,-4.2696],[105.16356,-4.26926],[105.15824,-4.29553],[105.20033,-4.30177],[105.20423,-4.34897],[105.23109,-4.34348],[105.23064,-4.36033],[105.20816,-4.35514],[105.20016,-4.37199],[105.24361,-4.38968],[105.24005,-4.41234],[105.26731,-4.445],[105.24756,-4.47264],[105.21945,-4.44818],[105.18725,-4.47473],[105.19587,-4.48616],[105.16085,-4.49642],[105.17403,-4.51419],[105.17572,-4.56295],[105.20327,-4.58358],[105.2004,-4.61302],[105.17848,-4.61789],[105.18238,-4.63885],[105.15592,-4.67713],[105.13831,-4.67969],[105.14301,-4.70474],[105.12699,-4.72734],[105.06931,-4.70855],[105.03499,-4.66829],[104.99947,-4.65991],[104.98576,-4.55871],[104.96731,-4.52788],[104.94363,-4.53061],[104.97943,-4.44784],[105.02016,-4.47003],[105.04804,-4.47094],[105.06415,-4.46484],[105.0673,-4.43499],[105.04847,-4.40044],[105.0355,-4.41059],[105.02953,-4.4009],[105.01708,-4.41065],[104.98665,-4.40439],[104.99523,-4.27075],[104.94209,-4.22988],[104.92923,-4.19248]]],[[[104.92912,-4.1925],[104.9288,-4.19261],[104.9283,-4.19261],[104.92912,-4.1925]]]],"type":"MultiPolygon"},"properties":{"ADM1_EN":"Lampung","ADM2_EN":"Tulang Bawang Barat","latitude":-4.42481856,"longitude":105.0920581},"type":"Feature"},{"geometry":{"coordinates":[[[105.77674,-4.11252],[105.81565,-4.13489],[105.82701,-4.18677],[105.81814,-4.27476],[105.82649,-4.3462],[105.85879,-4.37793],[105.85257,-4.40684],[105.89161,-4.44044],[105.91311,-4.43701],[105.89919,-4.48898],[105.9053,-4.55047],[105.8845,-4.59009],[105.8909,-4.61913],[105.91669,-4.64417],[105.89849,-4.68491],[105.85266,-4.67621],[105.85812,-4.63477],[105.83909,-4.62077],[105.81079,-4.65321],[105.78175,-4.63398],[105.77885,-4.60527],[105.80495,-4.58492],[105.79402,-4.57987],[105.79295,-4.5517],[105.771,-4.55259],[105.77118,-4.52926],[105.74895,-4.52097],[105.7375,-4.53563],[105.71325,-4.53104],[105.68142,-4.48509],[105.64611,-4.50894],[105.64333,-4.48115],[105.62776,-4.48698],[105.62083,-4.51776],[105.58922,-4.51454],[105.58127,-4.53529],[105.57142,-4.51923],[105.5343,-4.52063],[105.53521,-4.50932],[105.4922,-4.48262],[105.41203,-4.51855],[105.37908,-4.51647],[105.3281,-4.57559],[105.31262,-4.57913],[105.28657,-4.62211],[105.26326,-4.6224],[105.26198,-4.63555],[105.24463,-4.64045],[105.20914,-4.63465],[105.20327,-4.58358],[105.17572,-4.56295],[105.17403,-4.51419],[105.16085,-4.49642],[105.16661,-4.50097],[105.19587,-4.48616],[105.18725,-4.47473],[105.21945,-4.44818],[105.24756,-4.47264],[105.26731,-4.445],[105.24005,-4.41234],[105.24361,-4.38968],[105.20016,-4.37199],[105.20816,-4.35514],[105.23064,-4.36033],[105.23252,-4.34559],[105.20423,-4.34897],[105.20033,-4.30177],[105.1594,-4.29726],[105.15847,-4.27387],[105.19038,-4.2696],[105.19037,-4.23433],[105.21369,-4.22818],[105.2269,-4.18342],[105.2779,-4.18934],[105.31209,-4.15908],[105.36495,-4.16252],[105.36592,-4.12966],[105.42532,-4.11913],[105.42383,-4.16149],[105.46773,-4.15992],[105.46829,-4.13472],[105.50454,-4.1311],[105.50447,-4.16137],[105.60169,-4.19281],[105.60696,-4.2189],[105.65388,-4.21732],[105.65499,-4.19588],[105.75759,-4.19405],[105.75299,-4.14712],[105.77674,-4.11252]]],"type":"Polygon"},"properties":{"ADM1_EN":"Lampung","ADM2_EN":"Tulangbawang","latitude":-4.37276221,"longitude":105.5319381},"type":"Feature"},{"geometry":{"coordinates":[[[104.92793,-4.19234],[104.94209,-4.22988],[104.99523,-4.27075],[104.98624,-4.40364],[105.05636,-4.40623],[105.06415,-4.46484],[105.02016,-4.47003],[104.98067,-4.44693],[104.94169,-4.53333],[104.90652,-4.55275],[104.87423,-4.5438],[104.84378,-4.56809],[104.82328,-4.56686],[104.82112,-4.58361],[104.78295,-4.58522],[104.74176,-4.56009],[104.69548,-4.55539],[104.69882,-4.59664],[104.6448,-4.63249],[104.63809,-4.65555],[104.60611,-4.68164],[104.63078,-4.70215],[104.61773,-4.71713],[104.64514,-4.75283],[104.62016,-4.82426],[104.55072,-4.8302],[104.54755,-4.86589],[104.50089,-4.95499],[104.47998,-4.93237],[104.44181,-4.94422],[104.41087,-4.86564],[104.3528,-4.87458],[104.34125,-4.86632],[104.37169,-4.81791],[104.34822,-4.82362],[104.32878,-4.81233],[104.29482,-4.7126],[104.31573,-4.69188],[104.28795,-4.69866],[104.29515,-4.64628],[104.33429,-4.60545],[104.31351,-4.5226],[104.33335,-4.50027],[104.32815,-4.46126],[104.34857,-4.39815],[104.37858,-4.37412],[104.38415,-4.34752],[104.41201,-4.33702],[104.43718,-4.30408],[104.47186,-4.31132],[104.48349,-4.29138],[104.49161,-4.29802],[104.53663,-4.25996],[104.59107,-4.24317],[104.62102,-4.21288],[104.63043,-4.22318],[104.62307,-4.24241],[104.64933,-4.24612],[104.66256,-4.26143],[104.71687,-4.26349],[104.76219,-4.24469],[104.79281,-4.26467],[104.81849,-4.24138],[104.87442,-4.23398],[104.87628,-4.21768],[104.92793,-4.19234]]],"type":"Polygon"},"properties":{"ADM1_EN":"Lampung","ADM2_EN":"Way Kanan","latitude":-4.51645229,"longitude":104.6144902},"type":"Feature"}],"name":"sumatera","type":"FeatureCollection"}